run,type,module,name,attrname,attrvalue,vectime,vecvalue
SAFA-LOW_SIGN-0-20230525-21:57:05-777964,runattr,,,configname,SAFA-LOW_SIGN,,
SAFA-LOW_SIGN-0-20230525-21:57:05-777964,runattr,,,datetime,20230525-21:57:05,,
SAFA-LOW_SIGN-0-20230525-21:57:05-777964,runattr,,,datetimef,20230525-215705,,
SAFA-LOW_SIGN-0-20230525-21:57:05-777964,runattr,,,experiment,SAFA-LOW_SIGN,,
SAFA-LOW_SIGN-0-20230525-21:57:05-777964,runattr,,,inifile,omnetpp.ini,,
SAFA-LOW_SIGN-0-20230525-21:57:05-777964,runattr,,,iterationvars,,,
SAFA-LOW_SIGN-0-20230525-21:57:05-777964,runattr,,,iterationvarsd,,,
SAFA-LOW_SIGN-0-20230525-21:57:05-777964,runattr,,,iterationvarsf,,,
SAFA-LOW_SIGN-0-20230525-21:57:05-777964,runattr,,,measurement,,,
SAFA-LOW_SIGN-0-20230525-21:57:05-777964,runattr,,,network,GridFlexeScenario,,
SAFA-LOW_SIGN-0-20230525-21:57:05-777964,runattr,,,processid,777964,,
SAFA-LOW_SIGN-0-20230525-21:57:05-777964,runattr,,,repetition,0,,
SAFA-LOW_SIGN-0-20230525-21:57:05-777964,runattr,,,replication,#0,,
SAFA-LOW_SIGN-0-20230525-21:57:05-777964,runattr,,,resultdir,results,,
SAFA-LOW_SIGN-0-20230525-21:57:05-777964,runattr,,,runnumber,0,,
SAFA-LOW_SIGN-0-20230525-21:57:05-777964,runattr,,,seedset,0,,
SAFA-LOW_SIGN-0-20230525-21:57:05-777964,config,,,image-path,../../../../veins-veins-5.2/images,,
SAFA-LOW_SIGN-0-20230525-21:57:05-777964,config,,,*.manager.launchConfig,"xmldoc(""seeds/60_0.launchd.xml"")",,
SAFA-LOW_SIGN-0-20230525-21:57:05-777964,config,,,*.rsu[*].applType,"""SAFARSU11p""",,
SAFA-LOW_SIGN-0-20230525-21:57:05-777964,config,,,*.rsu[*].appl.C,0.1,,
SAFA-LOW_SIGN-0-20230525-21:57:05-777964,config,,,*.rsu[*].appl.lagTolerance,1,,
SAFA-LOW_SIGN-0-20230525-21:57:05-777964,config,,,*.rsu[*].appl.roundDeadlineTime,10.0,,
SAFA-LOW_SIGN-0-20230525-21:57:05-777964,config,,,*.rsu[*].appl.address,"""127.0.0.1:5077""",,
SAFA-LOW_SIGN-0-20230525-21:57:05-777964,config,,,*.node[*].appl.address,"""127.0.0.1:5077""",,
SAFA-LOW_SIGN-0-20230525-21:57:05-777964,config,,,*.node[*].appl.epochs,1,,
SAFA-LOW_SIGN-0-20230525-21:57:05-777964,config,,,*.rsu[*].appl.modelName,"""./results/IID_SIGN_GRID_SAFA_LOW/model_""",,
SAFA-LOW_SIGN-0-20230525-21:57:05-777964,config,,,*.node[*].appl.modelName,"""./results/IID_SIGN_GRID_SAFA_LOW/model_""",,
SAFA-LOW_SIGN-0-20230525-21:57:05-777964,config,,,cmdenv-express-mode,true,,
SAFA-LOW_SIGN-0-20230525-21:57:05-777964,config,,,cmdenv-autoflush,true,,
SAFA-LOW_SIGN-0-20230525-21:57:05-777964,config,,,cmdenv-status-frequency,1s,,
SAFA-LOW_SIGN-0-20230525-21:57:05-777964,config,,,**.cmdenv-log-level,info,,
SAFA-LOW_SIGN-0-20230525-21:57:05-777964,config,,,repeat,1,,
SAFA-LOW_SIGN-0-20230525-21:57:05-777964,config,,,seed-set,0,,
SAFA-LOW_SIGN-0-20230525-21:57:05-777964,config,,,image-path,../../images,,
SAFA-LOW_SIGN-0-20230525-21:57:05-777964,config,,,network,GridFlexeScenario,,
SAFA-LOW_SIGN-0-20230525-21:57:05-777964,config,,,debug-on-errors,true,,
SAFA-LOW_SIGN-0-20230525-21:57:05-777964,config,,,print-undisposed,true,,
SAFA-LOW_SIGN-0-20230525-21:57:05-777964,config,,,sim-time-limit,200s,,
SAFA-LOW_SIGN-0-20230525-21:57:05-777964,config,,,**.scalar-recording,true,,
SAFA-LOW_SIGN-0-20230525-21:57:05-777964,config,,,**.vector-recording,true,,
SAFA-LOW_SIGN-0-20230525-21:57:05-777964,config,,,*.playgroundSizeX,1000m,,
SAFA-LOW_SIGN-0-20230525-21:57:05-777964,config,,,*.playgroundSizeY,1000m,,
SAFA-LOW_SIGN-0-20230525-21:57:05-777964,config,,,*.playgroundSizeZ,50m,,
SAFA-LOW_SIGN-0-20230525-21:57:05-777964,config,,,*.annotations.draw,true,,
SAFA-LOW_SIGN-0-20230525-21:57:05-777964,config,,,*.manager.updateInterval,1s,,
SAFA-LOW_SIGN-0-20230525-21:57:05-777964,config,,,*.manager.host,"""localhost""",,
SAFA-LOW_SIGN-0-20230525-21:57:05-777964,config,,,*.manager.port,9999,,
SAFA-LOW_SIGN-0-20230525-21:57:05-777964,config,,,*.manager.autoShutdown,true,,
SAFA-LOW_SIGN-0-20230525-21:57:05-777964,config,,,*.manager.launchConfig,"xmldoc(""seeds/20_0.launchd.xml"")",,
SAFA-LOW_SIGN-0-20230525-21:57:05-777964,config,,,*.rsu[0].mobility.x,500,,
SAFA-LOW_SIGN-0-20230525-21:57:05-777964,config,,,*.rsu[0].mobility.y,500,,
SAFA-LOW_SIGN-0-20230525-21:57:05-777964,config,,,*.rsu[0].mobility.z,3,,
SAFA-LOW_SIGN-0-20230525-21:57:05-777964,config,,,*.rsu[*].appl.cloudModuleName,"""cloud[0]""",,
SAFA-LOW_SIGN-0-20230525-21:57:05-777964,config,,,*.rsu[*].appl.modelName,"""./results/IID_CIFAR10_GRID_FEDCS_20/model_""",,
SAFA-LOW_SIGN-0-20230525-21:57:05-777964,config,,,*.rsu[*].appl.epochs,1,,
SAFA-LOW_SIGN-0-20230525-21:57:05-777964,config,,,*.rsu[*].appl.batchSize,64,,
SAFA-LOW_SIGN-0-20230525-21:57:05-777964,config,,,*.rsu[*].appl.headerLength,80 bit,,
SAFA-LOW_SIGN-0-20230525-21:57:05-777964,config,,,*.rsu[*].appl.sendBeacons,false,,
SAFA-LOW_SIGN-0-20230525-21:57:05-777964,config,,,*.rsu[*].appl.dataOnSch,false,,
SAFA-LOW_SIGN-0-20230525-21:57:05-777964,config,,,*.rsu[*].appl.beaconUserPriority,7,,
SAFA-LOW_SIGN-0-20230525-21:57:05-777964,config,,,*.rsu[*].appl.dataUserPriority,5,,
SAFA-LOW_SIGN-0-20230525-21:57:05-777964,config,,,*.rsu[*].appl.roundDeadlineTime,10.0,,
SAFA-LOW_SIGN-0-20230525-21:57:05-777964,config,,,*.rsu[*].nic.phy80211p.antennaOffsetZ,0 m,,
SAFA-LOW_SIGN-0-20230525-21:57:05-777964,config,,,*.connectionManager.sendDirect,true,,
SAFA-LOW_SIGN-0-20230525-21:57:05-777964,config,,,*.connectionManager.maxInterfDist,2600m,,
SAFA-LOW_SIGN-0-20230525-21:57:05-777964,config,,,*.connectionManager.drawMaxIntfDist,false,,
SAFA-LOW_SIGN-0-20230525-21:57:05-777964,config,,,*.**.nic.mac1609_4.useServiceChannel,false,,
SAFA-LOW_SIGN-0-20230525-21:57:05-777964,config,,,*.node[*].nic.mac1609_4.txPower,15mW,,
SAFA-LOW_SIGN-0-20230525-21:57:05-777964,config,,,*.node[*].nic.mac1609_4.bitrate,6Mbps,,
SAFA-LOW_SIGN-0-20230525-21:57:05-777964,config,,,*.node[*].nic.phy80211p.minPowerLevel,-86dBm,,
SAFA-LOW_SIGN-0-20230525-21:57:05-777964,config,,,*.rsu[*].nic.mac1609_4.txPower,20mW,,
SAFA-LOW_SIGN-0-20230525-21:57:05-777964,config,,,*.rsu[*].nic.mac1609_4.bitrate,6Mbps,,
SAFA-LOW_SIGN-0-20230525-21:57:05-777964,config,,,*.rsu[*].nic.phy80211p.minPowerLevel,-110dBm,,
SAFA-LOW_SIGN-0-20230525-21:57:05-777964,config,,,*.**.nic.phy80211p.useNoiseFloor,true,,
SAFA-LOW_SIGN-0-20230525-21:57:05-777964,config,,,*.**.nic.phy80211p.noiseFloor,-98dBm,,
SAFA-LOW_SIGN-0-20230525-21:57:05-777964,config,,,*.**.nic.phy80211p.decider,"xmldoc(""config_no_obstacle.xml"")",,
SAFA-LOW_SIGN-0-20230525-21:57:05-777964,config,,,*.**.nic.phy80211p.analogueModels,"xmldoc(""config_no_obstacle.xml"")",,
SAFA-LOW_SIGN-0-20230525-21:57:05-777964,config,,,*.**.nic.phy80211p.usePropagationDelay,true,,
SAFA-LOW_SIGN-0-20230525-21:57:05-777964,config,,,*.**.nic.phy80211p.antenna,"xmldoc(""antenna.xml"", ""/root/Antenna[@id='monopole']"")",,
SAFA-LOW_SIGN-0-20230525-21:57:05-777964,config,,,*.node[*].nic.phy80211p.antennaOffsetY,0 m,,
SAFA-LOW_SIGN-0-20230525-21:57:05-777964,config,,,*.node[*].nic.phy80211p.antennaOffsetZ,1.895 m,,
SAFA-LOW_SIGN-0-20230525-21:57:05-777964,config,,,*.node[*].applType,"""MLApp""",,
SAFA-LOW_SIGN-0-20230525-21:57:05-777964,config,,,*.node[*].appl.headerLength,80 bit,,
SAFA-LOW_SIGN-0-20230525-21:57:05-777964,config,,,*.node[*].appl.sendBeacons,true,,
SAFA-LOW_SIGN-0-20230525-21:57:05-777964,config,,,*.node[*].appl.dataOnSch,false,,
SAFA-LOW_SIGN-0-20230525-21:57:05-777964,config,,,*.node[*].appl.beaconInterval,1s,,
SAFA-LOW_SIGN-0-20230525-21:57:05-777964,config,,,*.node[*].appl.modelName,"""./results/IID_CIFAR10_GRID_FEDCS_20/model_""",,
SAFA-LOW_SIGN-0-20230525-21:57:05-777964,config,,,*.node[*].appl.epochs,1,,
SAFA-LOW_SIGN-0-20230525-21:57:05-777964,config,,,*.node[*].appl.batchSize,64,,
SAFA-LOW_SIGN-0-20230525-21:57:05-777964,config,,,*.node[*].appl.sendTrainInterval,5.0,,
SAFA-LOW_SIGN-0-20230525-21:57:05-777964,config,,,*.node[*].veinsmobility.x,0,,
SAFA-LOW_SIGN-0-20230525-21:57:05-777964,config,,,*.node[*].veinsmobility.y,0,,
SAFA-LOW_SIGN-0-20230525-21:57:05-777964,config,,,*.node[*].veinsmobility.z,0,,
SAFA-LOW_SIGN-0-20230525-21:57:05-777964,vector,GridFlexeScenario.node[0].veinsmobility,posx,,,"1 2 3 4 5 6 7 8 9 10 11 12 13 14 15 16 17 18 19 20 21 22 23 24 25 26 27 28 29 30 31 32 33 34 35 36 37 38 39 40 41 42 43 44 45 46 47 48 49 50 51 52 53 54 55 56 57 58 59 60 61 62 63 64 65 66 67 68 69 70 71 72 73 74 75 76 77 78 79 80 81 82 83 84 85 86 87 88 89 90 91 92 93 94 95 96 97","315.15 313.19591968209 308.77562855475 301.94874197645 292.74562773076 281.99686079451 268.74525761208 253.2871477815 241.77087031204 234.33421230432 230.80487278819 225.30276508123 223.35 223.35 223.35 223.35 223.35 223.35 223.35 223.35 223.35 223.35 223.35 223.35 223.35 223.35 223.35 223.35 223.35 223.35 223.35 223.35 223.66478176042 236.85854755459 251.21207633935 266.56834351613 280.96319306135 295.57974995562 307.13272594134 315.45224699561 319.27176804987 325.52028701186 333.97324746924 344.84640674474 357.78935916471 372.37690136143 387.4799355532 401.27729173108 411.56661290497 417.55191455286 424.94476846897 434.08595793969 444.98374555855 458.30211783423 472.78454946584 487.40820536367 502.30058325034 512.69296113701 518.58533902368 526.33680063363 536.67958932485 548.88275367465 563.56880719268 578.54797773373 593.87097071796 606.43413626963 615.47556694795 620.01699762627 620.0991251845 620.1360455805 622.5524758886 626.41996525755 632.43655683411 640.32295549668 650.576939481 662.42959595361 676.3007067466 690.72603799923 704.45625830231 713.68647860539 718.81830549255 725.46474719439 733.75888547394 744.33619242063 757.15094653558 771.81884044796 786.61546737586 801.64555283044 812.17563828502 818.29945613984 826.07744215028 836.25593226473 848.44679836692 863.23597663493 877.45340204713 892.73449640667 908.04002409177"
SAFA-LOW_SIGN-0-20230525-21:57:05-777964,vector,GridFlexeScenario.node[0].veinsmobility,posy,,,"1 2 3 4 5 6 7 8 9 10 11 12 13 14 15 16 17 18 19 20 21 22 23 24 25 26 27 28 29 30 31 32 33 34 35 36 37 38 39 40 41 42 43 44 45 46 47 48 49 50 51 52 53 54 55 56 57 58 59 60 61 62 63 64 65 66 67 68 69 70 71 72 73 74 75 76 77 78 79 80 81 82 83 84 85 86 87 88 89 90 91 92 93 94 95 96 97","223.35 223.35 223.35 223.35 223.35 223.35 223.35 223.35 223.35 223.35 223.35 224.73834095126 232.02878126583 242.04731562968 254.3936217182 268.27232994434 283.70547750757 299.1679504459 314.20348677347 329.58021164698 343.86812511021 358.36386797116 372.77037864573 387.64454930594 402.06069792004 417.47383736054 432.33369599778 447.35309036637 462.55740968869 478.03900655779 492.31619031925 507.79768007903 522.45347232293 526.65 526.65 526.65 526.65 526.65 526.65 526.65 526.65 526.65 526.65 526.65 526.65 526.65 526.65 526.65 526.65 526.65 526.65 526.65 526.65 526.65 526.65 526.65 526.65 526.65 526.65 526.65 526.65 526.65 526.65 526.65 526.65 526.65 526.65 526.65 526.65 526.65 526.65 526.65 526.65 526.65 526.65 526.65 526.65 526.65 526.65 526.65 526.65 526.65 526.65 526.65 526.65 526.65 526.65 526.65 526.65 526.65 526.65 526.65 526.65 526.65 526.65 526.65 526.65"
SAFA-LOW_SIGN-0-20230525-21:57:05-777964,vector,GridFlexeScenario.node[1].veinsmobility,posx,,,"1 2 3 4 5 6 7 8 9 10 11 12 13 14 15 16 17 18 19 20 21 22 23 24 25 26 27 28 29 30 31 32 33 34 35 36 37 38 39 40 41 42 43 44 45 46 47 48 49 50 51 52 53 54 55 56 57 58 59 60 61 62 63 64 65 66 67 68 69 70 71 72 73 74 75 76 77 78 79 80 81 82 83 84","526.65 526.65 526.65 526.65 526.65 526.65 526.65 526.65 526.65 526.35361851828 514.56307000294 500.50401652374 486.97418927309 472.41637270547 458.17463166009 444.95227330901 435.49246594834 430.53265858768 424.09949446116 415.72920345913 405.21929191271 392.74200976418 379.45758847098 365.93586615822 352.20767419634 341.21542184619 334.34852555796 330.42470199105 324.21618095353 316.53493984536 306.36991836573 294.69026579752 280.90772447492 267.07607731637 252.82167384405 241.22270229586 233.46395190628 223.1623447173 210.84828867708 196.31268093466 182.32192382024 168.07836078935 154.11409522974 141.65722512481 133.70035501988 124.82596610159 123.35 123.35 123.35 123.35 123.35 123.35 123.35 123.35 123.35 123.35 123.35 123.35 123.35 123.35 123.35 123.35 123.35 123.35 123.35 123.35 123.35 123.35 123.35 123.35 123.35 123.35 123.35 123.35 123.35 123.35 120.70019640479 113.26689479954 103.91550568587 93.095514990112 80.894367354785 67.407712569327 53.51342902606 39.280204223553"
SAFA-LOW_SIGN-0-20230525-21:57:05-777964,vector,GridFlexeScenario.node[1].veinsmobility,posy,,,"1 2 3 4 5 6 7 8 9 10 11 12 13 14 15 16 17 18 19 20 21 22 23 24 25 26 27 28 29 30 31 32 33 34 35 36 37 38 39 40 41 42 43 44 45 46 47 48 49 50 51 52 53 54 55 56 57 58 59 60 61 62 63 64 65 66 67 68 69 70 71 72 73 74 75 76 77 78 79 80 81 82 83 84","615.15 612.87620070428 608.88714595304 602.35801576921 593.64615099148 583.21414733054 570.3841108154 555.86813264161 542.07638155162 527.67532962799 523.35 523.35 523.35 523.35 523.35 523.35 523.35 523.35 523.35 523.35 523.35 523.35 523.35 523.35 523.35 523.35 523.35 523.35 523.35 523.35 523.35 523.35 523.35 523.35 523.35 523.35 523.35 523.35 523.35 523.35 523.35 523.35 523.35 523.35 523.35 525.15672316401 535.74867832311 548.24905098401 561.8873517807 575.50399275016 589.05857655847 602.52563913749 616.0903092813 630.61513418741 644.57399757904 658.97619113243 673.13974328403 686.64463026186 701.16093831067 715.65658120478 729.9696985763 743.31605617391 757.48567782595 771.40823771654 785.16255228254 798.78197701692 813.14078708824 827.27823380249 841.76529990717 855.75743863336 869.84345802176 883.79881845484 898.0456806224 908.81730467349 915.63373638068 919.20190015231 923.28710491404 923.35 923.35 923.35 923.35 923.35 923.35 923.35"
SAFA-LOW_SIGN-0-20230525-21:57:05-777964,vector,GridFlexeScenario.node[2].veinsmobility,posx,,,"1 2 3 4 5 6 7 8 9 10 11 12 13 14 15 16 17 18 19 20 21 22 23 24 25 26 27 28 29 30 31 32 33 34 35 36 37 38 39 40 41 42 43 44 45 46 47 48 49 50 51 52 53 54 55 56 57 58 59 60 61 62 63 64 65 66 67 68 69 70 71 72 73 74 75 76 77 78 79 80 81 82 83 84","434.85 436.736542447 440.4523868927 445.83848516394 452.72703796786 461.43199839029 471.62162950691 483.70291249293 497.28276822052 508.85409424452 515.94091431695 520.34901044865 525.91350380551 526.65 526.65 526.65 526.65 526.65 526.65 526.65 518.61742068211 504.02644614187 489.44902664716 474.28204120204 458.79676408072 445.88757088429 436.82593084989 431.62154474996 426.65 426.65 426.65 426.65 426.65 426.65 426.65 426.65 426.65 426.65 426.65 426.65 426.65 426.65 426.65 426.65 426.65 426.65 426.65 426.65 426.65 426.65 426.65 426.65 426.65 426.65 426.65 426.65 426.65 426.65 426.65 426.65 426.65 426.65 426.65 426.65 426.65 426.65 426.65 426.65 426.65 426.65 431.11203797513 441.58440556732 454.36366081401 466.50913340521 479.11833802335 491.15741327449 504.07614523734 515.92390405437 523.35 523.35 523.35 523.35 523.35 523.35"
SAFA-LOW_SIGN-0-20230525-21:57:05-777964,vector,GridFlexeScenario.node[2].veinsmobility,posy,,,"1 2 3 4 5 6 7 8 9 10 11 12 13 14 15 16 17 18 19 20 21 22 23 24 25 26 27 28 29 30 31 32 33 34 35 36 37 38 39 40 41 42 43 44 45 46 47 48 49 50 51 52 53 54 55 56 57 58 59 60 61 62 63 64 65 66 67 68 69 70 71 72 73 74 75 76 77 78 79 80 81 82 83 84","726.65 726.65 726.65 726.65 726.65 726.65 726.65 726.65 726.65 726.65 726.65 726.63585565019 723.61082699081 715.30637790229 705.17033401459 692.52131154521 677.40675790068 662.57487284358 647.90004939892 633.07478982396 623.35 623.35 623.35 623.35 623.35 623.35 623.35 623.35 620.21666398756 611.23485206019 600.37164366589 587.30670408676 572.4253681093 556.98535423109 542.32637710924 527.08070775926 512.67750230355 497.73360499568 482.74111965893 467.19084419139 451.56758571714 436.60973800456 422.0952379562 407.57245684963 392.00089068896 377.37525071616 361.78968504672 346.95340991158 331.88468220601 317.40770226032 302.52917637245 287.72077677812 273.15150972478 258.05354414824 242.93381737063 227.79742185853 212.76627183441 197.35830317267 182.39440134547 167.98046745893 153.34709080547 138.49359345277 123.64945316633 108.82197109263 94.449984144843 79.692066863003 65.146746889144 50.551228667137 39.235750518098 32.420272369059 26.65 26.65 26.65 26.65 26.65 26.65 26.65 26.65 34.650737369784 49.066609716668 63.724351351187 78.689890465639 94.196152518368 109.301033936"
SAFA-LOW_SIGN-0-20230525-21:57:05-777964,vector,GridFlexeScenario.node[3].veinsmobility,posx,,,"1 2 3 4 5 6 7 8 9 10 11 12 13 14 15 16 17 18 19 20 21 22 23 24 25 26 27 28 29 30 31 32 33 34 35 36 37 38 39 40 41 42 43 44 45 46 47 48 49 50 51 52 53","126.65 126.65 126.65 126.65 126.65 126.65 126.65 126.65 126.65 126.65 127.74711978202 139.56735261992 151.86154208436 163.89530419156 175.90232889922 187.90139782265 200.24685548387 210.87697849878 217.0071015137 223.34715219329 223.35 223.35 223.35 223.35 223.35 223.35 223.35 226.77639055462 238.96371133812 252.09281608203 264.32207384884 277.13040085752 289.0934728513 301.66544794088 311.50377993121 317.06319216188 325.2158974977 335.11163581817 346.81222502751 359.2672457381 372.39526361502 385.50248653602 398.261092732 409.37485476105 416.21651861339 425.13836319477 436.18658033796 448.92319183566 461.14121244584 473.76487063301 485.7090816004 498.59328565062 510.99410949456"
SAFA-LOW_SIGN-0-20230525-21:57:05-777964,vector,GridFlexeScenario.node[3].veinsmobility,posy,,,"1 2 3 4 5 6 7 8 9 10 11 12 13 14 15 16 17 18 19 20 21 22 23 24 25 26 27 28 29 30 31 32 33 34 35 36 37 38 39 40 41 42 43 44 45 46 47 48 49 50 51 52 53","315.15 313.67288797984 310.63646408601 305.37041794725 297.95482061864 288.03445658574 276.77520348467 264.63020776755 252.13037109504 239.58170179384 227.2351034673 226.65 226.65 226.65 226.65 226.65 226.65 226.65 226.65 229.72961569936 240.47420815845 252.33087477332 264.69451116125 277.70240204419 290.1508435539 302.49703192995 315.08978634839 326.14583433277 326.65 326.65 326.65 326.65 326.65 326.65 326.65 326.65 326.65 326.65 326.65 326.65 326.65 326.65 326.65 326.65 326.65 326.65 326.65 326.65 326.65 326.65 326.65 326.65 326.65"
SAFA-LOW_SIGN-0-20230525-21:57:05-777964,vector,GridFlexeScenario.node[4].veinsmobility,posx,,,"1 2 3 4 5 6 7 8 9 10 11 12 13 14 15 16 17 18 19 20 21 22 23 24 25 26 27 28 29 30 31 32 33 34 35 36 37 38 39 40 41 42 43 44 45 46 47 48 49 50 51 52 53 54 55 56 57 58 59 60 61 62 63 64 65 66 67 68 69 70 71 72 73","423.35 423.35 423.35 423.35 423.35 423.35 423.35 423.35 423.35 423.35 425.10022507677 436.51516502487 448.91456615078 461.24112528307 474.12449168872 486.99226121094 498.66784993653 510.16202086562 517.1561917947 520.05677430276 522.97205747174 526.33636947651 526.65 526.65 526.65 526.65 526.65 526.65 526.65 526.65 526.65 526.65 526.65 526.65 526.65 526.65 526.65 526.65 526.65 526.65 526.65 526.65 526.65 526.65 526.65 526.65 526.65 526.65 526.65 526.65 526.65 526.65 526.65 526.65 526.65 526.65 526.65 526.65 526.65 526.65 526.65 526.65 526.65 526.65 524.90842930282 517.78764424956 507.9818610633 496.26499031058 484.35499719906 472.6409101813 459.71802334547 447.19142577145 435.43467742454"
SAFA-LOW_SIGN-0-20230525-21:57:05-777964,vector,GridFlexeScenario.node[4].veinsmobility,posy,,,"1 2 3 4 5 6 7 8 9 10 11 12 13 14 15 16 17 18 19 20 21 22 23 24 25 26 27 28 29 30 31 32 33 34 35 36 37 38 39 40 41 42 43 44 45 46 47 48 49 50 51 52 53 54 55 56 57 58 59 60 61 62 63 64 65 66 67 68 69 70 71 72 73","434.85 436.44728316392 440.25617682182 446.63809294912 454.97704216964 465.09224868903 477.23153577854 489.21141116251 501.08324682358 513.38850813704 525.14013504606 526.65 526.65 526.65 526.65 526.65 526.65 526.65 526.65 526.65 526.26113464689 522.4454136644 515.77843800669 506.77381092766 496.28222051298 483.74085747314 471.63267018657 459.88272153099 448.21733928451 436.05510027747 423.7132358184 411.12643707573 399.39501203662 387.55311079333 375.48387401955 363.72804275168 350.78437892187 338.6965422212 326.25419378454 313.62340487863 300.8557892235 288.81885908773 275.93959939851 263.6180247893 250.85853557051 239.1289624807 227.08963114583 214.52684330602 201.78280577122 189.96645777342 177.08094541343 165.41758841923 152.60095949184 140.17022586908 127.3102929609 115.33642449227 102.38771327641 89.742908486145 77.990325702689 65.928608321762 53.793564972138 42.531810543699 34.336992095778 30.459358475193 24.865057581694 23.35 23.35 23.35 23.35 23.35 23.35 23.35 23.35"
SAFA-LOW_SIGN-0-20230525-21:57:05-777964,vector,GridFlexeScenario.node[5].veinsmobility,posx,,,"1 2 3 4 5 6 7 8 9 10 11 12 13 14 15 16 17 18 19 20 21 22 23 24 25 26 27 28 29 30 31 32 33 34 35 36 37 38 39 40 41 42 43 44 45 46 47 48 49 50 51 52 53 54 55 56 57 58 59 60 61 62 63 64 65 66 67 68 69 70 71 72 73","523.35 523.35 523.35 523.35 523.35 523.35 523.35 523.35 523.35 523.35 529.75374096271 543.20548747071 556.70878866165 570.24215305913 582.87640461673 595.54257279545 607.19560658568 615.08454247239 618.97139529369 619.83715297258 620.03091518775 622.75634709914 626.02224858438 626.65 626.65 626.65 626.65 626.65 626.65 626.65 626.65 626.65 626.65 626.65 626.65 626.65 626.65 626.65 626.65 626.65 626.65 626.65 626.65 626.65 626.65 626.65 630.87908277147 643.63050193239 656.46906480759 669.48542742786 682.0358569584 694.65215495676 707.25328694271 715.35441892867 719.33571690026 725.03270435359 733.02559264328 742.67995574201 753.83693688441 767.0152028413 779.82538799111 793.2723851513 806.08864300971 814.40490086813 818.81116457666 825.10949322952 826.65 826.65 826.65 826.65 826.65 826.65 826.65"
SAFA-LOW_SIGN-0-20230525-21:57:05-777964,vector,GridFlexeScenario.node[5].veinsmobility,posy,,,"1 2 3 4 5 6 7 8 9 10 11 12 13 14 15 16 17 18 19 20 21 22 23 24 25 26 27 28 29 30 31 32 33 34 35 36 37 38 39 40 41 42 43 44 45 46 47 48 49 50 51 52 53 54 55 56 57 58 59 60 61 62 63 64 65 66 67 68 69 70 71 72 73","634.85 636.92000686792 641.51803788266 647.69097355623 656.09041248553 666.50439565382 679.12329282102 692.15088484295 705.05184037931 717.75394368833 726.65 726.65 726.65 726.65 726.65 726.65 726.65 726.65 726.65 726.65 726.65 726.29195041441 723.4295856927 717.3018499051 708.93112741086 698.37484335813 686.34176481456 672.73899249631 659.22876942975 646.44340173375 633.73877011918 620.80626512051 607.42704305383 594.7037950033 581.60740036064 568.55811884612 556.07475737563 542.50512660926 529.39783630608 515.98523598008 502.34063041658 489.56075708727 476.19112904006 463.25591039316 449.74173993115 436.72232042523 426.65 426.65 426.65 426.65 426.65 426.65 426.65 426.65 426.65 426.65 426.65 426.65 426.65 426.65 426.65 426.65 426.65 426.65 426.65 424.95084461747 416.3776533546 405.74040311981 392.80408604148 379.41211354612 366.06085406127 352.38550596751 339.73599981256"
SAFA-LOW_SIGN-0-20230525-21:57:05-777964,vector,GridFlexeScenario.node[6].veinsmobility,posx,,,"1 2 3 4 5 6 7 8 9 10 11 12 13 14 15 16 17 18 19 20 21 22 23 24 25 26 27 28 29 30 31 32 33 34 35 36 37 38 39 40 41 42 43 44 45 46 47 48 49 50 51 52 53 54 55 56 57 58 59 60 61 62 63 64 65 66 67 68 69","123.35 123.35 123.35 123.35 123.35 123.35 123.35 123.35 123.35 123.35 132.9947419167 147.12685783077 161.29372766617 174.72938929832 188.80850489029 203.01301236317 212.88232454011 218.65082051066 225.77752097949 226.65 226.65 226.65 226.65 226.65 226.65 226.65 233.45171645538 247.26073127288 260.436232555 274.76749247282 288.19765999527 302.07902030159 312.05218458965 318.00867041708 326.08616397239 336.19564186772 347.9158979299 361.68518867292 374.95857789519 388.51998865188 402.70599273337 412.9738699383 418.74174714323 426.57386447084 435.85673996951 446.68379612377 459.42328888005 473.22367011509 487.13740144184 500.47485060022 511.09428539003 517.84535877616 525.95213046167 536.44719080881 549.44038404169 563.31572781109 576.79060456087 590.49926969195 604.2124860486 613.78575425212 618.85902245563 626.1162600206 635.78708400003 647.7944490391 662.03121224802 675.54215474444 688.84041176253 701.99328781827 715.60568263407"
SAFA-LOW_SIGN-0-20230525-21:57:05-777964,vector,GridFlexeScenario.node[6].veinsmobility,posy,,,"1 2 3 4 5 6 7 8 9 10 11 12 13 14 15 16 17 18 19 20 21 22 23 24 25 26 27 28 29 30 31 32 33 34 35 36 37 38 39 40 41 42 43 44 45 46 47 48 49 50 51 52 53 54 55 56 57 58 59 60 61 62 63 64 65 66 67 68 69","734.85 737.2495883059 741.28711201297 747.58232619599 755.78367917372 766.56608469998 778.75411910939 792.0075413537 806.38844505251 819.56876247964 826.65 826.65 826.65 826.65 826.65 826.65 826.65 826.65 823.83746503418 814.46805486702 803.29339068135 790.51955009328 776.46969188453 762.39753737369 748.8791510881 734.81041178559 726.65 726.65 726.65 726.65 726.65 726.65 726.65 726.65 726.65 726.65 726.65 726.65 726.65 726.65 726.65 726.65 726.65 726.65 726.65 726.65 726.65 726.65 726.65 726.65 726.65 726.65 726.65 726.65 726.65 726.65 726.65 726.65 726.65 726.65 726.65 726.65 726.65 726.65 726.65 726.65 726.65 726.65 726.65"
SAFA-LOW_SIGN-0-20230525-21:57:05-777964,vector,GridFlexeScenario.node[7].veinsmobility,posx,,,"1 2 3 4 5 6 7 8 9 10 11 12 13 14 15 16 17 18 19 20 21 22 23 24 25 26 27 28 29 30 31 32 33 34 35 36 37 38 39 40 41 42 43 44 45 46 47 48 49 50 51 52 53 54 55 56 57 58 59 60","526.65 526.65 526.65 526.65 526.65 526.65 526.65 526.65 526.65 526.65 526.07968388751 512.97460616918 498.7094489294 485.31336896912 471.34760535748 457.58183321741 444.6661166939 436.25040017038 431.89006317337 425.14290604405 416.96073742276 406.66327903622 394.41192758344 380.82560146346 366.93561905372 353.15523865187 342.17837974788 334.56348020382 330.19163887192 326.65 326.65 326.65 326.65 326.65 326.65 326.65 326.65 326.65 326.65 326.65 326.65 326.65 326.65 326.65 326.65 326.65 326.65 326.65 326.65 326.65 326.65 326.65 325.3810076441 316.19925972428 304.3534083736 290.36254649312 276.41355260146 262.34369378662 248.97999172669 235.29470437538"
SAFA-LOW_SIGN-0-20230525-21:57:05-777964,vector,GridFlexeScenario.node[7].veinsmobility,posy,,,"1 2 3 4 5 6 7 8 9 10 11 12 13 14 15 16 17 18 19 20 21 22 23 24 25 26 27 28 29 30 31 32 33 34 35 36 37 38 39 40 41 42 43 44 45 46 47 48 49 50 51 52 53 54 55 56 57 58 59 60","415.15 413.16585830918 409.78595229872 404.79746492475 397.94592761686 389.45605206152 379.36685730671 367.86801481785 354.41758678092 339.96385913748 326.66613981252 323.35 323.35 323.35 323.35 323.35 323.35 323.35 323.35 323.35 323.35 323.35 323.35 323.35 323.35 323.35 323.35 323.35 323.35 319.00306624884 310.85033824189 300.72312950549 288.66312993116 274.50392354262 260.95027243261 246.52804154009 232.46699309452 218.16942649324 203.70598013107 189.61244521754 175.97301562036 162.1654967464 148.41703099583 134.09310170115 120.82233133888 106.86667927263 92.88718629035 79.041515151444 65.041255879744 50.787717124144 40.472235128694 33.617603012764 25.501679406828 23.35 23.35 23.35 23.35 23.35 23.35 23.35"
SAFA-LOW_SIGN-0-20230525-21:57:05-777964,vector,GridFlexeScenario.node[8].veinsmobility,posx,,,"1 2 3 4 5 6 7 8 9 10 11 12 13 14 15 16 17 18 19 20 21 22 23 24 25 26 27 28 29 30 31 32 33 34 35 36 37 38 39 40 41 42 43 44 45 46 47 48 49 50 51 52 53 54 55 56 57 58 59 60 61 62 63 64 65 66 67 68 69 70 71 72 73 74 75 76 77 78 79 80 81 82 83 84 85 86 87 88 89 90 91 92 93 94 95 96 97 98 99 100 101","23.35 23.35 23.35 23.35 23.35 23.35 23.35 23.35 23.35 23.35 32.317624514241 45.770569479684 59.418545092247 73.795108906847 87.500474145294 101.77178058024 111.99450823658 117.75065754624 119.73343775893 120.12099349963 120.14407414923 120.14753524098 120.14828357467 122.61024637159 125.93289988417 126.65 126.65 126.65 126.65 126.65 126.65 126.65 126.65 126.65 126.65 126.65 126.65 126.65 126.65 126.65 133.50045159168 147.08026568333 160.92451293185 174.32411529303 188.08476718144 199.84403527337 210.17572478111 217.02877974756 225.70166316766 236.19463863016 248.44499065313 262.05664778927 276.56825471045 290.13120421589 303.34674702893 312.84757484765 317.84840266636 325.2954737342 334.29093684257 344.8554549572 356.81985948798 370.58488590764 384.89255740658 399.31259863238 410.44393220411 417.07526577584 425.35865316528 435.23013454859 446.41908644166 459.98334349148 473.67968807535 488.21566606811 502.20062631635 512.09671661225 517.49280690815 525.25806376946 534.75348494636 546.42373162764 560.33369241174 574.95443321679 588.52390038678 602.94639929292 612.86889819907 618.29139710521 625.3855754901 634.89679813629 645.79270217481 658.99261798094 673.54505586697 687.60727736703 702.05660196232 712.00592655761 717.85729925071 723.34462596424 723.35 723.35 723.35 723.35 723.35 723.35 723.35"
SAFA-LOW_SIGN-0-20230525-21:57:05-777964,vector,GridFlexeScenario.node[8].veinsmobility,posy,,,"1 2 3 4 5 6 7 8 9 10 11 12 13 14 15 16 17 18 19 20 21 22 23 24 25 26 27 28 29 30 31 32 33 34 35 36 37 38 39 40 41 42 43 44 45 46 47 48 49 50 51 52 53 54 55 56 57 58 59 60 61 62 63 64 65 66 67 68 69 70 71 72 73 74 75 76 77 78 79 80 81 82 83 84 85 86 87 88 89 90 91 92 93 94 95 96 97 98 99 100 101","534.85 536.57154915393 540.46785429304 546.9060335987 555.2822510069 565.8121736472 577.71655674623 591.3837142006 605.36566063726 619.69024667093 626.65 626.65 626.65 626.65 626.65 626.65 626.65 626.65 626.65 626.65 626.65 626.65 626.65 626.31282194692 623.57850019305 617.15822206009 609.05401704853 599.05831018266 587.16662099152 572.82894574257 559.38752826123 545.72991337643 531.63368576705 517.93176760519 503.60435889407 489.89738927754 475.58170990195 461.62850825477 448.07293669384 434.58327761098 426.65 426.65 426.65 426.65 426.65 426.65 426.65 426.65 426.65 426.65 426.65 426.65 426.65 426.65 426.65 426.65 426.65 426.65 426.65 426.65 426.65 426.65 426.65 426.65 426.65 426.65 426.65 426.65 426.65 426.65 426.65 426.65 426.65 426.65 426.65 426.65 426.65 426.65 426.65 426.65 426.65 426.65 426.65 426.65 426.65 426.65 426.65 426.65 426.65 426.65 426.65 426.65 426.65 429.71153321775 438.49744659443 449.57494882213 462.00524939094 475.74334761101 489.97423733781 504.19433042428 518.21599722748"
SAFA-LOW_SIGN-0-20230525-21:57:05-777964,vector,GridFlexeScenario.node[9].veinsmobility,posx,,,"1 2 3 4 5 6 7 8 9 10 11 12 13 14 15 16 17 18 19 20 21 22 23 24 25 26 27 28 29 30 31 32 33 34 35 36 37 38 39 40 41 42 43 44 45 46 47 48 49 50 51 52 53 54 55 56 57 58 59 60 61 62 63 64 65 66 67 68 69 70 71 72 73 74 75 76 77 78 79 80 81 82 83 84 85 86 87 88 89 90 91 92 93 94 95 96 97 98 99 100 101 102 103 104 105 106 107 108","534.85 536.80701785721 541.19610875696 547.88869161832 557.08458488865 566.8189009793 576.09241358743 585.64361688972 595.68218197568 605.25810453457 614.52387542669 619.2896463188 623.35 623.35 623.35 623.35 623.35 623.35 623.35 623.35 623.35 623.35 621.88104868406 612.45964355566 603.25788500297 594.17737183537 584.77717978686 574.81778927883 564.95800346074 555.93795561925 546.450018316 537.47844771981 531.50309621097 524.17676877906 514.64595626039 505.1044251274 496.17388865237 486.82904071154 477.32019313831 467.43536097628 457.62522096139 447.89978504434 438.26538106222 431.81485894838 423.31176156206 413.628211055 404.70305286319 395.31739855115 386.00475551643 376.5781001256 367.46310036774 357.74223303991 347.69475582977 337.99841529261 331.79607959181 323.32340855203 314.06614481484 305.22643279891 295.75478216133 286.05600438286 276.04402967546 266.32559909709 257.06332729075 247.52627981109 238.53363515127 232.24671433591 224.01850438111 215.16722394515 205.12574270665 196.25064147105 187.1219176685 178.31420691206 168.30168035757 158.51359161696 148.47140512354 139.19205201254 132.37934506134 124.70806737932 123.35 123.35 123.35 123.35 123.35 123.35 123.35 123.35 123.35 123.35 123.35 123.35 123.35 123.35 123.35 123.35 123.35 123.35 123.35 123.35 123.35 123.35 123.35 123.35 123.35 123.35 123.35 123.35 123.35 123.35"
SAFA-LOW_SIGN-0-20230525-21:57:05-777964,vector,GridFlexeScenario.node[9].veinsmobility,posy,,,"1 2 3 4 5 6 7 8 9 10 11 12 13 14 15 16 17 18 19 20 21 22 23 24 25 26 27 28 29 30 31 32 33 34 35 36 37 38 39 40 41 42 43 44 45 46 47 48 49 50 51 52 53 54 55 56 57 58 59 60 61 62 63 64 65 66 67 68 69 70 71 72 73 74 75 76 77 78 79 80 81 82 83 84 85 86 87 88 89 90 91 92 93 94 95 96 97 98 99 100 101 102 103 104 105 106 107 108","426.65 426.65 426.65 426.65 426.65 426.65 426.65 426.65 426.65 426.65 426.65 426.65 430.62476085676 439.43369001787 448.55046356705 458.07019631204 467.3079056027 476.25740119145 486.10132335983 495.00645230821 504.76785554647 514.54776186133 522.99341799626 523.35 523.35 523.35 523.35 523.35 523.35 523.35 523.35 523.35 523.35 523.35 523.35 523.35 523.35 523.35 523.35 523.35 523.35 523.35 523.35 523.35 523.35 523.35 523.35 523.35 523.35 523.35 523.35 523.35 523.35 523.35 523.35 523.35 523.35 523.35 523.35 523.35 523.35 523.35 523.35 523.35 523.35 523.35 523.35 523.35 523.35 523.35 523.35 523.35 523.35 523.35 523.35 523.35 523.35 525.35322103447 534.27817759289 543.49858809042 553.47749821075 562.57265886805 572.0653882003 582.016053179 591.41865198683 600.986730151 610.71044485948 620.23340669769 629.89617386689 639.78107196712 648.82131982521 658.13634323648 667.99512742494 677.61868306449 686.66874098192 696.43329302938 706.32486145891 716.13305675888 725.82562895296 734.86511242794 744.90480055356 754.48539265175 763.33482750013 772.79609916106 782.12055525861 792.14126869732 802.00968311122 811.96656082754"
SAFA-LOW_SIGN-0-20230525-21:57:05-777964,vector,GridFlexeScenario.node[10].veinsmobility,posx,,,"1 2 3 4 5 6 7 8 9 10 11 12 13 14 15 16 17 18 19 20 21 22 23 24 25 26 27 28 29 30 31 32 33 34","534.85 536.97536274923 540.6172777344 546.27262503058 553.36920054203 562.42089760518 572.82134426679 585.72348225026 599.82527850542 610.35656227756 616.80375598362 623.35 623.35 623.35 623.35 623.35 623.35 623.35 619.24766396051 604.09331921193 589.23172002247 575.14515920101 562.16181915722 551.07912404245 543.6467150553 535.40963876184 530.85099784275 526.65410433715 526.65 526.65 526.65 526.65 526.65 526.65"
SAFA-LOW_SIGN-0-20230525-21:57:05-777964,vector,GridFlexeScenario.node[10].veinsmobility,posy,,,"1 2 3 4 5 6 7 8 9 10 11 12 13 14 15 16 17 18 19 20 21 22 23 24 25 26 27 28 29 30 31 32 33 34","226.65 226.65 226.65 226.65 226.65 226.65 226.65 226.65 226.65 226.65 226.65 230.08247419363 240.9662193653 253.91785826194 268.47790721883 282.95559785628 297.57153515463 311.76195291656 323.35 323.35 323.35 323.35 323.35 323.35 323.35 323.35 323.35 320.27937841328 311.81409255776 301.32208523164 288.978914437 274.33335195678 259.12063213001 244.27805709563"
SAFA-LOW_SIGN-0-20230525-21:57:05-777964,vector,GridFlexeScenario.node[11].veinsmobility,posx,,,"1 2 3 4 5 6 7 8 9 10 11 12 13 14 15 16 17 18 19 20 21 22 23 24 25 26 27 28 29 30 31 32 33 34 35 36 37 38 39 40 41 42 43 44 45 46 47 48 49 50 51 52 53 54 55 56 57 58 59 60 61 62 63 64 65 66 67 68 69 70 71 72 73","734.85 737.20939329409 740.95778346551 746.07412384283 753.16029039507 762.42975958015 774.09847408705 786.23630827007 799.12672824218 810.00342347218 816.97933627671 823.35 823.35 823.35 823.35 823.35 823.35 823.35 823.35 817.0032298532 804.93307491618 792.12727114218 779.87775875464 766.85696292881 754.91620777145 743.30036615067 735.46943954111 731.29480581675 724.55497535719 715.49774182702 704.5861540792 692.4481064282 680.62529754164 667.91210659148 655.12553199608 642.93386253174 634.83084480405 630.3766927588 624.16574775521 615.7291763055 605.93664381729 594.73122448765 582.06545368439 570.00808090084 557.26409634289 544.88940976057 535.59479300585 530.80017625113 523.77468545728 514.57533059491 503.82366913489 490.94256239192 479.09642141108 467.02151003508 454.44974571168 441.75697314976 433.56420058785 424.47976529429 423.35 423.35 423.35 423.35 423.35 423.35 423.35 423.35 423.35 423.35 423.35 423.35 423.35 423.35 423.35"
SAFA-LOW_SIGN-0-20230525-21:57:05-777964,vector,GridFlexeScenario.node[11].veinsmobility,posy,,,"1 2 3 4 5 6 7 8 9 10 11 12 13 14 15 16 17 18 19 20 21 22 23 24 25 26 27 28 29 30 31 32 33 34 35 36 37 38 39 40 41 42 43 44 45 46 47 48 49 50 51 52 53 54 55 56 57 58 59 60 61 62 63 64 65 66 67 68 69 70 71 72 73","326.65 326.65 326.65 326.65 326.65 326.65 326.65 326.65 326.65 326.65 326.65 330.23269003143 341.08243953321 353.79211709871 366.74148331887 379.42259493662 391.89898621672 404.31711814191 416.23443749477 423.35 423.35 423.35 423.35 423.35 423.35 423.35 423.35 423.35 423.35 423.35 423.35 423.35 423.35 423.35 423.35 423.35 423.35 423.35 423.35 423.35 423.35 423.35 423.35 423.35 423.35 423.35 423.35 423.35 423.35 423.35 423.35 423.35 423.35 423.35 423.35 423.35 423.35 425.73372450952 437.80446165397 450.00530099168 462.97827922414 475.24328426732 487.2945473839 499.2941129003 512.3251441372 524.69335851687 537.103643908 549.5543596312 562.52989845547 574.70026905681 586.81239632075 599.6665539018 612.24868572847"
SAFA-LOW_SIGN-0-20230525-21:57:05-777964,vector,GridFlexeScenario.node[12].veinsmobility,posx,,,"1 2 3 4 5 6 7 8 9 10 11 12 13 14 15 16 17 18 19 20 21 22 23 24 25 26 27 28 29 30 31 32 33 34 35 36 37 38 39 40 41 42 43 44 45 46 47 48 49 50 51 52 53 54 55 56 57 58 59 60 61 62 63 64 65 66 67 68 69 70 71 72 73 74 75 76 77 78 79 80 81 82 83 84 85 86","115.15 112.78435060245 107.84401901723 100.90587151973 92.310138125136 81.251132430811 67.608741790708 54.366384267498 42.80062312287 35.003702075133 31.339426454357 26.800693551142 26.65 26.65 26.65 26.65 26.65 26.65 26.65 26.65 26.65 26.65 26.65 26.65 26.65 26.65 26.65 36.676169283308 50.825866327875 64.194734576814 77.390483528875 90.594567052338 104.12701017381 113.15945329528 117.69189641676 123.7506746477 132.13105327683 143.10344878035 156.50824181948 169.82097806455 183.69327868877 196.76449015245 208.14680751323 216.39755824062 226.86145722901 239.36685891936 253.62725222784 267.5128450719 281.00235705498 294.08588259411 306.44720837108 314.86122018439 319.65054707461 326.50211006096 334.82488886878 345.07843020851 356.79174419951 369.94429139366 383.0598992811 397.03566727184 408.15333939666 415.17547452181 419.26268277839 419.87675255814 420.03724733819 420.09678981806 420.12825136384 422.15965227927 426.30726055869 433.01936453926 442.08684425274 452.93915162198 466.11154585523 480.23167799871 493.85108368287 506.9865529528 515.62202222273 519.75749149267 525.27141441467 532.56916953899 542.32763590753 554.12762076368 568.28166085801 582.31338939722 596.50635863091 609.73614465916"
SAFA-LOW_SIGN-0-20230525-21:57:05-777964,vector,GridFlexeScenario.node[12].veinsmobility,posy,,,"1 2 3 4 5 6 7 8 9 10 11 12 13 14 15 16 17 18 19 20 21 22 23 24 25 26 27 28 29 30 31 32 33 34 35 36 37 38 39 40 41 42 43 44 45 46 47 48 49 50 51 52 53 54 55 56 57 58 59 60 61 62 63 64 65 66 67 68 69 70 71 72 73 74 75 76 77 78 79 80 81 82 83 84 85 86","723.35 723.35 723.35 723.35 723.35 723.35 723.35 723.35 723.35 723.35 723.35 721.3286485766 714.11760328022 705.26552217544 694.94064687856 682.43653715442 668.25544059424 654.98178777201 641.17867603036 627.67838126243 613.3768035441 600.29659055641 586.30208542886 572.31319985789 558.0568606504 544.90530332378 530.85511923688 526.65 526.65 526.65 526.65 526.65 526.65 526.65 526.65 526.65 526.65 526.65 526.65 526.65 526.65 526.65 526.65 526.65 526.65 526.65 526.65 526.65 526.65 526.65 526.65 526.65 526.65 526.65 526.65 526.65 526.65 526.65 526.65 526.65 526.65 526.65 526.65 526.65 526.65 526.65 526.65 526.65 526.65 526.65 526.65 526.65 526.65 526.65 526.65 526.65 526.65 526.65 526.65 526.65 526.65 526.65 526.65 526.65 526.65 526.65"
SAFA-LOW_SIGN-0-20230525-21:57:05-777964,vector,GridFlexeScenario.node[13].veinsmobility,posx,,,"1 2 3 4 5 6 7 8 9 10 11 12 13 14 15 16 17 18 19 20 21 22 23 24 25 26 27 28 29 30 31 32 33 34 35 36 37 38 39 40 41 42 43 44 45 46 47 48","134.85 137.04968456214 140.92232451718 146.71975555017 154.73379514362 164.34904778218 175.83715869961 188.89928265524 203.33256970757 213.2658567599 218.81637956634 225.72543521098 226.65 226.65 226.65 226.65 226.65 226.65 226.65 226.65 226.65 226.65 226.65 226.65 226.65 237.28060497 253.2929386109 269.38091086213 285.33042770085 300.04362243135 310.25681716184 316.59475166272 324.31224107843 333.76060191977 345.32508835372 359.23013463283 375.33375826774 391.18407541092 403.88762249421 413.29439271338 418.20116293255 423.35 423.35 423.35 423.35 423.35 423.35 423.35"
SAFA-LOW_SIGN-0-20230525-21:57:05-777964,vector,GridFlexeScenario.node[13].veinsmobility,posy,,,"1 2 3 4 5 6 7 8 9 10 11 12 13 14 15 16 17 18 19 20 21 22 23 24 25 26 27 28 29 30 31 32 33 34 35 36 37 38 39 40 41 42 43 44 45 46 47 48","426.65 426.65 426.65 426.65 426.65 426.65 426.65 426.65 426.65 426.65 426.65 423.92427464837 414.75188862776 403.09990715429 389.43535619561 374.05755428409 358.20278938662 341.76487978827 326.23289189355 310.91355804202 295.23691630424 279.97944480064 263.5658578566 248.1166687513 232.39841566982 226.65 226.65 226.65 226.65 226.65 226.65 226.65 226.65 226.65 226.65 226.65 226.65 226.65 226.65 226.65 226.65 229.80813211128 239.09475237272 250.26024884166 263.25312580417 278.47080640037 294.08935760868 310.26950338665"
SAFA-LOW_SIGN-0-20230525-21:57:05-777964,vector,GridFlexeScenario.node[14].veinsmobility,posx,,,"1 2 3 4 5 6 7 8 9 10 11 12 13 14 15 16 17 18 19 20 21 22 23 24 25 26 27 28 29 30 31 32 33 34 35 36 37 38 39 40 41 42 43 44 45 46 47 48 49 50 51 52 53 54 55 56 57 58 59 60 61 62 63 64 65 66 67 68 69 70 71 72 73 74 75 76 77 78 79 80 81 82 83 84 85 86 87 88 89 90 91 92 93 94 95 96 97 98 99 100 101 102 103 104 105 106 107","234.85 236.36470520487 239.91710619146 245.93327223754 254.50813104417 264.71495722253 276.20469047461 288.0419782958 300.10817289514 311.94700771449 323.72820726954 326.65 326.65 326.65 326.65 326.65 326.65 326.65 326.65 322.49392671984 310.6230846422 299.19546820795 286.9974287428 274.74376734832 263.31139864691 251.15825597161 240.60440925224 232.988297358 224.04974994983 213.32047779915 202.07255131619 190.5703952355 179.32960373292 167.39113219375 156.35399760134 144.78840467369 136.18425818246 131.59047634855 126.68035474837 126.65 126.65 126.65 126.65 126.65 126.65 126.65 126.65 126.65 126.65 126.65 126.65 126.65 126.65 126.65 126.65 126.65 126.65 126.65 126.65 126.65 126.65 126.65 126.65 126.65 126.65 126.65 126.65 126.65 126.65 126.65 126.65 126.65 126.65 126.65 126.65 126.65 126.65 126.65 126.65 126.65 126.65 126.65 126.65 126.65 126.65 126.65 126.65 126.65 126.65 126.65 126.65 126.65 126.65 126.65 126.65 126.65 126.65 126.65 127.59310438241 138.70135132633 150.4313468728 161.44469150108 172.97271122604 184.10557099433 196.24615902153 208.35400230133 219.60454264716"
SAFA-LOW_SIGN-0-20230525-21:57:05-777964,vector,GridFlexeScenario.node[14].veinsmobility,posy,,,"1 2 3 4 5 6 7 8 9 10 11 12 13 14 15 16 17 18 19 20 21 22 23 24 25 26 27 28 29 30 31 32 33 34 35 36 37 38 39 40 41 42 43 44 45 46 47 48 49 50 51 52 53 54 55 56 57 58 59 60 61 62 63 64 65 66 67 68 69 70 71 72 73 74 75 76 77 78 79 80 81 82 83 84 85 86 87 88 89 90 91 92 93 94 95 96 97 98 99 100 101 102 103 104 105 106 107","926.65 926.65 926.65 926.65 926.65 926.65 926.65 926.65 926.65 926.65 925.84307563827 915.71821348794 903.54616659293 891.9885114443 880.80047384429 869.45987102496 857.1985392697 845.52644008601 833.3752836418 823.67056095998 823.35 823.35 823.35 823.35 823.35 823.35 823.35 823.35 823.35 823.35 823.35 823.35 823.35 823.35 823.35 823.35 823.35 823.35 820.46727609362 811.79347687147 800.6977663341 788.50110497751 776.70981767909 764.853027008 753.19013896983 741.29462159075 730.13080949179 718.31100712034 706.26094931021 694.0534430858 682.52126929801 671.06872233057 659.46879195573 647.82489391068 636.105893597 624.42380310112 613.34800235424 602.11871390435 590.18756369434 578.45005237022 567.38206219299 555.75294887449 543.89112463862 532.22592020377 520.59572445889 509.21146898552 497.42746894389 485.40415116176 474.14389818985 462.87778811067 451.27503302195 439.91378389307 428.59261082434 417.38614805207 405.76173897784 394.28843056114 383.2280116903 371.9075269131 360.74974924488 349.30985213257 337.38797468675 325.17662108471 314.15038077744 302.15707006292 290.42051495192 278.13626537573 265.99807816897 254.72261519475 243.25147202914 232.03798725204 220.3542851646 208.28794220674 196.58432577768 184.73521652668 172.56857453558 160.47536133502 149.13891882462 138.11109678094 127.32975876497 126.65 126.65 126.65 126.65 126.65 126.65 126.65 126.65"
SAFA-LOW_SIGN-0-20230525-21:57:05-777964,vector,GridFlexeScenario.node[15].veinsmobility,posx,,,"1 2 3 4 5 6 7 8 9 10 11 12 13 14 15 16 17 18 19 20 21 22 23 24 25 26 27 28 29 30 31 32 33 34 35 36 37 38 39 40 41 42 43 44 45 46 47 48 49 50 51 52 53 54 55 56 57 58 59 60 61 62 63 64 65 66 67 68 69 70 71 72 73 74 75 76 77 78 79 80 81 82 83 84 85 86 87 88 89 90 91 92 93 94 95 96 97 98 99 100 101 102 103 104 105 106 107 108 109 110 111 112 113 114 115 116 117 118 119 120","26.65 26.65 26.65 26.65 26.65 26.65 26.65 26.65 26.65 26.65 26.65 26.65 26.65 26.65 26.65 26.65 26.65 26.65 26.65 26.65 26.65 26.65 26.65 26.65 26.65 26.65 26.65 26.65 26.65 26.65 26.65 26.65 26.65 26.65 26.65 26.65 26.65 26.65 26.65 26.789167833561 39.168453143972 53.073711754376 66.23246860839 79.673036637969 92.835587655169 105.89063438168 114.44568110818 118.96212985781 125.38161203566 133.61243910555 143.8291733142 156.14390981247 168.85107156027 181.85852821719 195.75964986103 207.9536185318 215.95967831342 225.79166831814 237.73885302334 251.66197331634 264.61461030047 277.36094006589 290.20959874329 303.60417954622 313.39400465078 318.68382975535 326.47622169713 336.69905557764 348.91509769012 362.82954692497 375.68645916454 388.77689412787 402.53004752904 412.31738265667 418.39862425577 427.0626214094 438.22478838691 451.64462703245 465.46645840564 479.42637055423 492.86930620179 505.4365468728 514.52220668339 519.10786649397 525.30666503301 534.10544792259 544.57794847277 556.39473646743 569.30826428066 582.00126253412 595.36372284835 607.239819206 615.6049975731 619.94283406377 626.30786579936 635.18140015592 645.68907365925 657.88836525272 670.97401923366 684.13352679784 697.8290147988 708.60449776652 716.28526040278 726.35552096837 738.11376855027 751.63382914292 765.39049359782 778.75720463084 792.25432661481 805.71572876606 814.6771309173 819.13853306854 824.99801851597 826.65 826.65 826.65 826.65 826.65 826.65 826.65"
SAFA-LOW_SIGN-0-20230525-21:57:05-777964,vector,GridFlexeScenario.node[15].veinsmobility,posy,,,"1 2 3 4 5 6 7 8 9 10 11 12 13 14 15 16 17 18 19 20 21 22 23 24 25 26 27 28 29 30 31 32 33 34 35 36 37 38 39 40 41 42 43 44 45 46 47 48 49 50 51 52 53 54 55 56 57 58 59 60 61 62 63 64 65 66 67 68 69 70 71 72 73 74 75 76 77 78 79 80 81 82 83 84 85 86 87 88 89 90 91 92 93 94 95 96 97 98 99 100 101 102 103 104 105 106 107 108 109 110 111 112 113 114 115 116 117 118 119 120","815.15 812.69957093271 808.44092837486 801.75569407537 792.78322628501 781.6360392645 769.00573098967 755.89681350684 742.62548962019 728.68837282343 715.40253835825 701.53808393734 688.57942195215 674.98170572705 661.08640378289 648.294503304 635.51287263212 621.73350438151 608.19919276737 594.86867461741 581.75300779374 568.5664711417 555.1386753849 541.34695242681 527.76591423997 514.72748078192 501.82884417619 488.67978678229 474.77500930419 460.84237978202 447.69506436507 434.71467148463 421.73928361839 408.35301567534 395.02394931045 381.50712915001 368.75550377959 355.6174234005 341.66917794664 328.75385129662 326.65 326.65 326.65 326.65 326.65 326.65 326.65 326.65 326.65 326.65 326.65 326.65 326.65 326.65 326.65 326.65 326.65 326.65 326.65 326.65 326.65 326.65 326.65 326.65 326.65 326.65 326.65 326.65 326.65 326.65 326.65 326.65 326.65 326.65 326.65 326.65 326.65 326.65 326.65 326.65 326.65 326.65 326.65 326.65 326.65 326.65 326.65 326.65 326.65 326.65 326.65 326.65 326.65 326.65 326.65 326.65 326.65 326.65 326.65 326.65 326.65 326.65 326.65 326.65 326.65 326.65 326.65 326.65 326.65 326.65 326.65 326.65 325.08118889042 317.22501579912 307.49065888664 296.34956275514 283.54474484933 269.70878732098 256.11871803196 242.46017622424"
SAFA-LOW_SIGN-0-20230525-21:57:05-777964,vector,GridFlexeScenario.node[16].veinsmobility,posx,,,"1 2 3 4 5 6 7 8 9 10 11 12 13 14 15 16 17 18 19 20 21 22 23 24 25 26 27 28 29 30 31 32 33 34 35 36 37 38 39 40 41 42 43 44 45 46 47 48 49 50 51 52 53 54 55 56 57 58 59 60 61 62 63 64 65 66 67 68 69 70 71 72 73 74 75 76 77 78 79 80 81 82 83 84 85 86 87 88 89 90 91 92 93 94 95 96 97 98 99 100 101 102 103 104 105 106 107 108 109 110 111 112 113 114","23.35 23.35 23.35 23.35 23.35 23.35 23.35 23.35 23.35 23.35 23.35 24.651304333483 33.500743036166 43.395872926678 53.682130922557 63.635963331813 73.659997706979 83.083205160273 92.664694509737 103.01219626706 112.80559384993 118.48615455232 125.13457763669 126.65 126.65 126.65 126.65 126.65 126.65 126.65 126.65 126.65 126.38579481624 119.53267564041 110.36997407433 100.31114438062 90.19296522422 80.399315502069 70.434767228051 60.204187333126 50.27102119909 40.556272847274 33.900445841857 26.698467056506 26.65 26.65 26.65 26.65 26.65 26.65 26.65 26.65 26.65 26.65 26.65 26.65 26.65 26.65 26.65 26.65 26.65 26.65 26.65 26.65 26.65 26.65 26.65 26.65 26.65 26.65 26.65 26.65 26.65 26.65 26.65 26.65 26.65 26.65 26.65 26.65 26.65 26.65 26.65 26.65 26.65 26.65 26.65 26.65 26.65 26.65 26.65 26.65 26.65 26.65 26.65 26.65 26.65 26.65 26.65 26.65 26.65 26.65 26.65 26.65 29.148188689653 39.044102183151 48.967311660628 58.829801304255 69.124520925938 79.001288373673 88.566455942372 97.957777628217 107.64718637172 117.13415263616"
SAFA-LOW_SIGN-0-20230525-21:57:05-777964,vector,GridFlexeScenario.node[16].veinsmobility,posy,,,"1 2 3 4 5 6 7 8 9 10 11 12 13 14 15 16 17 18 19 20 21 22 23 24 25 26 27 28 29 30 31 32 33 34 35 36 37 38 39 40 41 42 43 44 45 46 47 48 49 50 51 52 53 54 55 56 57 58 59 60 61 62 63 64 65 66 67 68 69 70 71 72 73 74 75 76 77 78 79 80 81 82 83 84 85 86 87 88 89 90 91 92 93 94 95 96 97 98 99 100 101 102 103 104 105 106 107 108 109 110 111 112 113 114","634.85 637.42726265192 642.05009641296 648.1138849241 656.43126080662 666.47554302393 675.98823488491 686.01416733173 696.28809380328 705.67305100842 714.83532175788 724.55217388914 726.65 726.65 726.65 726.65 726.65 726.65 726.65 726.65 726.65 726.65 724.90903727219 715.58810574683 705.50666793964 695.54392178051 685.14155664252 675.19278882545 666.01200952482 656.81824630494 646.81885334167 637.10415616938 627.90056371367 623.35 623.35 623.35 623.35 623.35 623.35 623.35 623.35 623.35 623.35 620.59692208867 611.31293873884 601.65594334767 592.44397174058 583.19456962708 573.78325072224 563.53864501477 553.66697579905 543.25867597119 534.12884207261 524.90253185758 515.42571690764 505.56305131986 496.26858251839 486.58056775719 476.19199535132 466.28902376448 456.46049674688 446.97577524298 436.6228232391 426.79302656767 416.65195389825 406.64761824225 396.95912699095 386.84699129635 377.44523423764 367.3207076974 357.42943022383 347.68216251728 338.44795417398 329.22616026083 319.04674749486 309.64606863742 300.40174889189 290.37720397695 280.76662413406 271.20070956878 261.234283101 251.20513010287 240.98328255514 231.52419410584 221.30815706479 211.15509613813 201.00713054684 191.22563111159 181.9563901197 171.61082620647 161.78511801744 152.13021210599 142.33310799996 132.60947678765 123.34191774009 113.29249192602 103.05367381479 93.060455383677 83.448779798308 73.228755384758 63.609878087486 53.484294152186 43.871706613959 33.959540548954 26.65 26.65 26.65 26.65 26.65 26.65 26.65 26.65 26.65 26.65"
SAFA-LOW_SIGN-0-20230525-21:57:05-777964,vector,GridFlexeScenario.node[17].veinsmobility,posx,,,"1 2 3 4 5 6 7 8 9 10 11 12 13 14 15 16 17 18 19 20 21 22 23 24 25 26 27 28 29 30 31 32 33 34 35 36 37 38 39 40 41 42 43 44 45 46 47 48 49 50 51 52 53 54 55 56 57 58 59 60 61 62 63 64 65 66 67 68 69 70 71 72 73 74 75 76 77 78 79 80 81 82 83 84 85 86 87 88 89 90 91 92 93 94 95 96 97 98 99 100 101 102 103 104 105 106 107 108 109 110 111 112 113 114","26.65 26.65 26.65 26.65 26.65 26.65 26.65 26.65 26.65 26.65 28.38295793977 37.480629135017 47.617440742449 59.067133615252 72.058701268722 83.862828527675 95.779101370478 105.03897242545 109.79884348042 111.55814255346 113.90241970631 118.16503522249 123.29506877439 123.35 123.35 123.35 123.35 123.35 123.35 123.35 123.35 123.35 123.35 123.35 123.35 123.35 123.35 123.35 123.35 123.35 123.35 123.35 123.35 123.35 123.35 123.35 123.35 131.31488062468 143.19938093056 155.57384238581 168.48055345708 181.02039253161 193.08565174106 205.40418662941 214.58170354761 219.25922046582 220.10210780479 220.14235123347 222.69736241401 227.18732079658 233.03503279146 241.46336661905 251.23337325582 262.83795559862 275.48115490644 287.81128290715 299.97278159273 310.76309681819 317.21130423273 326.17979211214 337.49323590932 350.44558055097 362.96736541008 374.89264885195 387.21067898142 399.77030169407 410.14977496077 417.25392376203 425.99035701151 436.41795065171 449.26278695228 461.24944549745 473.66456390964 486.36124684753 499.3637999636 509.50789129317 515.84327759274 524.06731553259 533.9153619272 545.45453991132 557.69013302158 570.47714217547 582.51234574961 594.9242064166 606.78287417562 615.61367600123 619.94447782685 626.83087196326 635.24274557169 645.59086459322 657.67409412204 670.13954043007 682.6447675035 695.71084019469 708.33946553254 716.46809087039 725.95206603931 726.65 726.65 726.65 726.65 726.65 726.65 726.65"
SAFA-LOW_SIGN-0-20230525-21:57:05-777964,vector,GridFlexeScenario.node[17].veinsmobility,posy,,,"1 2 3 4 5 6 7 8 9 10 11 12 13 14 15 16 17 18 19 20 21 22 23 24 25 26 27 28 29 30 31 32 33 34 35 36 37 38 39 40 41 42 43 44 45 46 47 48 49 50 51 52 53 54 55 56 57 58 59 60 61 62 63 64 65 66 67 68 69 70 71 72 73 74 75 76 77 78 79 80 81 82 83 84 85 86 87 88 89 90 91 92 93 94 95 96 97 98 99 100 101 102 103 104 105 106 107 108 109 110 111 112 113 114","615.15 612.94125379105 609.12236986582 603.86257040841 596.41752826087 587.08354175563 575.38770010774 563.47519256537 551.29516752468 538.79243747788 526.84425457806 526.65 526.65 526.65 526.65 526.65 526.65 526.65 526.65 526.65 526.65 526.65 529.35680806935 537.58410177279 547.17936003094 558.882333071 571.08521438298 583.48875681753 596.51283815564 608.73510791635 620.71866820195 633.66486234271 646.65104668546 658.63075541373 670.81718394753 683.16200482023 696.01728241428 708.99349904145 721.29847803618 734.33928700543 746.13815236883 757.98826635835 770.43988375281 782.40893421629 794.30024039694 807.37491005178 819.77492288257 826.65 826.65 826.65 826.65 826.65 826.65 826.65 826.65 826.65 826.65 826.65 826.65 826.65 826.65 826.65 826.65 826.65 826.65 826.65 826.65 826.65 826.65 826.65 826.65 826.65 826.65 826.65 826.65 826.65 826.65 826.65 826.65 826.65 826.65 826.65 826.65 826.65 826.65 826.65 826.65 826.65 826.65 826.65 826.65 826.65 826.65 826.65 826.65 826.65 826.65 826.65 826.65 826.65 826.65 826.65 826.65 826.65 826.65 826.65 823.54655660114 810.62585221708 797.84061046312 784.97543824614 772.8161145089 760.76300173809 747.8291301696 735.27579879871"
SAFA-LOW_SIGN-0-20230525-21:57:05-777964,vector,GridFlexeScenario.node[18].veinsmobility,posx,,,"1 2 3 4 5 6 7 8 9 10 11 12 13 14 15 16 17 18 19 20 21 22 23 24 25 26 27 28 29 30 31 32 33 34 35 36 37","815.15 812.8711803766 808.24484117897 801.90676176774 793.01561189056 781.79801299961 769.06942081372 754.91410562213 740.25709702235 726.20679593362 711.82429105902 697.68871735677 682.62188527101 667.68018293151 652.99799965214 638.10982487577 624.15599895539 623.35 623.35 623.35 623.35 623.35 623.35 623.35 623.35 623.35 623.35 623.35 623.35 623.35 623.35 623.35 623.35 623.35 623.35 623.35 623.35"
SAFA-LOW_SIGN-0-20230525-21:57:05-777964,vector,GridFlexeScenario.node[18].veinsmobility,posy,,,"1 2 3 4 5 6 7 8 9 10 11 12 13 14 15 16 17 18 19 20 21 22 23 24 25 26 27 28 29 30 31 32 33 34 35 36 37","23.35 23.35 23.35 23.35 23.35 23.35 23.35 23.35 23.35 23.35 23.35 23.35 23.35 23.35 23.35 23.35 26.273335074353 39.934527599108 54.194192705032 68.556711401788 83.037800225788 97.235766392457 112.16013157627 126.59731516475 141.38552508579 155.26330363546 170.00357608708 184.07027012811 198.07631153475 212.62068035522 227.34683736746 241.96694244157 256.38677397433 270.48332311347 284.88948147628 298.69049046269 313.70587107358"
SAFA-LOW_SIGN-0-20230525-21:57:05-777964,vector,GridFlexeScenario.node[19].veinsmobility,posx,,,"1 2 3 4 5 6 7 8 9 10 11 12 13 14 15 16 17 18 19 20 21 22 23 24 25 26 27 28 29 30 31 32 33 34 35 36 37 38 39 40 41 42 43 44 45 46 47 48 49 50 51 52 53 54 55 56 57 58 59 60 61 62 63 64","815.15 813.2181263413 809.88471415243 804.95641652851 798.28492926345 790.14499798841 779.88123383576 767.02793071656 753.63847642759 740.45797220541 727.13648275115 714.22030890093 701.91236849128 689.01036862447 676.34844639224 663.06961109694 650.07132646553 637.61058852161 624.29035028677 611.44366386526 598.1002747551 585.45279432345 572.2056808975 559.33258947703 546.27892872742 532.92584780646 520.60320900455 507.10201892258 494.74873642959 482.2073615431 469.82244291422 456.86248599187 443.66149355194 430.91394605785 417.54694093548 404.17675456811 391.1947645474 378.22719983637 365.47104704737 352.48687015697 339.20940942918 326.73933082001 314.09624261149 300.89461511415 288.21704811271 275.23743049807 261.7696330618 248.4660529162 235.46376611971 226.65 226.65 226.65 226.65 226.65 226.65 226.65 226.41618411443 216.00136188544 203.04031895268 189.77274362548 176.69395996877 164.17533448731 151.84979020201 138.36353228617"
SAFA-LOW_SIGN-0-20230525-21:57:05-777964,vector,GridFlexeScenario.node[19].veinsmobility,posy,,,"1 2 3 4 5 6 7 8 9 10 11 12 13 14 15 16 17 18 19 20 21 22 23 24 25 26 27 28 29 30 31 32 33 34 35 36 37 38 39 40 41 42 43 44 45 46 47 48 49 50 51 52 53 54 55 56 57 58 59 60 61 62 63 64","923.35 923.35 923.35 923.35 923.35 923.35 923.35 923.35 923.35 923.35 923.35 923.35 923.35 923.35 923.35 923.35 923.35 923.35 923.35 923.35 923.35 923.35 923.35 923.35 923.35 923.35 923.35 923.35 923.35 923.35 923.35 923.35 923.35 923.35 923.35 923.35 923.35 923.35 923.35 923.35 923.35 923.35 923.35 923.35 923.35 923.35 923.35 923.35 923.35 917.53774756223 905.22625200719 892.82435265507 880.42439072026 867.52406216252 854.97455244608 841.52661614879 828.11328880104 823.35 823.35 823.35 823.35 823.35 823.35 823.35"
SAFA-LOW_SIGN-0-20230525-21:57:05-777964,vector,GridFlexeScenario.node[20].veinsmobility,posx,,,"1 2 3 4 5 6 7 8 9 10 11 12 13 14 15 16 17 18 19 20 21 22 23 24 25 26 27 28 29 30 31 32 33 34 35 36 37 38 39 40 41","926.65 926.65 926.65 926.65 926.65 926.65 926.65 926.65 926.65 926.65 922.23930923542 908.78934586594 895.8277917823 882.6971935124 869.15015273962 856.16392683567 843.47951215242 835.11539274576 831.08663063721 826.68596915044 826.65 826.65 826.65 826.65 826.65 826.65 826.65 826.65 826.65 826.65 826.65 826.65 826.65 826.65 827.09017306974 840.20726463737 853.97980176745 867.00492134062 880.61052135319 893.68766121625 907.15055463774"
SAFA-LOW_SIGN-0-20230525-21:57:05-777964,vector,GridFlexeScenario.node[20].veinsmobility,posy,,,"1 2 3 4 5 6 7 8 9 10 11 12 13 14 15 16 17 18 19 20 21 22 23 24 25 26 27 28 29 30 31 32 33 34 35 36 37 38 39 40 41","815.15 813.82944941113 810.03362111575 804.07122876267 796.59020031258 787.38498397116 776.11666814967 762.50365987262 749.10318958004 735.38414244265 723.63418703363 723.35 723.35 723.35 723.35 723.35 723.35 723.35 723.35 720.5074633926 712.42555369079 701.95842637819 689.02106522042 675.35141288413 661.45713375006 648.36064703496 634.7163286169 621.09129605273 607.40943107689 593.85464549226 580.73377680609 567.74334585712 554.51953479473 540.9480522256 527.97869851246 526.65 526.65 526.65 526.65 526.65 526.65"
SAFA-LOW_SIGN-0-20230525-21:57:05-777964,vector,GridFlexeScenario.node[21].veinsmobility,posx,,,"1 2 3 4 5 6 7 8 9 10 11 12 13 14 15 16 17 18 19 20 21 22 23 24 25 26 27 28 29 30 31 32 33 34 35 36 37 38 39 40 41 42 43 44 45 46 47 48 49 50 51 52 53 54 55 56 57 58 59 60 61 62 63 64 65 66 67 68 69 70 71 72 73 74 75 76 77 78 79 80 81 82 83 84 85 86 87 88 89 90 91 92 93 94 95","126.65 126.65 126.65 126.65 126.65 126.65 126.65 126.65 126.65 126.65 126.65 126.65 126.65 126.65 126.65 126.65 126.65 126.65 126.65 126.65 126.65 126.65 126.65 126.65 126.65 126.65 126.65 126.65 126.65 126.65 126.65 126.65 129.685318558 142.84799627375 156.02056719123 170.02835269709 184.10919414672 197.37113300311 208.50831697905 215.6838107881 220.10853002202 226.712629679 235.26717229309 245.36618283197 257.56265070417 271.89181873499 285.03474597895 298.36694134355 309.56063691918 317.08008629611 325.96586517401 337.41373995627 350.86872375116 365.13751148558 378.50335883802 392.08603311953 405.5921989211 414.59836472267 419.10453052423 424.93249617424 432.40750945911 441.48517519486 452.13525753577 464.79684428147 479.114131237 492.63115773275 505.18417316428 513.87412976996 518.06408637565 523.90114021876 531.4695464824 540.93425441428 552.38680044062 565.5170462752 579.83266390814 594.01023813455 605.93192455755 614.47294999011 619.30675168762 626.39448037178 636.03418350638 647.14680729393 659.84311069089 673.59621891375 687.10519291029 700.75230997554 711.54666047543 717.86954531438 723.35 723.35 723.35 723.35 723.35 723.35 723.35"
SAFA-LOW_SIGN-0-20230525-21:57:05-777964,vector,GridFlexeScenario.node[21].veinsmobility,posy,,,"1 2 3 4 5 6 7 8 9 10 11 12 13 14 15 16 17 18 19 20 21 22 23 24 25 26 27 28 29 30 31 32 33 34 35 36 37 38 39 40 41 42 43 44 45 46 47 48 49 50 51 52 53 54 55 56 57 58 59 60 61 62 63 64 65 66 67 68 69 70 71 72 73 74 75 76 77 78 79 80 81 82 83 84 85 86 87 88 89 90 91 92 93 94 95","715.15 713.56101313331 709.68082984737 704.27220864706 697.51906140852 689.43029561434 679.33101383543 667.42348725828 654.04509561969 640.49261687029 627.0446644688 612.66545515272 599.13211263075 585.03088782891 570.69509351537 557.53790555358 544.27458418918 529.954559852 516.28526053381 503.13576310762 489.01688660369 475.53728538495 461.21671452602 447.22309188252 433.69959916598 419.71357177234 405.80330858059 392.0424783068 378.8821227309 365.79234978923 352.07429152341 338.41448468197 326.65903637793 326.65 326.65 326.65 326.65 326.65 326.65 326.65 326.65 326.65 326.65 326.65 326.65 326.65 326.65 326.65 326.65 326.65 326.65 326.65 326.65 326.65 326.65 326.65 326.65 326.65 326.65 326.65 326.65 326.65 326.65 326.65 326.65 326.65 326.65 326.65 326.65 326.65 326.65 326.65 326.65 326.65 326.65 326.65 326.65 326.65 326.65 326.65 326.65 326.65 326.65 326.65 326.65 326.65 326.65 326.65 330.23432939809 340.35519118697 352.83382092794 366.21389323598 379.64247570517 393.43605636892 407.54111700569"
SAFA-LOW_SIGN-0-20230525-21:57:05-777964,vector,GridFlexeScenario.node[22].veinsmobility,posx,,,"1 2 3 4 5 6 7 8 9 10 11 12 13 14 15 16 17 18 19 20 21 22 23 24 25 26 27 28 29 30 31 32 33 34 35 36 37 38 39 40 41 42 43 44 45 46 47 48 49 50 51 52 53 54 55 56 57 58 59 60 61 62 63 64 65 66 67 68 69 70 71 72 73 74 75 76 77 78 79 80 81 82 83 84 85 86 87 88 89 90","623.35 623.35 623.35 623.35 623.35 623.35 623.35 623.35 623.35 623.35 623.35 611.36014918301 597.03809989667 582.97795549343 569.20290852461 555.09201911365 543.37524476389 534.70555278058 530.17120099651 524.73303589883 523.35 523.35 523.35 523.35 523.35 523.35 523.35 523.35 523.35 523.35 523.35 523.35 523.35 523.35 523.35 523.35 523.35 523.35 523.35 523.35 523.35 523.35 523.35 523.35 523.35 523.35 523.35 523.35 523.35 523.35 523.35 523.35 523.35 523.35 523.35 523.35 523.35 523.35 523.35 523.35 523.35 523.35 523.35 523.35 523.35 523.35 523.35 523.35 523.35 523.35 523.35 523.35 523.35 523.35 523.35 523.35 523.35 523.35 523.35 523.35 523.35 523.35 523.31248702096 513.71213936148 500.8720614047 486.57726694999 472.44684644184 458.24397876411 443.63736600176 430.25906695125"
SAFA-LOW_SIGN-0-20230525-21:57:05-777964,vector,GridFlexeScenario.node[22].veinsmobility,posy,,,"1 2 3 4 5 6 7 8 9 10 11 12 13 14 15 16 17 18 19 20 21 22 23 24 25 26 27 28 29 30 31 32 33 34 35 36 37 38 39 40 41 42 43 44 45 46 47 48 49 50 51 52 53 54 55 56 57 58 59 60 61 62 63 64 65 66 67 68 69 70 71 72 73 74 75 76 77 78 79 80 81 82 83 84 85 86 87 88 89 90","34.85 36.949794953014 40.4834771564 45.499539161706 51.928486095509 59.729973502969 68.966011733981 79.888377606589 92.887787504704 106.70917563158 120.1769073869 123.35 123.35 123.35 123.35 123.35 123.35 123.35 123.35 125.31160683528 133.01900236179 142.61932163005 154.57661134231 168.18683527198 182.41181024488 196.19144825965 210.09949867187 224.22688098152 238.65914258153 252.05873037379 266.57879049353 280.4900406239 294.08232760586 307.81186619267 322.45590158479 336.71489016833 350.93764469285 364.6178010201 379.00120159218 392.56603612496 406.69772705121 420.12065031566 434.18677201973 448.23375287293 461.76427484002 475.20006591966 488.30261198252 500.26300001375 511.61396393422 522.28340723964 532.90353922635 541.49561442646 551.51991889247 560.9042430251 569.13964139672 577.57369010205 586.28659239516 595.57844221586 604.36064578134 614.30976557964 623.08537424478 631.67586183157 640.84828197299 650.54024896217 660.00595874844 668.34880518203 677.40793681611 685.45676318855 695.14019147012 704.03027835897 712.27060173798 720.54980743187 729.99135846491 739.96039507549 748.80737330876 757.45551489517 766.43714921729 776.44301159241 784.94268113169 794.06188209759 803.34541583374 811.67974770796 820.51851395525 823.35 823.35 823.35 823.35 823.35 823.35 823.35"
SAFA-LOW_SIGN-0-20230525-21:57:05-777964,vector,GridFlexeScenario.node[23].veinsmobility,posx,,,"1 2 3 4 5 6 7 8 9 10 11 12 13 14 15 16 17 18 19 20 21 22 23 24 25 26 27 28 29 30 31 32 33 34 35 36 37 38 39 40 41 42 43 44 45 46 47 48 49 50 51 52 53 54 55 56 57 58 59 60 61 62 63 64 65 66 67 68 69 70 71 72 73 74 75 76 77 78 79 80 81","215.15 213.33954372965 210.04635167532 205.31403711089 198.21462206787 189.50136623294 179.16527036794 167.01872085198 153.93824331541 140.32999389937 126.72424368873 123.71177068462 123.35 123.35 123.35 123.35 123.35 123.35 123.35 123.35 123.35 123.35 123.35 123.35 123.35 123.35 123.35 123.35 123.35 123.35 123.35 123.35 123.35 123.35 123.35 123.35 123.35 123.35 123.35 123.35 123.35 123.35 123.35 123.35 123.35 123.35 123.35 123.35 123.35 123.35 123.35 123.35 123.35 123.35 123.35 123.35 123.35 123.35 123.35 123.35 123.35 123.35 123.35 123.35 123.35 111.41415737989 98.336818566033 84.741811080786 70.711898155948 56.655097461438 43.694398647977 34.670962072597 30.147525497218 26.65 26.65 26.65 26.65 26.65 26.65 26.65 26.65"
SAFA-LOW_SIGN-0-20230525-21:57:05-777964,vector,GridFlexeScenario.node[23].veinsmobility,posy,,,"1 2 3 4 5 6 7 8 9 10 11 12 13 14 15 16 17 18 19 20 21 22 23 24 25 26 27 28 29 30 31 32 33 34 35 36 37 38 39 40 41 42 43 44 45 46 47 48 49 50 51 52 53 54 55 56 57 58 59 60 61 62 63 64 65 66 67 68 69 70 71 72 73 74 75 76 77 78 79 80 81","23.35 23.35 23.35 23.35 23.35 23.35 23.35 23.35 23.35 23.35 23.88545378676 27.217605207676 33.77651491643 42.181454926388 52.820368476944 64.883734646568 77.759567805417 90.786382873838 104.34792246264 117.61066650867 130.97760095009 143.89237026684 157.37016276666 170.94805470447 185.01843079881 197.95552236609 211.35305845122 225.20965297063 238.91110719234 251.78145896887 264.93649378025 277.98813238393 290.89380318231 304.21466655901 317.5518523851 331.54523830012 345.44784259129 358.83619293329 372.39045874606 385.58172402879 399.41034103578 412.72477188601 425.99443398118 439.73453261133 452.92469086647 466.51449940026 479.45701953555 492.39810626086 506.18932965024 519.67207460209 533.07945205485 546.06609433118 559.76861814293 572.7028292987 586.6638327314 600.77475575735 614.13932406635 627.63514765655 640.75392150188 653.88844839983 667.29490393581 680.41812639352 693.38321780645 706.84347120108 720.09854590424 723.35 723.35 723.35 723.35 723.35 723.35 723.35 723.35 718.93926694579 710.84029539258 700.14944400478 686.88223961302 673.79732094177 660.71111180867 646.77873072327 632.75679368787"
SAFA-LOW_SIGN-0-20230525-21:57:05-777964,vector,GridFlexeScenario.node[24].veinsmobility,posx,,,"1 2 3 4 5 6 7 8 9 10 11 12 13 14 15 16 17 18 19 20 21 22 23 24 25 26 27 28 29 30 31 32 33 34 35 36 37 38 39 40 41 42 43 44 45 46 47 48 49 50 51 52 53 54 55 56 57 58 59 60 61 62 63 64 65 66 67 68 69 70 71 72 73 74 75 76 77 78 79 80 81 82 83","23.35 23.35 23.35 23.35 23.35 23.35 23.35 23.35 23.35 23.35 23.35 23.35 23.35 23.35 23.35 23.35 23.35 23.35 23.35 23.35 23.35 23.35 23.645035006609 37.141483794126 51.971579519947 67.60148403458 82.885567497448 98.586838030766 109.86655738568 116.64627674059 118.99433994258 120.12245954116 120.14004826066 120.14781542205 120.14876836322 120.14892224339 120.14892224339 120.14892224339 122.06758769255 126.47900307479 133.10301391296 141.05430851865 150.77916827102 162.00252191564 174.86884855216 190.30812594264 204.37326039237 213.93839484209 219.00352929181 225.54854986628 233.75240405677 244.09286894819 256.06390167668 269.60008302455 284.6636724665 299.86257480321 310.56147713991 317.12488476705 325.03576353325 335.2247147934 347.74514939606 362.45461059906 378.12255150462 393.68445365224 406.72169484394 415.36706606563 419.91281988044 426.15123847588 434.59206025442 444.85191648778 457.48315311564 472.49602590457 487.38240602479 501.37066030355 511.03352031475 517.3102831436 524.6849483026 526.65 526.65 526.65 526.65 526.65 526.65"
SAFA-LOW_SIGN-0-20230525-21:57:05-777964,vector,GridFlexeScenario.node[24].veinsmobility,posy,,,"1 2 3 4 5 6 7 8 9 10 11 12 13 14 15 16 17 18 19 20 21 22 23 24 25 26 27 28 29 30 31 32 33 34 35 36 37 38 39 40 41 42 43 44 45 46 47 48 49 50 51 52 53 54 55 56 57 58 59 60 61 62 63 64 65 66 67 68 69 70 71 72 73 74 75 76 77 78 79 80 81 82 83","334.85 337.33644546561 341.62736728257 348.21866887496 356.55474888221 366.9564495025 378.69662701851 392.63278703259 407.73163784406 423.0079228932 438.18256400543 453.91245263915 468.66486327179 484.3612148667 499.3314469372 514.76586419069 529.79338631086 545.17127948597 560.95666078656 576.68505116326 591.85047787101 607.02173636747 622.31524504626 626.65 626.65 626.65 626.65 626.65 626.65 626.65 626.65 626.65 626.65 626.65 626.65 626.65 626.65 626.65 626.65 626.65 626.65 626.65 626.65 626.65 626.65 626.65 626.65 626.65 626.65 626.65 626.65 626.65 626.65 626.65 626.65 626.65 626.65 626.65 626.65 626.65 626.65 626.65 626.65 626.65 626.65 626.65 626.65 626.65 626.65 626.65 626.65 626.65 626.65 626.65 626.65 626.65 625.26903101844 616.00610589195 604.06148646299 589.65942350469 574.40608365386 559.30325202049 543.42126509982"
SAFA-LOW_SIGN-0-20230525-21:57:05-777964,vector,GridFlexeScenario.node[25].veinsmobility,posx,,,"1 2 3 4 5 6 7 8 9 10 11 12 13 14 15 16 17 18 19 20 21 22 23 24 25 26 27 28 29 30 31 32 33 34 35 36 37 38 39 40 41 42 43 44 45 46 47 48 49 50 51 52 53 54 55 56 57 58 59 60 61 62 63 64 65 66 67 68 69 70 71 72 73 74 75 76","715.15 713.27012332818 709.42207993483 703.48915880646 694.97953345564 683.93247291392 670.37858415127 654.90806971523 643.12408420696 634.43649225684 630.24890030671 629.95047709788 629.86373738489 629.85572296526 629.85142951021 629.8510969715 629.8510969715 629.8510969715 629.8510969715 628.002340114 624.82274004766 619.33499768605 611.97035345391 603.23616759551 592.66306038858 580.1668876091 565.97965694084 552.64164523947 541.5023130522 534.04746570792 524.81392386432 513.96189887772 500.73305062397 485.85459798061 469.38627310873 453.8206208949 442.27807134799 434.5487248971 430.87822026904 425.36477855248 417.61804180908 407.64670090739 396.21131749084 382.24462160706 365.70926993464 351.0186737261 340.43333288919 333.5757634576 326.70882789867 326.65 326.65 326.65 326.65 326.65 326.65 326.65 326.65 326.65 326.65 326.65 326.65 325.22377032829 309.9726471411 293.65686069956 278.29272871356 262.44397211548 247.92722685606 237.43893978629 231.40875255874 224.32055297668 223.35 223.35 223.35 223.35 223.35 223.35"
SAFA-LOW_SIGN-0-20230525-21:57:05-777964,vector,GridFlexeScenario.node[25].veinsmobility,posy,,,"1 2 3 4 5 6 7 8 9 10 11 12 13 14 15 16 17 18 19 20 21 22 23 24 25 26 27 28 29 30 31 32 33 34 35 36 37 38 39 40 41 42 43 44 45 46 47 48 49 50 51 52 53 54 55 56 57 58 59 60 61 62 63 64 65 66 67 68 69 70 71 72 73 74 75 76","323.35 323.35 323.35 323.35 323.35 323.35 323.35 323.35 323.35 323.35 323.35 323.35 323.35 323.35 323.35 323.35 323.35 323.35 323.35 323.35 323.35 323.35 323.35 323.35 323.35 323.35 323.35 323.35 323.35 323.35 323.35 323.35 323.35 323.35 323.35 323.35 323.35 323.35 323.35 323.35 323.35 323.35 323.35 323.35 323.35 323.35 323.35 323.35 320.67108390629 310.91026488919 299.06331885749 285.40706722705 269.80948345422 254.20979476986 238.21139810034 222.17679666092 206.69345089597 190.44181000476 174.13464017442 157.66707146639 141.45383229462 125.23961721382 123.35 123.35 123.35 123.35 123.35 123.35 123.35 125.99907837219 135.54867642884 146.70287572022 160.0256280793 175.22083756144 191.64992252682 207.76045510453"
SAFA-LOW_SIGN-0-20230525-21:57:05-777964,vector,GridFlexeScenario.node[26].veinsmobility,posx,,,"1 2 3 4 5 6 7 8 9 10 11 12 13 14 15 16 17 18 19 20 21 22 23 24 25 26 27 28 29 30 31 32 33 34 35 36 37 38 39 40 41 42 43 44 45 46 47 48 49 50 51 52 53 54 55 56 57 58 59 60 61 62 63 64 65 66 67 68 69 70 71 72 73 74 75 76 77 78 79 80 81 82 83 84 85 86 87 88 89 90 91 92 93 94 95 96 97 98 99 100 101 102 103 104 105 106 107 108 109 110 111 112 113 114 115 116 117 118 119 120 121 122 123","723.35 723.35 723.35 723.35 723.35 723.35 723.35 723.35 723.35 723.35 721.64192266509 710.76978765069 699.09571260489 687.57177967437 676.45274874165 665.32895860889 654.4599317538 643.02726774774 634.55116734303 630.41116026629 624.31157988699 615.71081350617 605.59120113562 594.75081062708 584.13181186908 572.58867584038 560.95165221356 549.69739162844 539.23335461107 533.08605126222 524.5334475365 513.63284909429 502.11729655001 491.68567748437 480.22452835243 469.66211154459 459.07640790946 447.61792774203 437.93492141282 431.9330663262 423.84075326973 413.67727176758 403.11841490595 391.57963015324 380.09742209557 369.39457492682 358.88108481542 348.25755965178 338.72722284327 333.11720762125 325.47998592747 323.35 323.35 323.35 323.35 323.35 323.35 323.35 323.35 323.35 323.35 323.35 323.35 323.35 323.35 323.35 323.35 323.35 323.35 323.35 323.35 323.35 323.35 323.35 323.35 323.35 323.35 323.35 323.35 323.35 323.35 323.35 323.35 323.35 323.35 323.35 323.35 323.35 323.35 323.35 323.35 323.35 323.35 323.35 323.35 323.35 323.35 323.35 323.35 323.35 323.35 323.35 323.35 323.35 323.35 323.35 323.35 323.35 323.35 323.35 323.35 323.35 323.35 323.35 319.30335881673 307.94338269728 297.22336933307 286.78036380429 275.81629567781 264.38343922791 252.68389652025 241.43431203562 230.70994781433"
SAFA-LOW_SIGN-0-20230525-21:57:05-777964,vector,GridFlexeScenario.node[26].veinsmobility,posy,,,"1 2 3 4 5 6 7 8 9 10 11 12 13 14 15 16 17 18 19 20 21 22 23 24 25 26 27 28 29 30 31 32 33 34 35 36 37 38 39 40 41 42 43 44 45 46 47 48 49 50 51 52 53 54 55 56 57 58 59 60 61 62 63 64 65 66 67 68 69 70 71 72 73 74 75 76 77 78 79 80 81 82 83 84 85 86 87 88 89 90 91 92 93 94 95 96 97 98 99 100 101 102 103 104 105 106 107 108 109 110 111 112 113 114 115 116 117 118 119 120 121 122 123","134.85 137.43555123052 142.30983101807 149.29333873671 158.57429963064 169.49157042 180.68142777286 191.26062673113 202.25157743603 213.05250526844 223.14038086208 223.35 223.35 223.35 223.35 223.35 223.35 223.35 223.35 223.35 223.35 223.35 223.35 223.35 223.35 223.35 223.35 223.35 223.35 223.35 223.35 223.35 223.35 223.35 223.35 223.35 223.35 223.35 223.35 223.35 223.35 223.35 223.35 223.35 223.35 223.35 223.35 223.35 223.35 223.35 224.63200844352 233.68105715348 245.25874142711 256.11590305826 266.79586979612 278.38904179595 289.61131589146 300.65923804037 311.86154925773 322.42706831747 333.00083449231 344.52526116325 355.52461574748 366.55699723574 377.95786169058 389.59349749342 400.10681737888 410.90573053314 421.99011798999 433.24162524041 444.05206367494 455.33986208524 466.76158859649 478.1941992752 489.87763038025 501.01938977619 512.41589425117 523.14549493322 533.62485786518 544.15359115502 555.31493899841 566.90707019306 577.35483002966 587.8944663412 599.01943818416 610.13310378232 621.35787395344 633.01969394394 643.8797780718 654.41069486735 665.79707159054 676.52951742371 686.95748765093 697.60679902032 708.62631518505 719.81986764307 731.45585394826 741.94991046835 752.96773945783 764.58905974326 775.31683640579 786.33516874761 797.39850291342 808.60835329982 819.21584115907 830.49196211225 841.21041220563 852.10841685524 863.5622695601 874.55049892627 886.19965825658 897.49841895116 908.33507891286 915.9787432683 923.35 923.35 923.35 923.35 923.35 923.35 923.35 923.35 923.35"
SAFA-LOW_SIGN-0-20230525-21:57:05-777964,vector,GridFlexeScenario.node[27].veinsmobility,posx,,,"1 2 3 4 5 6 7 8 9 10 11 12 13 14 15 16 17 18 19 20 21 22 23 24 25 26 27 28 29 30 31 32 33 34 35 36 37 38 39 40 41 42 43 44 45 46 47 48 49 50 51 52 53 54 55 56 57 58 59 60 61 62 63 64 65 66 67 68 69 70 71","33.35 35.233962724311 38.797333279788 44.582527668588 52.303646176145 61.463933638507 72.059040082409 85.090885615535 98.526760534286 112.1651438249 125.29738169584 137.95457924877 150.87484451386 163.55591143868 177.01299224178 189.72530290926 202.56152314367 215.35294760491 227.86555606497 240.56241522491 253.21850255911 265.84018589801 279.3280606231 292.11565964343 305.76023199544 318.45848315241 332.11252480406 345.02796143133 358.16489229412 371.6240596449 384.13538461562 396.67459498512 409.32276257335 422.41632348779 435.51437930464 448.72127495614 462.04456436516 474.47656140733 487.08859194634 499.63272995569 512.19590595532 525.62856689849 538.35425220643 551.65228730049 564.46679261057 577.90629534784 590.47003334068 604.13972012688 616.97340302801 630.13619744335 643.53828888833 656.04811886492 669.14268424328 682.30869487252 694.72612137136 707.3578564764 720.62355716104 723.35 723.35 723.35 723.35 723.35 723.35 723.35 715.85599634559 703.05294673909 689.62505703807 676.36953119923 663.87262718504 651.3779043544 638.01397260122"
SAFA-LOW_SIGN-0-20230525-21:57:05-777964,vector,GridFlexeScenario.node[27].veinsmobility,posy,,,"1 2 3 4 5 6 7 8 9 10 11 12 13 14 15 16 17 18 19 20 21 22 23 24 25 26 27 28 29 30 31 32 33 34 35 36 37 38 39 40 41 42 43 44 45 46 47 48 49 50 51 52 53 54 55 56 57 58 59 60 61 62 63 64 65 66 67 68 69 70 71","26.65 26.65 26.65 26.65 26.65 26.65 26.65 26.65 26.65 26.65 26.65 26.65 26.65 26.65 26.65 26.65 26.65 26.65 26.65 26.65 26.65 26.65 26.65 26.65 26.65 26.65 26.65 26.65 26.65 26.65 26.65 26.65 26.65 26.65 26.65 26.65 26.65 26.65 26.65 26.65 26.65 26.65 26.65 26.65 26.65 26.65 26.65 26.65 26.65 26.65 26.65 26.65 26.65 26.65 26.65 26.65 26.702188132792 37.907797769631 50.881004950201 64.559242873408 77.22288853477 90.752405970257 104.16732956324 116.99973178209 123.35 123.35 123.35 123.35 123.35 123.35 123.35"
SAFA-LOW_SIGN-0-20230525-21:57:05-777964,vector,GridFlexeScenario.node[28].veinsmobility,posx,,,"1 2 3 4 5 6 7 8 9 10 11 12 13 14 15 16 17 18 19 20 21 22 23 24 25 26 27 28 29 30 31 32 33 34 35 36 37 38 39 40 41 42 43 44 45 46 47 48 49 50 51 52 53 54 55 56 57 58 59 60 61 62 63 64 65 66 67 68 69 70 71 72 73 74 75 76 77 78 79 80 81 82 83","534.85 537.39986981645 541.53560903529 548.15083336958 556.54329721457 567.51770295622 579.8751026053 593.63296996118 606.64263424998 615.39780126905 619.65296828812 625.6060967064 626.65 626.65 626.65 626.65 626.65 626.65 626.65 626.65 626.65 626.65 626.65 626.65 626.65 626.65 626.65 626.65 626.65 626.65 626.65 626.65 626.65 626.65 626.65 626.65 626.65 626.65 626.65 626.65 626.65 626.65 626.65 626.65 626.65 626.65 626.65 626.65 626.65 637.93072342278 651.18300450188 664.91410698034 678.6078504499 691.82681101856 705.60946419516 714.89211737176 719.67477054836 726.06257073169 733.79209561322 743.34585159433 754.764112906 768.48855861358 782.51258695391 796.6859716215 808.00924255156 816.04272320764 825.92570337253 837.82092239454 851.37566355786 864.71650588597 878.68691748188 892.59474772512 905.14686240776 913.36218545192 917.76913494093 923.23368961833 923.35 923.35 923.35 923.35 923.35 923.35 923.35"
SAFA-LOW_SIGN-0-20230525-21:57:05-777964,vector,GridFlexeScenario.node[28].veinsmobility,posy,,,"1 2 3 4 5 6 7 8 9 10 11 12 13 14 15 16 17 18 19 20 21 22 23 24 25 26 27 28 29 30 31 32 33 34 35 36 37 38 39 40 41 42 43 44 45 46 47 48 49 50 51 52 53 54 55 56 57 58 59 60 61 62 63 64 65 66 67 68 69 70 71 72 73 74 75 76 77 78 79 80 81 82 83","826.65 826.65 826.65 826.65 826.65 826.65 826.65 826.65 826.65 826.65 826.65 824.123172156 816.12331015696 805.41650960754 792.40524985556 779.10673023233 765.20898007062 751.4664980053 738.42577371262 725.05386438873 711.29055821972 697.96481762656 684.85006592252 671.60140982614 657.82318173339 643.75738119349 629.59012673212 615.81028227819 601.64944702869 587.80979639544 574.79548875974 561.55353375098 547.72574276328 533.75022942153 519.55143699697 506.06538189237 492.5371851714 479.32849037048 465.72981197413 452.12463213809 438.52144602749 424.51333086135 411.29036315791 396.98115344187 383.64968410008 370.63319526479 357.47121301069 343.15890697496 330.11523420958 326.65 326.65 326.65 326.65 326.65 326.65 326.65 326.65 326.65 326.65 326.65 326.65 326.65 326.65 326.65 326.65 326.65 326.65 326.65 326.65 326.65 326.65 326.65 326.65 326.65 326.65 328.9174625312 336.91026076807 347.40028566604 359.24536908055 373.26751445749 387.055695321 401.08485209112 415.11522964136"
SAFA-LOW_SIGN-0-20230525-21:57:05-777964,vector,GridFlexeScenario.node[29].veinsmobility,posx,,,"1 2 3 4 5 6 7 8 9 10 11 12 13 14 15 16 17 18 19 20 21 22 23 24 25 26 27 28 29 30 31 32 33 34 35 36 37 38 39 40 41 42 43 44 45 46 47 48 49 50 51 52 53 54 55 56 57 58 59 60 61 62 63 64 65 66 67 68 69 70 71 72 73 74 75 76 77 78 79 80 81 82 83 84 85 86 87","26.65 26.65 26.65 26.65 26.65 26.65 26.65 26.65 26.65 26.65 26.65 26.65 26.65 26.65 26.65 26.65 26.65 26.65 26.65 26.65 26.65 26.65 26.65 26.65 26.65 26.65 26.65 26.65 26.65 26.65 26.65 26.65 26.65 26.65 26.65 26.65 27.761828814792 42.112706846978 56.634203394575 72.333550193328 87.314896810712 100.97845903919 111.65093207487 117.82340511056 126.5129211827 137.4015827687 150.27594677203 165.31655316339 179.81562360465 194.24067260733 207.17276697815 215.60486134897 219.85119282039 226.47042318746 235.58622870968 247.2604236222 260.94253636689 275.63787316114 290.07525878225 303.58454017994 313.26639278253 318.90711040396 326.9127721532 336.82509162841 348.20995948397 360.92213783792 376.11319012227 391.76028451051 404.67477350111 414.00039554487 418.82601758863 425.67979772154 434.08649519615 443.8099439648 454.92476164548 468.39917973528 483.48164548481 498.87534026158 509.86720895686 516.84280654513 523.35 523.35 523.35 523.35 523.35 523.35 523.35"
SAFA-LOW_SIGN-0-20230525-21:57:05-777964,vector,GridFlexeScenario.node[29].veinsmobility,posy,,,"1 2 3 4 5 6 7 8 9 10 11 12 13 14 15 16 17 18 19 20 21 22 23 24 25 26 27 28 29 30 31 32 33 34 35 36 37 38 39 40 41 42 43 44 45 46 47 48 49 50 51 52 53 54 55 56 57 58 59 60 61 62 63 64 65 66 67 68 69 70 71 72 73 74 75 76 77 78 79 80 81 82 83 84 85 86 87","715.15 713.56898206233 710.21324793831 704.58126983226 697.33479035371 687.89531089067 677.07423999358 663.70889418183 648.55946044638 634.02343833367 618.89238233419 603.68941222459 588.26473079235 572.7947284026 558.32298511347 542.67701785803 527.33124600964 512.31367085048 497.66149619702 481.97288847645 466.44045688845 450.99189762473 435.81622619114 420.89761339323 406.40645398288 390.69577351803 375.12188607267 360.20313072739 345.5448917587 330.51464808692 315.96024842983 301.26323290752 286.70823461056 271.48055988255 256.96880289198 241.45777286994 227.22606354091 226.65 226.65 226.65 226.65 226.65 226.65 226.65 226.65 226.65 226.65 226.65 226.65 226.65 226.65 226.65 226.65 226.65 226.65 226.65 226.65 226.65 226.65 226.65 226.65 226.65 226.65 226.65 226.65 226.65 226.65 226.65 226.65 226.65 226.65 226.65 226.65 226.65 226.65 226.65 226.65 226.65 226.65 226.65 229.86795669627 240.27785291984 252.23136658478 265.50014007374 280.98832641778 296.04885651551 311.10321557311"
SAFA-LOW_SIGN-0-20230525-21:57:05-777964,vector,GridFlexeScenario.node[30].veinsmobility,posx,,,"1 2 3 4 5 6 7 8 9 10 11 12 13 14 15 16 17 18 19 20 21 22 23 24 25 26 27 28 29 30 31 32 33 34 35 36 37 38 39 40 41 42 43 44 45 46 47 48 49 50 51 52 53 54 55 56 57 58 59 60 61 62 63 64 65 66 67 68 69 70 71 72 73 74 75 76 77 78 79 80 81 82 83 84 85 86 87 88 89 90 91 92 93 94 95 96 97 98 99 100 101 102 103 104 105 106 107 108 109 110 111 112 113 114 115 116 117 118 119 120 121 122 123 124 125 126 127 128 129 130 131 132 133 134 135 136 137","23.35 23.35 23.35 23.35 23.35 23.35 23.35 23.35 23.35 24.251585288959 36.583528120451 50.032288031355 64.619984300041 78.736873990693 92.613111916694 105.08034101725 114.3856776956 119.19101437396 119.8365274409 122.32324583074 125.84968603538 126.65 126.65 126.65 126.65 126.65 126.65 126.65 126.65 126.65 126.65 126.65 126.65 126.65 126.65 126.65 126.65 126.65 126.65 126.65 126.65 126.65 126.65 126.65 126.65 126.65 126.65 126.65 126.65 126.65 128.19631395841 142.52468972222 156.27359856036 169.6336468954 182.99752128246 196.33031147668 208.18677926125 215.54324704581 219.14926379052 225.24069130949 232.79075904248 242.78967184592 254.47476294267 268.1472553221 282.37078323084 296.90193697826 308.72511767354 316.63840154325 326.86875128187 338.49900661748 352.58180336968 366.4390091093 380.82217040965 394.55332230028 407.56149020136 416.06965810244 426.15268567868 437.61689168627 451.23280214414 464.67115558114 478.04104028021 491.41587740255 504.15278501152 513.14996355678 517.66002260769 523.97103974063 531.91829942576 542.40344151578 555.23030989522 568.68129930887 582.33357181463 596.30997118893 608.62515083097 616.44033047301 625.77292169444 637.32887026025 650.23959043904 664.21144132782 677.65687120177 691.796970833 705.24277944413 714.18858805526 718.63439666639 725.13496828536 733.20502259053 743.34053958039 755.92787689845 770.42795548044 783.95066049467 797.44169533607 809.44983167553 816.95796801499 826.2519310595 838.00114347877 851.82822299113 866.24253718992 879.95940564328 893.85264261283 906.92806572781 915.71326668234 919.99846763688 925.36531550025 926.65 926.65 926.65 926.65 926.65 926.65 926.65 926.4799108142 914.14716443837 900.42227192589 886.10692879947 871.77996961122 857.56283742307 844.17517155969 830.0241094314"
SAFA-LOW_SIGN-0-20230525-21:57:05-777964,vector,GridFlexeScenario.node[30].veinsmobility,posy,,,"1 2 3 4 5 6 7 8 9 10 11 12 13 14 15 16 17 18 19 20 21 22 23 24 25 26 27 28 29 30 31 32 33 34 35 36 37 38 39 40 41 42 43 44 45 46 47 48 49 50 51 52 53 54 55 56 57 58 59 60 61 62 63 64 65 66 67 68 69 70 71 72 73 74 75 76 77 78 79 80 81 82 83 84 85 86 87 88 89 90 91 92 93 94 95 96 97 98 99 100 101 102 103 104 105 106 107 108 109 110 111 112 113 114 115 116 117 118 119 120 121 122 123 124 125 126 127 128 129 130 131 132 133 134 135 136 137","434.85 436.90376214006 441.30541095866 447.83484843064 456.96101420508 468.44684028807 481.24370666866 495.16992985783 509.46275623317 523.8859754816 526.65 526.65 526.65 526.65 526.65 526.65 526.65 526.65 526.65 526.35382202418 523.71718994103 517.69644648415 509.14081847716 499.08523459343 486.87208992429 473.34375738544 459.50243531811 445.12952957792 430.61998108971 416.62175304731 403.12634172667 388.93107749054 375.26699579596 361.26240994148 347.2097238161 333.44145217075 319.88161872217 306.17143085321 292.86522776135 279.35843268172 265.16691963156 251.61882834213 237.86300791889 223.26309973163 208.94958220926 194.98215604174 181.44477014527 168.09931428332 153.78723926677 139.69866688843 126.95903621306 126.65 126.65 126.65 126.65 126.65 126.65 126.65 126.65 126.65 126.65 126.65 126.65 126.65 126.65 126.65 126.65 126.65 126.65 126.65 126.65 126.65 126.65 126.65 126.65 126.65 126.65 126.65 126.65 126.65 126.65 126.65 126.65 126.65 126.65 126.65 126.65 126.65 126.65 126.65 126.65 126.65 126.65 126.65 126.65 126.65 126.65 126.65 126.65 126.65 126.65 126.65 126.65 126.65 126.65 126.65 126.65 126.65 126.65 126.65 126.65 126.65 126.65 126.65 126.65 126.65 126.65 126.65 126.65 126.65 126.65 124.52447416625 116.91886163852 107.24403768486 95.873292819566 82.669104856522 69.263231388961 55.555791352289 41.273619033278 27.075835943219 23.35 23.35 23.35 23.35 23.35 23.35 23.35"
SAFA-LOW_SIGN-0-20230525-21:57:05-777964,vector,GridFlexeScenario.node[31].veinsmobility,posx,,,"1 2 3 4 5 6 7 8 9 10 11 12 13 14 15 16 17 18 19 20 21 22 23 24 25 26 27 28 29 30 31 32 33 34 35 36 37 38 39 40 41 42 43 44 45 46 47 48 49 50 51 52 53 54 55 56 57 58 59 60 61 62 63 64 65","626.65 626.65 626.65 626.65 626.65 626.65 626.65 626.65 626.65 626.65 628.37568987546 639.6348002914 650.93441250141 663.06715336504 674.53172644656 685.84650661544 696.85534331524 708.0298284008 716.15328871885 723.35 723.35 723.35 723.35 723.35 723.35 723.35 723.35 724.15475037408 734.3503767567 745.96936579643 757.1432652849 768.8203529968 780.11037781964 791.85008112791 803.42330535074 813.1867789678 818.45025258485 826.11142657381 836.0207298609 847.43951980038 859.67212718986 871.73790862101 882.94311217046 894.59346843714 906.65718055733 914.51706813294 919.24704867228 925.20577397373 926.65 926.65 926.65 926.65 926.65 926.65 926.65 926.65 925.13117643112 914.48090665931 903.46806821698 891.82577446731 880.86177823288 869.49768588603 857.69048459128 846.07451949352 834.13968501483"
SAFA-LOW_SIGN-0-20230525-21:57:05-777964,vector,GridFlexeScenario.node[31].veinsmobility,posy,,,"1 2 3 4 5 6 7 8 9 10 11 12 13 14 15 16 17 18 19 20 21 22 23 24 25 26 27 28 29 30 31 32 33 34 35 36 37 38 39 40 41 42 43 44 45 46 47 48 49 50 51 52 53 54 55 56 57 58 59 60 61 62 63 64 65","215.15 212.92186997333 208.131429027 201.98652531886 193.66065459808 183.73619068386 172.28438567211 161.32064511799 149.91432390852 137.93826745439 126.84879476404 126.65 126.65 126.65 126.65 126.65 126.65 126.65 126.65 130.32718216623 142.06212834237 153.6410837949 165.43865525952 176.80968416922 187.77618145531 199.8646331283 212.07395301913 223.72458395681 226.65 226.65 226.65 226.65 226.65 226.65 226.65 226.65 226.65 226.65 226.65 226.65 226.65 226.65 226.65 226.65 226.65 226.65 226.65 224.79037671045 216.53039492256 206.28246115241 194.74109727101 182.67924677318 170.91791819978 159.54762034452 147.8753319126 136.19287854681 125.08529405187 123.35 123.35 123.35 123.35 123.35 123.35 123.35 123.35"
SAFA-LOW_SIGN-0-20230525-21:57:05-777964,vector,GridFlexeScenario.node[32].veinsmobility,posx,,,"1 2 3 4 5 6 7 8 9 10 11 12 13 14 15 16 17 18 19 20 21 22 23 24 25 26 27 28 29 30 31 32 33 34 35 36 37 38 39 40 41 42 43 44 45 46 47 48 49 50 51 52 53 54 55 56 57 58 59 60 61 62 63 64 65 66 67 68 69 70 71 72 73 74 75 76 77 78 79 80 81 82 83 84 85 86 87 88 89 90 91 92 93 94 95 96","626.65 626.65 626.65 626.65 626.65 626.65 626.65 626.65 626.65 626.65 626.05150254596 615.01406944922 602.7076439338 590.39112614673 577.72108115068 564.66393654627 552.66921154579 541.41128523707 534.15790984636 524.79574473807 513.63630558936 501.22361499956 488.37575000492 475.76703360391 463.04275633766 450.12710003586 438.96806153442 432.30902303297 424.14617663072 414.62804391237 403.50359557706 391.51231103688 378.52127934936 365.74238906982 352.87258756045 341.23723057273 333.44893925367 323.44555184774 312.07608514174 299.87960525121 286.99697435215 275.15153690855 262.59699155892 249.62880990507 238.61755186369 232.1062938223 223.67001033707 213.16521262532 200.63534709385 188.13135203467 176.11048578045 163.39630921942 150.81711898405 140.41763584135 133.82918991704 124.80248965102 113.64953452447 101.01744064384 88.777063560589 76.477286572442 64.069257601112 51.728474881986 40.850893584489 33.936830669601 26.780015372922 26.65 26.65 26.65 26.65 26.65 26.65 26.65 26.65 26.65 26.65 26.65 26.65 26.65 26.65 26.65 26.65 26.65 26.65 26.65 26.65 26.65 26.65 26.65 26.940093166113 38.734966920489 50.71429792564 62.597884139142 74.938559790724 86.792204433816 99.403390250697 112.34452411864"
SAFA-LOW_SIGN-0-20230525-21:57:05-777964,vector,GridFlexeScenario.node[32].veinsmobility,posy,,,"1 2 3 4 5 6 7 8 9 10 11 12 13 14 15 16 17 18 19 20 21 22 23 24 25 26 27 28 29 30 31 32 33 34 35 36 37 38 39 40 41 42 43 44 45 46 47 48 49 50 51 52 53 54 55 56 57 58 59 60 61 62 63 64 65 66 67 68 69 70 71 72 73 74 75 76 77 78 79 80 81 82 83 84 85 86 87 88 89 90 91 92 93 94 95 96","615.15 613.65346300099 610.61458058807 605.20826287544 597.97070665909 588.20382262722 575.98122081417 563.31601811042 551.24501073652 538.46782925265 526.61917090993 523.35 523.35 523.35 523.35 523.35 523.35 523.35 523.35 523.35 523.35 523.35 523.35 523.35 523.35 523.35 523.35 523.35 523.35 523.35 523.35 523.35 523.35 523.35 523.35 523.35 523.35 523.35 523.35 523.35 523.35 523.35 523.35 523.35 523.35 523.35 523.35 523.35 523.35 523.35 523.35 523.35 523.35 523.35 523.35 523.35 523.35 523.35 523.35 523.35 523.35 523.35 523.35 523.35 521.18063635355 511.0951252561 499.04762843974 486.82258131112 474.80378483277 462.57796255834 449.87802022672 437.6565546626 425.69341901641 412.98072570342 400.69048351544 388.14764658435 375.95789779517 364.07806266504 351.9562893295 339.63238438948 326.95312739434 315.05687700018 301.96409235319 290.06227148561 277.62421444161 265.71293285687 252.92633794079 241.07724343828 228.22713654327 226.65 226.65 226.65 226.65 226.65 226.65 226.65"
SAFA-LOW_SIGN-0-20230525-21:57:05-777964,vector,GridFlexeScenario.node[33].veinsmobility,posx,,,"1 2 3 4 5 6 7 8 9 10 11 12 13 14 15 16 17 18 19 20 21 22 23 24 25 26 27 28 29 30 31 32 33 34 35 36 37 38 39 40 41 42 43 44 45 46 47 48 49 50 51 52 53 54 55 56 57 58 59 60 61 62 63 64 65 66 67 68 69 70 71 72 73 74 75 76 77","923.35 923.35 923.35 923.35 923.35 923.35 923.35 923.35 923.35 923.35 923.35 913.97528161131 902.74664417643 892.32536296045 880.92251131253 869.61500349113 858.80718660836 847.51069700951 837.36164497789 831.71259294627 824.15382756067 814.28365444864 803.14077553133 792.49605376403 781.24069854659 769.7861428732 758.46679356976 747.37792960881 737.27778668855 731.67764376829 723.88974445453 714.62741517542 703.51271198739 692.41640905441 681.74352521747 670.39109306932 658.99234529144 648.46603690228 638.26538723574 632.5647375692 625.7144774205 623.35 623.35 623.35 623.35 623.35 623.35 623.35 623.35 623.35 623.35 623.35 623.35 623.35 623.35 623.35 623.35 623.35 623.35 623.35 623.35 623.35 623.35 623.35 623.35 623.35 623.35 623.35 623.35 623.35 623.35 623.35 623.35 623.35 623.35 623.35 623.35"
SAFA-LOW_SIGN-0-20230525-21:57:05-777964,vector,GridFlexeScenario.node[33].veinsmobility,posy,,,"1 2 3 4 5 6 7 8 9 10 11 12 13 14 15 16 17 18 19 20 21 22 23 24 25 26 27 28 29 30 31 32 33 34 35 36 37 38 39 40 41 42 43 44 45 46 47 48 49 50 51 52 53 54 55 56 57 58 59 60 61 62 63 64 65 66 67 68 69 70 71 72 73 74 75 76 77","134.85 136.86991173106 140.35442015773 146.32656402641 153.95802555005 163.73386531894 175.37700492729 186.68023007508 198.26024136983 209.0037939858 220.20640221356 223.35 223.35 223.35 223.35 223.35 223.35 223.35 223.35 223.35 223.35 223.35 223.35 223.35 223.35 223.35 223.35 223.35 223.35 223.35 223.35 223.35 223.35 223.35 223.35 223.35 223.35 223.35 223.35 223.35 224.4913135477 233.2341206716 243.74814570036 254.74726225511 265.22382474879 275.66011338589 286.05525878698 296.76847396394 307.9523268248 319.16253632728 330.17983260365 341.03334960339 351.71145597085 362.19845970606 372.94957112259 383.48151483794 394.12105684913 404.97027711214 416.3436477255 427.64660562182 438.12749743631 448.66974426465 459.35864673457 469.81643914717 480.60904835917 491.08077311133 502.26472761056 513.87938523243 524.76691068121 535.68371347796 546.56222226693 557.73941737695 568.57236466996 579.53808830993 590.31582902571 600.82567313426 612.05485595432"
SAFA-LOW_SIGN-0-20230525-21:57:05-777964,vector,GridFlexeScenario.node[34].veinsmobility,posx,,,"1 2 3 4 5 6 7 8 9 10 11 12 13 14 15 16 17 18 19 20 21 22 23 24 25 26 27 28 29 30 31 32 33 34 35 36 37 38 39 40 41 42 43 44 45 46 47 48 49 50 51 52 53 54 55 56 57 58 59 60 61 62","715.15 713.38721067382 709.17024330271 703.26981532851 694.95794736212 684.80815700507 672.70711348367 660.65464295432 649.56494114033 637.4221988392 625.79693949088 613.90444925963 602.43657595749 591.22492341089 579.63746084305 568.2500473513 556.14965399104 544.52243622366 532.91474049153 521.40222927888 509.63233890077 498.10547169515 486.08063567568 474.9629342833 463.80485930678 452.66054323942 440.41945595463 429.0164750205 417.4979484647 406.21983851704 395.14864738116 383.20240075719 372.22309817014 360.84479633276 349.43050100689 337.88238942754 326.36756082874 315.18739513935 303.85148051911 292.30924838511 280.23988892714 268.90956514521 256.95958355527 245.14190634544 233.79084747857 226.65 226.65 226.65 226.65 226.65 226.65 226.65 226.65 226.65 226.65 226.65 226.65 226.65 226.65 226.65 226.65 226.65"
SAFA-LOW_SIGN-0-20230525-21:57:05-777964,vector,GridFlexeScenario.node[34].veinsmobility,posy,,,"1 2 3 4 5 6 7 8 9 10 11 12 13 14 15 16 17 18 19 20 21 22 23 24 25 26 27 28 29 30 31 32 33 34 35 36 37 38 39 40 41 42 43 44 45 46 47 48 49 50 51 52 53 54 55 56 57 58 59 60 61 62","923.35 923.35 923.35 923.35 923.35 923.35 923.35 923.35 923.35 923.35 923.35 923.35 923.35 923.35 923.35 923.35 923.35 923.35 923.35 923.35 923.35 923.35 923.35 923.35 923.35 923.35 923.35 923.35 923.35 923.35 923.35 923.35 923.35 923.35 923.35 923.35 923.35 923.35 923.35 923.35 923.35 923.35 923.35 923.35 923.35 917.48549561145 905.78841612692 894.13134411861 882.92819482386 871.48013332419 859.41623666823 847.65659189151 836.5178382602 825.49494275448 813.26996835566 801.66187385042 790.37360881445 778.26584310137 766.70942922961 755.14643137856 744.08689062901 732.47795393498"
SAFA-LOW_SIGN-0-20230525-21:57:05-777964,vector,GridFlexeScenario.node[35].veinsmobility,posx,,,"1 2 3 4 5 6 7 8 9 10 11 12 13 14 15 16 17 18 19 20 21 22 23 24 25 26 27 28 29 30 31 32 33 34 35 36 37 38 39 40 41 42 43 44 45 46 47 48 49 50 51 52","534.85 536.41449412054 540.3405230171 545.852953617 553.18947900701 562.54642181227 574.37339722086 586.13598312708 598.06177139278 609.73845406996 616.91513674714 626.61848437493 638.02524465559 650.09457571355 661.77407282311 674.06128907178 685.70498664133 697.66339427991 709.59931365157 717.03523302323 719.97115239489 720.08635637004 720.14201269999 720.14846230887 721.85956790887 725.46407840455 731.52276450797 739.73456632577 750.02013589019 761.19805001886 773.07824785907 785.20988841872 796.66518686598 808.59288945646 816.39736204633 826.57383475585 838.8442001385 850.80336120318 862.03935472452 873.87261695044 885.67838738062 896.79883431019 907.90192060962 916.1464373891 923.35 923.35 923.35 923.35 923.35 923.35 923.35 923.35"
SAFA-LOW_SIGN-0-20230525-21:57:05-777964,vector,GridFlexeScenario.node[35].veinsmobility,posy,,,"1 2 3 4 5 6 7 8 9 10 11 12 13 14 15 16 17 18 19 20 21 22 23 24 25 26 27 28 29 30 31 32 33 34 35 36 37 38 39 40 41 42 43 44 45 46 47 48 49 50 51 52","626.65 626.65 626.65 626.65 626.65 626.65 626.65 626.65 626.65 626.65 626.65 626.65 626.65 626.65 626.65 626.65 626.65 626.65 626.65 626.65 626.65 626.65 626.65 626.65 626.65 626.65 626.65 626.65 626.65 626.65 626.65 626.65 626.65 626.65 626.65 626.65 626.65 626.65 626.65 626.65 626.65 626.65 626.65 626.65 631.07312410961 643.19697891784 655.46665187858 666.68573654104 678.3403127832 690.05050554822 701.77117067934 712.87637577891"
SAFA-LOW_SIGN-0-20230525-21:57:05-777964,vector,GridFlexeScenario.node[36].veinsmobility,posx,,,"1 2 3 4 5 6 7 8 9 10 11 12 13 14 15 16 17 18 19 20 21 22 23 24 25 26 27 28 29 30 31 32 33 34 35 36 37 38 39 40 41 42 43 44 45 46 47 48 49 50 51 52 53 54 55 56 57 58 59 60 61 62 63 64 65 66 67 68 69 70 71 72 73 74 75 76 77 78 79 80 81 82 83 84 85 86 87","223.35 223.35 223.35 223.35 223.35 223.35 223.35 223.35 223.35 223.35 223.35 223.35 223.35 223.35 223.35 223.35 223.35 223.35 223.35 223.35 223.35 223.35 223.35 223.35 223.35 223.35 223.35 223.35 223.35 223.35 223.35 223.35 227.96565006589 240.85146353864 254.42343961011 267.93821634295 281.38521452264 294.1358635045 306.38262280958 314.44909203447 318.38342347698 323.88274752314 331.19108292662 340.40180011255 351.57511504062 364.0804858407 377.40603736896 390.30591138797 404.10005888571 413.39420638344 418.18835388117 424.78194287121 433.43067426645 443.40720181593 454.94254538716 468.27534578213 481.40222350797 494.4748221805 506.70098413158 514.91836633718 519.59732389744 526.177696261 534.65038976115 545.62925389728 558.87617643759 572.45659976454 585.27481981281 599.26462347612 609.90541934308 617.03764736391 626.65759277309 638.52850962046 651.98968897948 665.47828898934 678.2829467644 691.04099190514 704.50538767449 713.66865693724 718.33192619999 724.99310192533 733.05475246856 743.02906618116 754.70258127036 768.643438672 781.64773518797 794.70466241582 808.11381154797"
SAFA-LOW_SIGN-0-20230525-21:57:05-777964,vector,GridFlexeScenario.node[36].veinsmobility,posy,,,"1 2 3 4 5 6 7 8 9 10 11 12 13 14 15 16 17 18 19 20 21 22 23 24 25 26 27 28 29 30 31 32 33 34 35 36 37 38 39 40 41 42 43 44 45 46 47 48 49 50 51 52 53 54 55 56 57 58 59 60 61 62 63 64 65 66 67 68 69 70 71 72 73 74 75 76 77 78 79 80 81 82 83 84 85 86 87","334.85 336.88320662659 341.48270915688 347.96765046846 356.48667266888 367.05921672727 379.80232551924 393.54570341198 406.75007227013 420.36994230926 434.00283921549 447.96837921134 461.27280910224 474.64639046086 488.04886409908 500.95837459084 514.3805869056 527.85518542444 541.3328121473 554.94078747875 567.83890097926 581.39373756132 595.12266228996 607.87259830311 621.36595653807 634.84668052588 648.20842150361 661.72270404562 675.22309452053 688.94382238983 701.99325979907 714.76454761489 726.39509286656 726.65 726.65 726.65 726.65 726.65 726.65 726.65 726.65 726.65 726.65 726.65 726.65 726.65 726.65 726.65 726.65 726.65 726.65 726.65 726.65 726.65 726.65 726.65 726.65 726.65 726.65 726.65 726.65 726.65 726.65 726.65 726.65 726.65 726.65 726.65 726.65 726.65 726.65 726.65 726.65 726.65 726.65 726.65 726.65 726.65 726.65 726.65 726.65 726.65 726.65 726.65 726.65 726.65 726.65"
SAFA-LOW_SIGN-0-20230525-21:57:05-777964,vector,GridFlexeScenario.node[37].veinsmobility,posx,,,"1 2 3 4 5 6 7 8 9 10 11 12 13 14 15 16 17 18 19 20 21 22 23 24 25 26 27 28 29 30 31 32 33 34 35 36 37 38 39 40 41 42 43 44 45 46 47 48 49 50 51 52 53 54 55 56 57 58 59 60 61 62 63 64 65 66 67 68 69 70 71 72 73 74 75 76 77 78 79 80 81 82 83 84 85","615.15 613.77784558691 609.9866850314 604.19885210104 596.49233042486 586.43644228748 574.79646685926 562.92973368367 550.70911110878 538.8920240554 527.38445987296 514.95284141129 503.03566599377 491.58395893015 479.07575034291 467.61760048804 456.20839097261 444.71437950837 433.22806447262 421.7171098916 409.90952256022 398.09350798172 385.94751587477 373.34866823618 360.9360523464 348.73672229221 337.29279277738 325.27511261454 323.35 323.35 323.35 323.35 323.35 323.35 323.35 323.35 323.35 323.35 323.35 323.35 323.35 323.35 323.35 323.35 323.35 323.35 323.35 323.35 323.35 323.35 323.35 323.35 323.35 323.35 323.35 323.35 323.35 323.35 323.35 323.35 323.35 323.35 323.35 323.35 323.35 323.35 323.35 323.35 323.35 323.35 323.35 323.35 323.35 323.35 323.35 323.35 323.35 323.01664807176 312.22138231536 299.70370561528 287.39192293841 275.16545437155 262.54296432405 250.93804454809 239.05025747671"
SAFA-LOW_SIGN-0-20230525-21:57:05-777964,vector,GridFlexeScenario.node[37].veinsmobility,posy,,,"1 2 3 4 5 6 7 8 9 10 11 12 13 14 15 16 17 18 19 20 21 22 23 24 25 26 27 28 29 30 31 32 33 34 35 36 37 38 39 40 41 42 43 44 45 46 47 48 49 50 51 52 53 54 55 56 57 58 59 60 61 62 63 64 65 66 67 68 69 70 71 72 73 74 75 76 77 78 79 80 81 82 83 84 85","23.35 23.35 23.35 23.35 23.35 23.35 23.35 23.35 23.35 23.35 23.35 23.35 23.35 23.35 23.35 23.35 23.35 23.35 23.35 23.35 23.35 23.35 23.35 23.35 23.35 23.35 23.35 24.754932431277 36.209192814041 48.154923389687 60.688533965735 72.652800471764 84.722293245598 96.458985331373 107.96559903981 119.70325419138 131.78680486727 143.82823497001 155.48027194243 167.63914486981 180.116335756 192.55506597313 204.59981569124 216.27143792451 228.24656740496 240.51575260421 252.02825030818 263.61145608841 275.11317596875 287.23354650931 298.76604844204 310.85725013295 323.18326276116 334.9674976621 347.22180974502 359.37402160571 371.00800009401 383.61224970293 395.04034505754 406.95896122291 418.70501742769 430.25427354446 441.83766977841 453.86270173759 466.33757580213 478.17825817107 489.92929914561 502.23885639986 514.27475295855 526.12889026226 537.96227847513 550.39607548582 562.95435942101 574.89957307398 586.79244020146 598.9411521867 610.56808269812 621.8432505951 623.35 623.35 623.35 623.35 623.35 623.35 623.35"
SAFA-LOW_SIGN-0-20230525-21:57:05-777964,vector,GridFlexeScenario.node[38].veinsmobility,posx,,,"1 2 3 4 5 6 7 8 9 10 11 12 13 14 15 16 17 18 19 20 21 22 23 24 25 26 27 28 29 30 31 32 33 34 35 36 37 38 39 40 41 42 43 44 45 46 47 48 49 50 51 52 53 54","34.85 37.302464992669 41.088101969264 46.52638392786 54.107757737557 63.369244868821 74.191246024845 86.215472678608 98.539950249997 109.32512651304 116.66641906303 125.49506808679 126.65 126.65 126.65 126.65 126.65 126.65 126.65 126.65 126.65 126.65 126.65 126.65 126.65 126.65 126.65 126.65 126.65 126.65 126.65 126.65 126.65 126.65 126.65 126.65 133.89752625749 146.41038250211 158.8922642039 170.50459410076 182.18087253818 194.30570230734 206.23871634417 214.53227259084 219.40605909842 226.2497001502 234.87591692278 245.36367576248 257.02385720401 269.79496739241 282.54515637108 294.92989943724 306.78175271801 318.5141939939"
SAFA-LOW_SIGN-0-20230525-21:57:05-777964,vector,GridFlexeScenario.node[38].veinsmobility,posy,,,"1 2 3 4 5 6 7 8 9 10 11 12 13 14 15 16 17 18 19 20 21 22 23 24 25 26 27 28 29 30 31 32 33 34 35 36 37 38 39 40 41 42 43 44 45 46 47 48 49 50 51 52 53 54","726.65 726.65 726.65 726.65 726.65 726.65 726.65 726.65 726.65 726.65 726.65 724.30821985536 713.19853844136 700.38062885428 687.90515609899 676.21891117185 663.4315203396 651.50410295193 639.75482511435 627.50443801585 615.67824967367 603.32965428292 590.8888135949 578.55133666427 565.75969335223 553.27624885482 541.49356488928 528.71251348462 517.04202224694 505.30619101832 492.57086805783 480.71037379741 468.3347869864 456.02477817861 444.41843714767 432.81661074177 426.65 426.65 426.65 426.65 426.65 426.65 426.65 426.65 426.65 426.65 426.65 426.65 426.65 426.65 426.65 426.65 426.65 426.65"
SAFA-LOW_SIGN-0-20230525-21:57:05-777964,vector,GridFlexeScenario.node[39].veinsmobility,posx,,,"1 2 3 4 5 6 7 8 9 10 11 12 13 14 15 16 17 18 19 20 21 22 23 24 25 26 27 28 29 30 31 32 33 34 35 36 37 38 39 40 41 42 43 44 45 46 47 48 49 50","334.85 336.9630978514 340.44026709776 345.5658442243 352.51316531869 361.857662183 373.5993661664 385.7446175204 396.83934857557 408.27865910918 415.5433352028 420.069407753 425.31994544591 426.65 426.65 426.65 426.65 426.65 426.65 426.65 426.65 425.70711132918 414.70110699108 402.66742204226 391.1195682382 379.12827905026 367.64590745882 355.88823512474 344.54726617511 335.4385197775 330.8297733799 324.04702136556 315.08094442238 304.61848837011 293.20447144111 282.24661600826 270.52684594617 259.54692046229 247.90564628155 238.25807290903 232.97076461294 226.83989079609 226.65 226.65 226.65 226.65 226.65 226.65 226.65 226.65"
SAFA-LOW_SIGN-0-20230525-21:57:05-777964,vector,GridFlexeScenario.node[39].veinsmobility,posy,,,"1 2 3 4 5 6 7 8 9 10 11 12 13 14 15 16 17 18 19 20 21 22 23 24 25 26 27 28 29 30 31 32 33 34 35 36 37 38 39 40 41 42 43 44 45 46 47 48 49 50","326.65 326.65 326.65 326.65 326.65 326.65 326.65 326.65 326.65 326.65 326.65 326.65 324.60009092349 316.84486575493 306.34959267832 294.45370133951 283.42586016101 271.54849101818 260.26083676028 248.7562243068 237.81524250786 226.04518554863 223.35 223.35 223.35 223.35 223.35 223.35 223.35 223.35 223.35 223.35 223.35 223.35 223.35 223.35 223.35 223.35 223.35 223.35 223.35 221.60921832991 213.0427236246 202.29404213219 190.56850555671 178.8585705105 166.72352770988 155.37939721546 143.53322644752 132.18647884734"
SAFA-LOW_SIGN-0-20230525-21:57:05-777964,vector,GridFlexeScenario.node[40].veinsmobility,posx,,,"1 2 3 4 5 6 7 8 9 10 11 12 13 14 15 16 17 18 19 20 21 22 23 24 25 26 27 28 29 30 31 32 33 34 35 36 37 38 39 40 41 42 43 44 45 46 47 48 49 50 51 52 53 54 55 56 57 58 59 60 61 62 63 64 65 66 67 68","215.15 213.09212859797 209.73059744651 204.70548813113 198.2927033853 189.28006733488 177.83399306657 164.18095113633 150.14721602226 139.07259334182 132.49797066138 124.35998070996 123.35 123.35 123.35 123.35 123.35 123.35 123.35 123.35 123.35 123.35 123.35 123.35 123.35 132.50595520981 148.72770035876 164.4196252273 180.69641317523 196.06005880588 208.47404504503 216.38803128418 219.80201752333 220.11619083627 222.45566862008 226.42235264509 232.47309039439 240.88559476822 251.21060582111 262.86833956693 276.60171725212 291.56996516935 304.71899659058 313.36802801182 318.76291265258 326.47103697585 335.7688273939 346.94305278853 360.1775095372 375.90641841469 390.64895854354 404.75942468082 414.3698908181 419.48035695538 423.35 423.35 423.35 423.35 423.35 423.35 423.35 423.35 412.85318343487 397.15799053455 381.29640899982 365.05742234201 349.85679879957 333.69284105199"
SAFA-LOW_SIGN-0-20230525-21:57:05-777964,vector,GridFlexeScenario.node[40].veinsmobility,posy,,,"1 2 3 4 5 6 7 8 9 10 11 12 13 14 15 16 17 18 19 20 21 22 23 24 25 26 27 28 29 30 31 32 33 34 35 36 37 38 39 40 41 42 43 44 45 46 47 48 49 50 51 52 53 54 55 56 57 58 59 60 61 62 63 64 65 66 67 68","323.35 323.35 323.35 323.35 323.35 323.35 323.35 323.35 323.35 323.35 323.35 325.9333654834 336.32220681929 348.87436156378 362.91694957799 378.12339626097 393.30290247712 408.65253690134 423.79454906859 439.82490341895 455.77701983141 471.53678394736 486.99648034236 502.39463485261 517.52073208953 526.65 526.65 526.65 526.65 526.65 526.65 526.65 526.65 526.65 526.65 526.65 526.65 526.65 526.65 526.65 526.65 526.65 526.65 526.65 526.65 526.65 526.65 526.65 526.65 526.65 526.65 526.65 526.65 526.65 530.57234363284 538.47703875758 547.79327986934 558.64370532514 571.47919678939 586.37752703829 601.91696164738 617.2962141487 623.35 623.35 623.35 623.35 623.35 623.35"
SAFA-LOW_SIGN-0-20230525-21:57:05-777964,vector,GridFlexeScenario.node[41].veinsmobility,posx,,,"1 2 3 4 5 6 7 8 9 10 11 12 13 14 15 16 17 18 19 20 21 22 23 24 25 26 27 28 29 30 31 32 33 34 35 36 37 38 39 40 41 42 43 44 45 46 47 48 49 50 51 52 53 54","726.65 726.65 726.65 726.65 726.65 726.65 726.65 726.65 726.65 726.65 726.65 726.65 726.65 726.65 726.65 726.65 726.65 726.65 726.65 726.65 726.65 726.65 724.38928329984 715.49966117173 705.42063262334 695.17038259395 685.29989559537 675.6905593676 665.34879350571 655.15402641871 645.17082982164 635.81410407784 630.95737833403 624.68740463123 623.35 623.35 623.35 623.35 623.35 623.35 623.35 623.35 623.35 623.61948731143 631.52167445767 641.67864459619 651.89008794352 661.11444975796 670.88726849961 680.40145530152 689.80669028723 698.96545231549 709.16032991756 718.97127310212"
SAFA-LOW_SIGN-0-20230525-21:57:05-777964,vector,GridFlexeScenario.node[41].veinsmobility,posy,,,"1 2 3 4 5 6 7 8 9 10 11 12 13 14 15 16 17 18 19 20 21 22 23 24 25 26 27 28 29 30 31 32 33 34 35 36 37 38 39 40 41 42 43 44 45 46 47 48 49 50 51 52 53 54","815.15 813.8357149679 810.31732730651 804.91334778443 797.78229183499 788.41711737402 778.55948804237 768.25615509561 759.09677387612 749.27077483077 740.05599817878 730.26683916021 720.48816593945 710.94484236619 701.01244454126 690.78346169738 681.17844790325 671.18045190542 661.96900660765 652.47767537784 642.99375751093 633.23189427869 624.5535699799 623.35 623.35 623.35 623.35 623.35 623.35 623.35 623.35 623.35 623.35 625.38765894795 634.07804143542 643.59599864983 652.95138226492 662.65975623513 672.61863460246 682.70070238574 692.40395627045 701.55154046006 711.94771391582 722.13641117999 726.65 726.65 726.65 726.65 726.65 726.65 726.65 726.65 726.65 726.65"
SAFA-LOW_SIGN-0-20230525-21:57:05-777964,vector,GridFlexeScenario.node[42].veinsmobility,posx,,,"1 2 3 4 5 6 7 8 9 10 11 12 13 14 15 16 17 18 19 20 21 22 23 24 25 26 27 28 29 30 31 32 33 34 35 36 37 38 39 40 41 42 43 44 45 46 47 48 49 50 51 52 53 54 55 56 57 58 59","34.85 36.349338869634 39.719162538764 45.097648176923 52.618306428124 61.977357877581 73.239934659027 84.180885124046 95.853623899402 107.24837475324 115.49656684485 119.89796160867 123.35 123.35 123.35 123.35 123.35 123.35 123.35 123.35 123.35 126.7000667302 137.57059775995 148.93015199899 159.80461370805 171.58486504759 182.49360568765 193.53507213653 204.68578359576 213.05592498024 218.11257896214 225.43517399381 235.26739241299 247.16691239432 258.09907294365 269.99064147906 281.16547650674 292.467764955 303.37974587896 313.1245847389 318.36942359884 325.06911146042 333.14102503861 343.44057269619 354.7349199966 366.26221731479 378.24424926824 389.61849903923 400.55001304203 410.75261766123 417.49694843726 423.35 423.35 423.35 423.35 423.35 423.35 423.35 423.35"
SAFA-LOW_SIGN-0-20230525-21:57:05-777964,vector,GridFlexeScenario.node[42].veinsmobility,posy,,,"1 2 3 4 5 6 7 8 9 10 11 12 13 14 15 16 17 18 19 20 21 22 23 24 25 26 27 28 29 30 31 32 33 34 35 36 37 38 39 40 41 42 43 44 45 46 47 48 49 50 51 52 53 54 55 56 57 58 59","526.65 526.65 526.65 526.65 526.65 526.65 526.65 526.65 526.65 526.65 526.65 526.65 531.33743128569 540.112330929 550.33359535613 561.18321114252 571.95911881451 582.81677249491 593.59545478847 604.55150969923 615.47843168929 626.10004003812 626.65 626.65 626.65 626.65 626.65 626.65 626.65 626.65 626.65 626.65 626.65 626.65 626.65 626.65 626.65 626.65 626.65 626.65 626.65 626.65 626.65 626.65 626.65 626.65 626.65 626.65 626.65 626.65 626.65 630.081308678 640.68079646401 652.32321062611 663.78329522358 675.64888753204 687.54004096203 699.32043944151 711.17177510621"
SAFA-LOW_SIGN-0-20230525-21:57:05-777964,vector,GridFlexeScenario.node[43].veinsmobility,posx,,,"1 2 3 4 5 6 7 8 9 10 11 12 13 14 15 16 17 18 19 20 21 22 23 24 25 26 27 28 29 30 31 32 33 34 35","823.35 823.35 823.35 823.35 823.35 823.35 823.35 823.35 823.35 823.35 823.35 823.35 823.35 823.35 823.35 823.35 823.35 823.35 823.35 823.35 823.35 823.35 823.35 823.35 823.35 823.35 823.35 828.91843765429 841.04260877569 852.80736753177 865.19895684614 877.26888010021 889.1100232428 901.65272015817 913.74547824502"
SAFA-LOW_SIGN-0-20230525-21:57:05-777964,vector,GridFlexeScenario.node[43].veinsmobility,posy,,,"1 2 3 4 5 6 7 8 9 10 11 12 13 14 15 16 17 18 19 20 21 22 23 24 25 26 27 28 29 30 31 32 33 34 35","434.85 437.19550698879 441.59062573479 448.04232464095 456.51193183549 467.44954694589 479.02918246569 491.15686733735 503.19512245139 514.71179108794 526.30431868424 537.75685989676 550.04222319152 562.39857451324 573.71628162233 585.83471849689 597.11453948137 609.3780614881 621.18575620533 632.90936695517 644.6815735633 656.99723323825 669.06294970781 680.80739022204 692.67601334526 704.96860373314 717.17010571058 726.53120537918 726.65 726.65 726.65 726.65 726.65 726.65 726.65"
SAFA-LOW_SIGN-0-20230525-21:57:05-777964,vector,GridFlexeScenario.node[44].veinsmobility,posx,,,"1 2 3 4 5 6 7 8 9 10 11 12 13 14 15 16 17 18 19 20 21 22 23 24 25 26 27 28 29 30 31 32 33 34 35 36 37 38 39 40 41 42 43 44 45 46 47 48 49 50 51 52 53 54 55 56 57 58 59 60 61 62 63 64 65 66 67 68 69 70 71 72 73 74 75 76 77","223.35 223.35 223.35 223.35 223.35 223.35 223.35 223.35 223.35 223.35 223.35 218.68340517611 208.53974579194 196.87826183505 183.8368964066 168.47157182353 152.40686554226 136.57751932399 126.65 126.65 126.65 126.65 126.65 126.65 126.65 126.65 126.65 126.65 126.65 126.65 126.65 126.65 126.65 126.65 126.65 126.65 126.65 126.65 126.65 126.65 126.65 126.65 126.65 126.65 126.65 126.65 126.65 126.65 126.65 126.65 126.65 126.65 126.65 126.65 126.65 126.65 126.65 126.65 126.65 126.65 126.65 126.65 126.65 136.30246881894 151.29721625732 166.08285976433 181.00976622427 196.17368765317 208.20696168504 215.89187698621 223.35 223.35 223.35 223.35 223.35 223.35 223.35"
SAFA-LOW_SIGN-0-20230525-21:57:05-777964,vector,GridFlexeScenario.node[44].veinsmobility,posy,,,"1 2 3 4 5 6 7 8 9 10 11 12 13 14 15 16 17 18 19 20 21 22 23 24 25 26 27 28 29 30 31 32 33 34 35 36 37 38 39 40 41 42 43 44 45 46 47 48 49 50 51 52 53 54 55 56 57 58 59 60 61 62 63 64 65 66 67 68 69 70 71 72 73 74 75 76 77","834.85 837.1145391315 841.08959577144 846.47211054708 854.18821106001 863.21771935141 873.91276618291 887.09400814595 901.5954752899 912.21490616339 918.33433703688 923.35 923.35 923.35 923.35 923.35 923.35 923.35 916.25022651147 900.7002654245 885.63022696725 870.23845168045 854.55857364961 838.73689256817 822.77613754222 806.97563105955 790.92723099827 775.14563859934 760.22030749563 744.69864946172 728.81171565164 712.79078167012 697.33624221594 681.31199830661 666.05804192356 650.07693314689 634.90792605233 619.66098507811 603.66034200976 588.52903223662 573.54377286555 558.44470399107 542.39183978812 526.60314943654 510.93485021431 495.21619236001 479.26119746121 464.17159082849 448.6069095336 432.96656721039 417.49903097218 402.11687695119 386.7781729531 371.87826293578 356.61426863087 340.74604682094 325.85498908679 310.29675725179 295.09238477724 279.53544417049 264.42367415117 248.84286255865 233.38308964782 226.65 226.65 226.65 226.65 226.65 226.65 226.65 230.53562213639 242.23654555827 255.58014034855 270.60186386136 286.0923188797 301.45481964162 316.77180025213"
SAFA-LOW_SIGN-0-20230525-21:57:05-777964,vector,GridFlexeScenario.node[45].veinsmobility,posx,,,"1 2 3 4 5 6 7 8 9 10 11 12 13 14 15 16 17 18 19 20 21 22 23 24 25 26 27 28 29 30 31 32 33 34 35 36 37 38 39 40 41 42 43 44 45 46 47 48 49 50 51 52 53 54","415.15 412.83859112279 407.99891640255 401.69119367683 393.8641971431 383.7059355096 371.42053184009 359.72227528491 348.10310305097 338.15400324763 331.86926896816 323.77980170874 313.6445891755 301.08736880544 288.4812868182 276.7697220293 265.07076438833 252.26754372602 241.51239159841 233.52962833559 224.03429379405 212.45418877904 199.99603911787 187.19693352234 175.13787075608 163.41350752289 151.5786159011 140.38274523933 133.29027679026 126.65 126.65 126.65 126.65 126.65 126.65 126.65 126.65 126.65 126.65 126.65 126.65 126.65 126.65 126.65 126.65 126.65 126.65 126.65 126.65 126.65 126.65 126.65 126.65 126.65"
SAFA-LOW_SIGN-0-20230525-21:57:05-777964,vector,GridFlexeScenario.node[45].veinsmobility,posy,,,"1 2 3 4 5 6 7 8 9 10 11 12 13 14 15 16 17 18 19 20 21 22 23 24 25 26 27 28 29 30 31 32 33 34 35 36 37 38 39 40 41 42 43 44 45 46 47 48 49 50 51 52 53 54","523.35 523.35 523.35 523.35 523.35 523.35 523.35 523.35 523.35 523.35 523.35 523.35 523.35 523.35 523.35 523.35 523.35 523.35 523.35 523.35 523.35 523.35 523.35 523.35 523.35 523.35 523.35 523.35 523.35 519.91573103628 509.89554288301 498.36233135916 487.71639108379 476.62860804617 465.04095254249 453.68636029243 441.99508454566 429.75213887307 417.78705669059 405.26081694428 392.56264389693 380.84054980484 368.24797780771 355.94841645247 343.70904447771 331.1933393887 319.23670433003 306.67695455696 294.98519694862 282.70562502685 270.86222900454 258.97410465399 247.32447004993 234.94669218713"
SAFA-LOW_SIGN-0-20230525-21:57:05-777964,vector,GridFlexeScenario.node[46].veinsmobility,posx,,,"1 2 3 4 5 6 7 8 9 10 11 12 13 14 15 16 17 18 19 20 21 22 23 24 25 26 27 28 29 30 31 32 33 34 35 36 37 38 39 40 41 42 43 44 45 46 47 48 49 50 51 52 53 54 55 56","434.85 436.31454177557 439.11998068665 443.39546669759 449.58084031499 457.81715788103 468.09386598435 480.4480714398 494.78036756604 507.54609629083 515.81182501563 525.15487475242 526.65 526.65 526.65 526.65 526.65 526.65 526.65 526.65 526.65 526.65 526.65 526.65 526.65 533.88540219782 548.45810225193 563.86517778357 579.26527103862 594.46438037033 606.7241801561 615.26392882694 619.30367749778 625.17011910829 633.0085226087 642.75103397508 654.57949564882 668.34408666884 682.55804094795 696.9245803727 708.08589878064 715.93509694346 725.02282529251 726.65 726.65 726.65 726.65 726.65 726.65 725.93971513434 712.31506225996 696.89623146372 682.71939587116 667.45929875071 652.88776788404 637.86503626546"
SAFA-LOW_SIGN-0-20230525-21:57:05-777964,vector,GridFlexeScenario.node[46].veinsmobility,posy,,,"1 2 3 4 5 6 7 8 9 10 11 12 13 14 15 16 17 18 19 20 21 22 23 24 25 26 27 28 29 30 31 32 33 34 35 36 37 38 39 40 41 42 43 44 45 46 47 48 49 50 51 52 53 54 55 56","526.65 526.65 526.65 526.65 526.65 526.65 526.65 526.65 526.65 526.65 526.65 524.87520874596 513.80767127732 499.8722291227 485.36217971135 470.12887184585 455.15821961691 439.8633259 424.49210512202 409.56368735679 395.34399510368 380.36016092752 366.09298073176 351.08005423822 335.73328649843 326.65 326.65 326.65 326.65 326.65 326.65 326.65 326.65 326.65 326.65 326.65 326.65 326.65 326.65 326.65 326.65 326.65 325.06630482449 313.77790767222 300.19604203448 285.3269011475 270.17972188469 255.4288303152 241.17135129546 226.43285855723 223.35 223.35 223.35 223.35 223.35 223.35"
SAFA-LOW_SIGN-0-20230525-21:57:05-777964,vector,GridFlexeScenario.node[47].veinsmobility,posx,,,"1 2 3 4 5 6 7 8 9 10 11 12 13 14 15 16 17 18 19 20 21 22 23 24 25 26 27 28 29 30 31 32 33 34 35 36 37 38 39 40 41 42 43 44 45 46 47 48 49 50 51 52 53 54 55 56 57 58 59 60 61 62 63 64 65 66 67 68 69 70 71 72 73 74 75 76 77 78 79 80 81 82 83 84 85 86 87 88 89 90 91 92 93 94 95 96 97 98 99 100 101 102 103","315.15 313.65728474739 310.74714134345 306.30745846818 299.75145801774 291.86719521771 282.59603711637 271.23911948102 258.40235290635 245.46693910827 236.58634223069 231.63688230871 224.11863714929 215.05855106788 203.41195139207 190.65054953306 178.06778531408 165.48145359644 152.89075769109 140.72064449078 133.05053129048 124.11389712296 123.35 123.35 123.35 123.35 123.35 123.35 123.35 123.35 123.35 123.35 123.35 123.35 123.35 123.35 123.35 123.35 123.35 123.35 123.35 123.35 123.35 123.35 123.35 123.35 123.35 123.35 123.35 123.35 123.35 123.35 123.35 123.35 123.35 123.35 123.35 123.35 123.35 123.35 123.35 123.35 123.35 123.35 123.35 123.35 123.35 123.35 123.35 123.35 123.35 123.35 123.35 123.35 123.35 123.35 123.35 123.35 123.35 123.35 123.35 123.35 123.35 123.35 123.35 123.35 124.59806126416 131.86858362629 141.49864751948 153.13039760092 165.07312912625 177.59893023125 190.50183315023 202.71314165743 215.07564059518 226.14308793789 226.65 226.65 226.65 226.65 226.65 226.65 226.65"
SAFA-LOW_SIGN-0-20230525-21:57:05-777964,vector,GridFlexeScenario.node[47].veinsmobility,posy,,,"1 2 3 4 5 6 7 8 9 10 11 12 13 14 15 16 17 18 19 20 21 22 23 24 25 26 27 28 29 30 31 32 33 34 35 36 37 38 39 40 41 42 43 44 45 46 47 48 49 50 51 52 53 54 55 56 57 58 59 60 61 62 63 64 65 66 67 68 69 70 71 72 73 74 75 76 77 78 79 80 81 82 83 84 85 86 87 88 89 90 91 92 93 94 95 96 97 98 99 100 101 102 103","123.35 123.35 123.35 123.35 123.35 123.35 123.35 123.35 123.35 123.35 123.35 123.35 123.35 123.35 123.35 123.35 123.35 123.35 123.35 123.35 123.35 126.34350479507 137.37222311165 149.70437362379 161.75587104513 174.92947022152 187.39526801454 199.63686416477 212.57042267559 225.80254810118 238.68073272578 251.45625246437 264.32061911334 276.56004424281 288.72006861774 301.90484022084 314.69129929969 327.06492221814 339.63427347072 352.13836302444 364.07755613954 377.19444676992 390.23544912178 402.52768873307 414.52119955944 427.66137625255 440.24386623421 452.78471735495 465.66270589356 478.16765925194 490.16017676875 502.8039117816 515.58738446772 528.09142140206 540.95001253686 553.20854882218 566.13276633086 579.03671970748 591.91825425963 604.03854226139 616.92482512316 628.92531358785 641.39429318007 654.53560657762 667.22500858731 679.56967799463 692.22852294474 704.85532914878 717.23115321342 729.5693977878 742.54637431525 754.70906348104 767.41563227732 779.86009799876 791.8016195914 804.68767227696 817.52736875098 829.80373776333 842.22431622027 854.23320377106 866.81874835254 879.56678948921 891.84310739983 904.30383327036 913.49190645819 918.20987569973 924.46343544027 926.65 926.65 926.65 926.65 926.65 926.65 926.65 926.65 923.22818677019 910.07709143965 897.37742912651 884.75704838651 872.64636945135 860.20286554382 847.84149481973 834.95016103329"
SAFA-LOW_SIGN-0-20230525-21:57:05-777964,vector,GridFlexeScenario.node[48].veinsmobility,posx,,,"1 2 3 4 5 6 7 8 9 10 11 12 13 14 15 16 17 18 19 20 21 22 23 24 25 26 27 28 29 30 31 32 33 34 35 36 37 38 39 40 41 42 43 44 45 46 47 48 49 50 51 52 53 54 55 56 57 58 59 60 61 62 63 64 65 66 67 68 69 70 71 72 73 74 75 76 77 78 79 80 81 82 83 84 85 86 87 88 89 90 91 92 93 94 95 96 97 98 99 100 101 102 103 104 105 106 107 108 109","226.65 226.65 226.65 226.65 226.65 226.65 226.65 226.65 226.65 226.65 226.65 226.65 226.65 226.65 226.65 226.65 226.65 226.65 226.65 226.65 226.65 226.65 226.65 226.65 226.65 226.65 226.65 226.65 226.65 226.65 226.65 226.65 226.65 226.65 226.65 226.65 226.65 226.65 226.65 226.65 226.65 226.65 226.65 226.65 226.65 226.65 226.65 226.65 226.65 226.65 226.65 226.65 230.82118507151 242.13057417808 254.50559362467 267.13065132296 279.40146848822 291.10357044107 303.79886804619 315.73447873536 328.45946171693 340.93889264989 353.29707756397 365.17153755666 377.60000706007 390.05088023064 401.72303951013 413.77705119147 426.27328068708 437.94923719408 449.77405985165 462.56654626673 474.90129377755 487.69826361046 500.40952393089 512.94093069401 524.55583473201 537.21941018932 548.75953368587 560.5148124716 572.90622457144 585.58444705806 597.48329119598 609.60855642321 621.26811407324 633.21364377286 645.56450055777 658.03541336429 670.34810146751 682.3769088348 694.71306866002 706.39340724826 718.30210030688 731.03797568335 743.68297639522 756.16076761768 768.81464687836 780.68760794118 792.3988283935 804.77573526256 817.22105660784 823.35 823.35 823.35 823.35 823.35 823.35 823.35 823.35"
SAFA-LOW_SIGN-0-20230525-21:57:05-777964,vector,GridFlexeScenario.node[48].veinsmobility,posy,,,"1 2 3 4 5 6 7 8 9 10 11 12 13 14 15 16 17 18 19 20 21 22 23 24 25 26 27 28 29 30 31 32 33 34 35 36 37 38 39 40 41 42 43 44 45 46 47 48 49 50 51 52 53 54 55 56 57 58 59 60 61 62 63 64 65 66 67 68 69 70 71 72 73 74 75 76 77 78 79 80 81 82 83 84 85 86 87 88 89 90 91 92 93 94 95 96 97 98 99 100 101 102 103 104 105 106 107 108 109","615.15 612.67104076988 608.85523422838 603.06844566786 594.99693661854 585.01588854792 572.80604798647 561.12860394035 548.38317059871 535.72515911536 523.92360363542 512.35887924189 500.76126134956 489.00839963576 476.41476784828 464.44455135961 452.77267741339 441.24672419726 428.55726468295 416.27395608701 404.70389035294 392.94876426041 381.30922365734 369.18749914191 357.27507908567 345.7616170021 334.12020966078 321.34879662076 308.8102331394 296.34839777806 284.08916579313 271.65888486531 259.76110062077 247.31963322067 235.22881339714 223.49279180272 211.06530176794 198.6668548251 186.21102337803 173.52492630375 161.07503344567 148.92601715382 137.01015260164 125.25614981482 113.16344954529 100.9883224735 88.711638360544 77.01514752252 65.149487913392 53.133307644862 40.962359074331 33.291410503799 26.65 26.65 26.65 26.65 26.65 26.65 26.65 26.65 26.65 26.65 26.65 26.65 26.65 26.65 26.65 26.65 26.65 26.65 26.65 26.65 26.65 26.65 26.65 26.65 26.65 26.65 26.65 26.65 26.65 26.65 26.65 26.65 26.65 26.65 26.65 26.65 26.65 26.65 26.65 26.65 26.65 26.65 26.65 26.65 26.65 26.65 26.65 26.65 26.65 34.159824889251 45.747960376202 58.133457235775 70.403974456815 82.326104585434 94.236800624242 106.67599364537 118.62996655757"
SAFA-LOW_SIGN-0-20230525-21:57:05-777964,vector,GridFlexeScenario.node[49].veinsmobility,posx,,,"1 2 3 4 5 6 7 8 9 10 11 12 13 14 15 16 17 18 19 20 21 22 23 24 25 26 27 28 29 30 31 32 33 34 35 36 37 38 39 40 41 42 43 44 45 46 47 48","923.35 923.35 923.35 923.35 923.35 923.35 923.35 923.35 923.35 920.97605022633 906.69074217472 892.51633177346 878.28834610824 863.80546722006 848.72586258619 838.14625795232 832.06665331845 824.12732062888 814.70994448582 803.12281629757 789.88031461903 775.7956820672 761.70363386906 747.98913537159 738.39617708806 732.18817090094 724.44340812836 723.35 723.35 723.35 723.35 723.35 723.35 722.98841797655 709.62812674811 694.97125971543 679.81568467783 664.69644083012 649.77170418712 638.65542996414 632.03915574115 626.65 626.65 626.65 626.65 626.65 626.65 626.65"
SAFA-LOW_SIGN-0-20230525-21:57:05-777964,vector,GridFlexeScenario.node[49].veinsmobility,posy,,,"1 2 3 4 5 6 7 8 9 10 11 12 13 14 15 16 17 18 19 20 21 22 23 24 25 26 27 28 29 30 31 32 33 34 35 36 37 38 39 40 41 42 43 44 45 46 47 48","434.85 437.35805765558 441.37418155617 447.83257830371 456.15087032788 466.50098182994 479.42672091865 494.56952579889 509.44289584571 523.2485665125 523.35 523.35 523.35 523.35 523.35 523.35 523.35 523.35 523.35 523.35 523.35 523.35 523.35 523.35 523.35 523.35 525.79431978607 536.1442583793 548.96478758639 563.83820801397 578.4376381234 592.49277111545 607.17923995558 621.88918430935 623.35 623.35 623.35 623.35 623.35 623.35 623.35 619.23704039233 608.72362329569 596.30927498157 582.06616162309 567.73585257675 553.60763956487 539.52640289496"
SAFA-LOW_SIGN-0-20230525-21:57:05-777964,vector,GridFlexeScenario.node[50].veinsmobility,posx,,,"1 2 3 4 5 6 7 8 9 10 11 12 13 14 15 16 17 18 19 20 21 22 23 24 25 26 27 28 29 30 31 32 33 34 35 36 37 38 39 40 41 42 43 44 45 46 47 48 49 50 51 52 53 54 55 56 57 58 59 60 61 62 63 64 65 66 67 68 69 70 71 72 73 74 75 76 77 78 79 80 81 82 83 84 85 86 87 88 89 90 91 92 93 94 95 96 97 98 99 100 101 102 103 104","626.65 626.65 626.65 626.65 626.65 626.65 626.65 626.65 626.65 626.65 626.65 626.65 625.85825150375 618.60561102299 610.22329784935 601.61470907339 592.85819453861 583.90794373192 574.75695981693 565.37195677083 556.09355414448 546.73266781629 537.78808765399 532.55917524469 525.56869476183 523.35 523.35 523.35 523.35 523.35 523.35 523.35 523.35 523.35 523.35 523.35 523.35 523.35 523.35 523.35 523.35 523.35 523.35 523.35 523.35 523.35 523.35 523.35 523.35 523.35 523.35 523.35 523.35 523.35 523.35 523.35 523.35 523.35 523.35 523.35 523.35 523.35 523.35 523.35 523.35 523.35 523.35 523.35 523.35 523.35 523.35 523.35 523.35 523.35 523.35 523.35 523.35 523.35 523.35 523.35 523.41227951287 528.18721392739 537.1832305974 545.88837642783 554.12164148644 562.53435297891 571.85145176257 581.1875586381 590.33909741881 599.25278523098 608.72282522104 615.4995959376 619.96557327901 623.35 623.35 623.35 623.35 623.35 623.35 623.35 623.35 623.35 623.35 623.35"
SAFA-LOW_SIGN-0-20230525-21:57:05-777964,vector,GridFlexeScenario.node[50].veinsmobility,posy,,,"1 2 3 4 5 6 7 8 9 10 11 12 13 14 15 16 17 18 19 20 21 22 23 24 25 26 27 28 29 30 31 32 33 34 35 36 37 38 39 40 41 42 43 44 45 46 47 48 49 50 51 52 53 54 55 56 57 58 59 60 61 62 63 64 65 66 67 68 69 70 71 72 73 74 75 76 77 78 79 80 81 82 83 84 85 86 87 88 89 90 91 92 93 94 95 96 97 98 99 100 101 102 103 104","415.15 413.22248724827 409.56480075186 404.53816564104 397.15201556187 388.63363870244 380.13634751384 370.98998756909 362.22259392281 352.99647834868 344.05749159414 335.43610575955 326.29708583958 323.35 323.35 323.35 323.35 323.35 323.35 323.35 323.35 323.35 323.35 323.35 324.5787831429 332.11068524334 341.49638999029 350.20369383473 358.63046691166 366.8693832713 375.4798417218 384.12876411634 393.00638685262 401.31592674853 410.22802169958 419.2965528539 428.07894601257 437.02233188983 445.8231075523 454.48988046934 462.86548084255 471.42553196403 480.5109331779 489.02923732758 497.77214414692 506.84789067943 515.77060906379 525.04081750165 533.83965465837 543.15962672482 551.94126631966 561.24783902185 570.13218968104 579.05391813798 587.29086857906 595.75782076228 604.92360193598 614.36050788395 623.77972227627 632.84288720402 641.94275962957 650.18402943088 659.5917349972 668.58653362204 677.17678226757 685.95114862696 694.41488573225 703.61312081283 713.08621212711 721.94344458132 730.66139278908 739.64093703633 749.11697107662 758.22988030261 767.30297250488 776.12560997525 785.47497985717 794.76195844543 803.23487319472 811.87374116077 820.68595659006 826.42674484677 826.65 826.65 826.65 826.65 826.65 826.65 826.65 826.65 826.65 826.65 826.65 830.72458437483 838.62177636243 847.19912406476 855.78006682354 864.25636722025 872.55128737282 880.91829661655 889.97441846296 898.41980690709 907.6035571218 916.71930794544"
SAFA-LOW_SIGN-0-20230525-21:57:05-777964,vector,GridFlexeScenario.node[51].veinsmobility,posx,,,"1 2 3 4 5 6 7 8 9 10 11 12 13 14 15 16 17 18 19 20 21 22 23 24 25 26 27 28 29 30 31 32 33 34 35 36 37 38 39 40 41 42 43 44 45 46 47 48 49 50 51 52 53 54 55 56 57 58 59 60 61","334.85 336.56761851029 339.78509198234 345.55838378803 352.92504502169 361.95020319878 372.98657415712 385.9876832275 400.4544175247 416.44707225816 423.35 423.35 423.35 423.35 423.35 423.35 423.35 423.35 423.35 423.35 423.35 423.35 423.35 423.35 423.35 423.35 423.35 423.35 423.35 423.35 423.35 423.35 423.35 423.35 423.35 423.35 423.35 423.35 423.35 423.35 424.93595983659 440.54126378843 457.07467338139 473.83311675696 490.21990437329 504.30422485166 513.88854533004 518.97286580841 519.6779253878 520.1339833332 520.14420789023 520.147851624 522.66219818905 527.03835816975 533.13894123097 541.49112406376 552.13787139296 564.13215917763 578.23092169458 594.12930817528 610.51486539959"
SAFA-LOW_SIGN-0-20230525-21:57:05-777964,vector,GridFlexeScenario.node[51].veinsmobility,posy,,,"1 2 3 4 5 6 7 8 9 10 11 12 13 14 15 16 17 18 19 20 21 22 23 24 25 26 27 28 29 30 31 32 33 34 35 36 37 38 39 40 41 42 43 44 45 46 47 48 49 50 51 52 53 54 55 56 57 58 59 60 61","26.65 26.65 26.65 26.65 26.65 26.65 26.65 26.65 26.65 26.65 37.117663428717 53.772723730168 70.371373243269 86.344359424754 102.64831597147 118.53802195035 134.52617000775 150.46113190338 166.30941655188 182.90673019116 198.95738276051 215.30311922664 231.20925116747 247.59584436134 264.22693727743 279.99505569107 296.67889789871 313.61294547969 330.00699288856 346.28894749235 362.82270060816 379.35793718055 395.60598358922 411.85427344964 428.51564835682 444.18522077741 460.24526315179 475.95485813387 492.89873171543 508.68967655522 525.02659972766 526.65 526.65 526.65 526.65 526.65 526.65 526.65 526.65 526.65 526.65 526.65 526.65 526.65 526.65 526.65 526.65 526.65 526.65 526.65 526.65"
SAFA-LOW_SIGN-0-20230525-21:57:05-777964,vector,GridFlexeScenario.node[52].veinsmobility,posx,,,"1 2 3 4 5 6 7 8 9 10 11 12 13 14 15 16 17 18 19 20 21 22 23 24 25 26 27 28 29 30 31 32 33 34 35 36","626.65 626.65 626.65 626.65 626.65 626.65 626.65 626.65 626.65 626.65 626.65 626.65 626.65 626.65 626.65 626.65 626.65 626.65 619.40328671949 606.25339077115 593.72295510407 581.25367077546 569.12762468495 556.5202973678 543.56511905537 535.10994074294 530.48887640975 524.68011133437 523.35 523.35 523.35 523.35 523.35 523.35 523.35 523.35"
SAFA-LOW_SIGN-0-20230525-21:57:05-777964,vector,GridFlexeScenario.node[52].veinsmobility,posy,,,"1 2 3 4 5 6 7 8 9 10 11 12 13 14 15 16 17 18 19 20 21 22 23 24 25 26 27 28 29 30 31 32 33 34 35 36","715.15 712.63879890263 708.39173421871 701.79701984306 693.14857015265 682.19354700106 669.67577307021 656.64507228873 644.4426690771 631.9645801489 619.92752365355 606.80860558206 594.05494315189 581.29940279975 569.08394841404 556.20833290941 544.1911341706 531.08202134493 523.35 523.35 523.35 523.35 523.35 523.35 523.35 523.35 523.35 525.39981444271 533.28894335082 543.83270242268 555.75010555554 567.7550910122 580.24077219405 592.55179547932 605.64987108898 618.52325584563"
SAFA-LOW_SIGN-0-20230525-21:57:05-777964,vector,GridFlexeScenario.node[53].veinsmobility,posx,,,"1 2 3 4 5 6 7 8 9 10 11 12 13 14 15 16 17 18 19 20 21 22 23 24 25 26 27 28 29 30 31 32 33 34 35 36 37 38 39 40 41 42 43 44 45 46 47 48 49 50 51 52","126.65 126.65 126.65 126.65 126.65 126.65 126.65 126.65 126.65 126.65 126.65 126.65 126.65 126.65 126.65 126.65 126.65 126.65 126.65 126.65 126.65 126.65 126.65 126.65 126.65 126.65 126.8132976377 137.7824807494 149.91321486181 162.43913498315 174.91203780629 186.90768536849 199.28681382241 209.47427938443 216.96728063817 226.805779257 238.96357764665 251.40961179256 263.36857309235 274.94970662571 287.18278612103 298.60738998481 310.07493173954 317.04247349428 323.35 323.35 323.35 323.35 323.35 323.35 323.35 323.35"
SAFA-LOW_SIGN-0-20230525-21:57:05-777964,vector,GridFlexeScenario.node[53].veinsmobility,posy,,,"1 2 3 4 5 6 7 8 9 10 11 12 13 14 15 16 17 18 19 20 21 22 23 24 25 26 27 28 29 30 31 32 33 34 35 36 37 38 39 40 41 42 43 44 45 46 47 48 49 50 51 52","615.15 612.93306450627 608.35244011588 601.86157850414 593.86822088712 583.52384029119 571.97633982909 559.36158555261 547.70742853849 536.02748490002 523.85775038955 511.49269620389 498.85301380477 487.18904249683 474.86186031608 463.0426304044 451.27686192061 438.62082916562 425.9459055494 414.12201218471 401.61479092116 389.80222555215 377.4522223953 364.89615057412 352.72197428427 340.87609771222 328.58113269855 326.65 326.65 326.65 326.65 326.65 326.65 326.65 326.65 326.65 326.65 326.65 326.65 326.65 326.65 326.65 326.65 326.65 330.31373230286 341.46571820088 353.08319784472 365.32158794102 377.44308153887 390.02204650985 401.73409363459 413.74356929221"
SAFA-LOW_SIGN-0-20230525-21:57:05-777964,vector,GridFlexeScenario.node[54].veinsmobility,posx,,,"1 2 3 4 5 6 7 8 9 10 11 12 13 14 15 16 17 18 19 20 21 22 23 24 25 26 27 28 29 30 31 32 33 34 35 36 37 38 39 40 41 42 43 44 45 46 47","715.15 713.45359030855 710.42959340094 705.12793795613 698.5048225899 690.22211188842 680.02525820979 667.63355527064 654.77577882544 642.85777763705 634.50715027057 629.99593245601 623.48319352327 614.90380762136 603.77807605247 591.37848141385 578.51751139521 565.73089180361 553.00892971375 544.17568257166 535.28783181209 530.89998105252 524.63226181838 523.35 523.35 523.35 523.35 523.35 523.35 523.35 523.35 523.35 523.35 523.35 523.35 523.35 523.35 523.35 523.35 530.81968154753 542.89069026911 555.3176866208 567.21034652459 579.76140628994 591.78695598086 604.90646910816 617.64567695616"
SAFA-LOW_SIGN-0-20230525-21:57:05-777964,vector,GridFlexeScenario.node[54].veinsmobility,posy,,,"1 2 3 4 5 6 7 8 9 10 11 12 13 14 15 16 17 18 19 20 21 22 23 24 25 26 27 28 29 30 31 32 33 34 35 36 37 38 39 40 41 42 43 44 45 46 47","523.35 523.35 523.35 523.35 523.35 523.35 523.35 523.35 523.35 523.35 523.35 523.35 523.35 523.35 523.35 523.35 523.35 523.35 523.35 523.35 523.35 523.35 525.47956363604 533.97979133345 544.53113000988 556.63405516007 569.08276905247 582.07640344803 594.99030912305 607.84817779298 620.03543355771 632.6567772695 644.92718126541 657.18403596157 670.05120354964 682.10900752706 694.49738292225 706.97771717032 719.31757495601 726.65 726.65 726.65 726.65 726.65 726.65 726.65 726.65"
SAFA-LOW_SIGN-0-20230525-21:57:05-777964,vector,GridFlexeScenario.node[55].veinsmobility,posx,,,"1 2 3 4 5 6 7 8 9 10 11 12 13 14 15 16 17 18 19 20 21 22 23 24 25 26 27 28 29 30 31 32 33 34 35 36 37 38 39 40 41 42 43 44 45 46 47 48 49 50 51 52 53 54 55 56 57 58 59 60 61 62 63 64 65 66 67 68 69 70 71 72 73 74 75 76 77 78 79 80 81 82 83","634.85 636.50228213638 640.53249424847 646.43309487882 654.55924414538 665.02246152839 675.43461466907 685.54341919978 695.65290534975 705.26287928808 714.3170038274 718.87112836671 723.35 723.35 723.35 723.35 723.35 723.35 723.35 723.35 723.35 723.35 723.35 723.35 723.35 723.35 723.35 723.35 723.35 723.35 723.35 723.35 723.35 723.35 723.35 723.35 723.35 723.35 723.35 723.35 723.35 723.35 723.35 723.35 723.35 723.35 723.35 723.35 723.35 723.35 723.35 723.35 723.35 723.35 723.35 723.35 723.35 723.35 723.35 723.35 723.35 723.35 726.72152762125 736.56753048217 746.31885763318 755.80225902191 765.24790323218 774.87263632577 785.41432718971 795.88761817084 806.25962729127 815.25089429158 819.74216129188 826.15640181312 834.23988067026 844.27607807843 854.08112369728 863.57034252165 873.5486950332 883.42564992414 893.73739431891 903.36019024943 913.36058547942"
SAFA-LOW_SIGN-0-20230525-21:57:05-777964,vector,GridFlexeScenario.node[55].veinsmobility,posy,,,"1 2 3 4 5 6 7 8 9 10 11 12 13 14 15 16 17 18 19 20 21 22 23 24 25 26 27 28 29 30 31 32 33 34 35 36 37 38 39 40 41 42 43 44 45 46 47 48 49 50 51 52 53 54 55 56 57 58 59 60 61 62 63 64 65 66 67 68 69 70 71 72 73 74 75 76 77 78 79 80 81 82 83","326.65 326.65 326.65 326.65 326.65 326.65 326.65 326.65 326.65 326.65 326.65 326.65 330.28775154117 339.30467849494 349.36148972906 359.60036934931 369.06673905411 379.61868679275 388.99159980656 399.26282123077 409.39002186013 419.39473182207 428.99116388569 438.49271499109 448.29726754177 457.9595470412 467.61226521602 477.54842296334 487.68085818623 497.09620250462 507.70812111947 517.41809918766 527.82229851576 537.93358997509 548.49160064996 559.0879564852 568.80795952843 578.3343495428 587.76136328518 597.54057811475 607.65700249866 617.41574114351 627.08415073414 636.64830475452 646.30799237352 656.30880845167 666.8321092651 676.54342343564 686.53515920616 696.37956952035 706.44053889349 715.78720823336 726.09300751215 735.77705477323 745.5373114401 756.1147426308 766.52899900861 777.04808943292 787.19658258269 797.54478525172 807.78249493177 817.69937149466 826.11291657275 826.65 826.65 826.65 826.65 826.65 826.65 826.65 826.65 826.65 826.65 826.65 826.65 826.65 826.65 826.65 826.65 826.65 826.65 826.65 826.65"
SAFA-LOW_SIGN-0-20230525-21:57:05-777964,vector,GridFlexeScenario.node[56].veinsmobility,posx,,,"1 2 3 4 5 6 7 8 9 10 11 12 13 14 15 16 17 18 19 20 21 22 23 24 25 26 27 28 29 30 31 32 33 34 35 36 37 38 39 40 41 42 43 44 45 46 47 48 49 50 51 52 53 54 55 56 57 58","426.65 426.65 426.65 426.65 426.65 426.65 426.65 426.65 426.65 426.91329025457 440.12802266021 454.39786059958 468.14109681852 482.7249876987 496.07776209958 508.18877337093 516.13279920498 525.39769099152 536.17846192003 548.63737116903 562.46913306998 575.96939657921 590.24377224778 604.1024061 613.46103995221 618.35567683762 625.55367792407 635.05537080802 646.55269701749 659.61660285183 673.97533252906 687.78517393853 701.94982961461 711.78196811647 717.56910315322 725.63633524638 736.13597555824 748.17403348313 762.37519834986 775.97139298166 789.82771096935 804.11823158367 813.90875219798 819.1992728123 823.35 823.35 823.35 823.35 823.35 823.35 823.35 822.63137594436 809.16967140821 795.40591765214 781.49159646567 767.38844827326 753.03773573709 738.70469340765"
SAFA-LOW_SIGN-0-20230525-21:57:05-777964,vector,GridFlexeScenario.node[56].veinsmobility,posy,,,"1 2 3 4 5 6 7 8 9 10 11 12 13 14 15 16 17 18 19 20 21 22 23 24 25 26 27 28 29 30 31 32 33 34 35 36 37 38 39 40 41 42 43 44 45 46 47 48 49 50 51 52 53 54 55 56 57 58","215.15 212.67679368688 208.16319606919 202.03922308553 193.85181591813 183.38542811135 171.24894250624 156.77591182016 142.45855090144 128.27074806036 126.65 126.65 126.65 126.65 126.65 126.65 126.65 126.65 126.65 126.65 126.65 126.65 126.65 126.65 126.65 126.65 126.65 126.65 126.65 126.65 126.65 126.65 126.65 126.65 126.65 126.65 126.65 126.65 126.65 126.65 126.65 126.65 126.65 126.65 130.64412726252 140.06308704219 151.79461533967 165.89369437804 179.90406372399 193.99920460879 208.57656874645 222.47013405663 223.35 223.35 223.35 223.35 223.35 223.35"
SAFA-LOW_SIGN-0-20230525-21:57:05-777964,vector,GridFlexeScenario.node[57].veinsmobility,posx,,,"1 2 3 4 5 6 7 8 9 10 11 12 13 14 15 16 17 18 19 20 21 22 23 24 25 26 27 28 29 30 31 32 33 34 35 36 37 38 39 40 41 42 43 44 45 46 47 48 49 50 51","434.85 436.19286121014 438.96491452917 443.62556591898 450.6617133863 459.03337119366 468.89272177268 480.42281155887 493.7611550675 506.1500559067 514.53954753706 519.31335741777 523.35 523.35 523.35 523.35 523.35 523.35 523.35 523.35 523.35 523.35 523.35 523.35 523.35 523.35 523.35 523.35 523.35 523.35 523.35 523.35 524.70724139282 534.01236933481 546.38988832384 560.71956382347 577.33855704675 593.68922748606 611.28012829646 628.67335926985 645.33548973771 662.17324350584 679.28707273807 696.89851610149 714.17522546963 730.9612622137 748.40304547885 765.96550539639 783.20884264083 799.56608574798 816.71294063568"
SAFA-LOW_SIGN-0-20230525-21:57:05-777964,vector,GridFlexeScenario.node[57].veinsmobility,posy,,,"1 2 3 4 5 6 7 8 9 10 11 12 13 14 15 16 17 18 19 20 21 22 23 24 25 26 27 28 29 30 31 32 33 34 35 36 37 38 39 40 41 42 43 44 45 46 47 48 49 50 51","626.65 626.65 626.65 626.65 626.65 626.65 626.65 626.65 626.65 626.65 626.65 626.65 631.00326387377 639.69719447533 650.95532998627 664.29122302596 680.07251402289 696.63792522773 714.03458704285 731.07382112261 748.57834681 765.72929312276 783.10989455658 800.39612322889 816.97231506652 833.61968421225 850.75828499961 867.83406090598 884.73551877557 899.90938461176 910.58325044794 916.75711628413 924.64540232137 926.65 926.65 926.65 926.65 926.65 926.65 926.65 926.65 926.65 926.65 926.65 926.65 926.65 926.65 926.65 926.65 926.65 926.65"
SAFA-LOW_SIGN-0-20230525-21:57:05-777964,vector,GridFlexeScenario.node[0].veinsmobility,speed,,,"2 3 4 5 6 7 8 9 10 11 12 13 14 15 16 17 18 19 20 21 22 23 24 25 26 27 28 29 30 31 32 33 34 35 36 37 38 39 40 41 42 43 44 45 46 47 48 49 50 51 52 53 54 55 56 57 58 59 60 61 62 63 64 65 66 67 68 69 70 71 72 73 74 75 76 77 78 79 80 81 82 83 84 85 86 87 88 89 90 91 92 93 94 95 96 97","1.9540803179145 4.4202911273343 6.8268865783 9.2031142456923 10.748766936245 13.251603182429 15.458109830583 11.51627746946 7.4366580077195 3.5293395161377 5.8035459443908 7.8501081096222 10.018534363851 12.346306088518 13.878708226139 15.433147563233 15.462472938334 15.035536327569 15.376724873513 14.287913463225 14.495742860955 14.406510674564 14.874170660211 14.416148614098 15.413139440498 14.85985863724 15.019394368592 15.204319322325 15.481596869097 14.277183761454 15.481489759783 14.677124999866 15.203742475698 14.353528784758 15.356267176785 14.394849545213 14.616556894274 11.552975985723 8.319521054265 3.819521054265 6.2485189619827 8.4529604573854 10.873159275495 12.942952419969 14.587542196719 15.103034191772 13.797356177886 10.289321173887 5.9853016478904 7.3928539161068 9.1411894707205 10.897787618866 13.318372275677 14.482431631612 14.623655897828 14.89237788667 10.39237788667 5.8923778866703 7.7514616099472 10.342788691219 12.203164349804 14.686053518025 14.979170541053 15.322992984235 12.563165551663 9.0414306783234 4.5414306783234 0.082127558222505 0.03692039600042 2.4164303081057 3.8674893689522 6.0165915765514 7.8863986625749 10.253983984323 11.852656472609 13.871110792988 14.425331252634 13.730220303076 9.2302203030755 5.1318268871597 6.6464417018426 8.2941382795536 10.577306946689 12.814754114948 14.667893912383 14.796626927897 15.03008545458 10.53008545458 6.123817854819 7.7779860104454 10.178490114447 12.190866102187 14.789178268008 14.217425412202 15.281094359543 15.3055276851"
SAFA-LOW_SIGN-0-20230525-21:57:05-777964,vector,GridFlexeScenario.node[1].veinsmobility,speed,,,"2 3 4 5 6 7 8 9 10 11 12 13 14 15 16 17 18 19 20 21 22 23 24 25 26 27 28 29 30 31 32 33 34 35 36 37 38 39 40 41 42 43 44 45 46 47 48 49 50 51 52 53 54 55 56 57 58 59 60 61 62 63 64 65 66 67 68 69 70 71 72 73 74 75 76 77 78 79 80 81 82 83 84","2.2737992957234 3.9890547512332 6.5291301838355 8.7118647777243 10.432003660942 12.830036515137 14.515978173791 13.791751089991 14.421137692939 13.912173855743 14.059053479201 13.529827250653 14.557816567618 14.241741045374 13.222358351087 9.4598073606642 4.9598073606642 6.4331641265221 8.3702910020278 10.509911546417 12.477282148533 13.284421293201 13.521722312757 13.72819196188 10.992252350149 6.8668962882296 3.923823566914 6.2085210375185 7.6812411081674 10.165021479635 11.679652568202 13.782541322608 13.83164715855 14.254403472316 11.598971548194 7.758750389581 10.301607188973 12.314056040225 14.535607742421 13.990757114413 14.243563030889 13.96426555961 12.45687010493 7.9568701049302 9.3513958459709 10.917637497023 12.500372660904 13.638300796688 13.616640969455 13.55458380831 13.467062579022 13.564670143808 14.524824906114 13.95886339163 14.402193553393 14.163552151593 13.504886977837 14.516308048806 14.495642894107 14.313117371519 13.346357597617 14.169621652035 13.92255989059 13.754314566004 13.619424734377 14.358810071318 14.137446714259 14.487066104678 13.992138726191 14.086019388396 13.955360433083 14.246862167559 10.771624051091 6.8164317071885 3.5681637716237 5.5935344630843 7.4376705850698 9.351389113673 10.819990695756 12.201147635327 13.486654785458 13.894283543267 14.233224802507"
SAFA-LOW_SIGN-0-20230525-21:57:05-777964,vector,GridFlexeScenario.node[2].veinsmobility,speed,,,"2 3 4 5 6 7 8 9 10 11 12 13 14 15 16 17 18 19 20 21 22 23 24 25 26 27 28 29 30 31 32 33 34 35 36 37 38 39 40 41 42 43 44 45 46 47 48 49 50 51 52 53 54 55 56 57 58 59 60 61 62 63 64 65 66 67 68 69 70 71 72 73 74 75 76 77 78 79 80 81 82 83 84","1.8865424470045 3.7158444456989 5.3860982712358 6.8885528039187 8.7049604224274 10.189631116623 12.081282986025 13.579855727591 11.571326024 7.086820072421 4.4090856830544 6.7380869849307 8.4255351127779 10.136043887697 12.649022469386 15.114553644527 14.8318850571 14.674823444657 14.825259574963 15.277369141853 14.590974540235 14.577419494716 15.166985445115 15.485277121323 12.909193196428 9.0616400343998 5.2043860999336 6.9048807623963 8.9818119273688 10.863208394305 13.064939579128 14.88133597746 15.440013878205 14.658977121855 15.245669349976 14.403205455718 14.943897307868 14.992485336745 15.550275467541 15.623258474254 14.95784771258 14.514500048356 14.522781106568 15.57156616067 14.625639972807 15.585565669434 14.836275135138 15.068727705576 14.476979945688 14.878525887867 14.808399594337 14.569267053338 15.097965576541 15.119726777607 15.136395512097 15.031150024123 15.407968661743 14.9639018272 14.413933886536 14.633376653464 14.853497352702 14.844140286436 14.827482073702 14.371986947786 14.75791728184 14.545319973858 14.595518222007 11.315478149039 6.8154781490391 9.0323103441916 10.472367592191 12.779255246687 12.145472591199 12.609204618136 12.039075251142 12.918731962854 11.84775881703 14.226833315412 14.415872346884 14.657741634519 14.965539114451 15.506262052729 15.10488141763"
SAFA-LOW_SIGN-0-20230525-21:57:05-777964,vector,GridFlexeScenario.node[3].veinsmobility,speed,,,"2 3 4 5 6 7 8 9 10 11 12 13 14 15 16 17 18 19 20 21 22 23 24 25 26 27 28 29 30 31 32 33 34 35 36 37 38 39 40 41 42 43 44 45 46 47 48 49 50 51 52 53","1.4771120201563 3.0364238938317 5.2660461387597 7.4155973286135 9.9203640328953 11.259253101074 12.144995717116 12.499836672511 12.5486693012 12.703921710298 11.945132703468 12.294189464435 12.033762107201 12.007024707662 11.999068923428 12.345457661216 10.630123014916 6.1301230149159 8.2223300544128 10.744776590336 11.856666614878 12.363636387925 13.007890882942 12.44844150971 12.346188376046 12.592754418443 12.447688670194 12.246236319531 13.129104743915 12.229257766803 12.808327008685 11.963071993779 12.57197508958 9.8383319903347 5.5594122306626 8.1527053358216 9.8957383204667 11.700589209348 12.455020710587 13.12801787692 13.107222920999 12.758606195979 11.113762029054 6.8416638523376 8.9218445813785 11.048217143192 12.736611497699 12.218020610179 12.623658187169 11.944210967392 12.884204050217 12.400823843939"
SAFA-LOW_SIGN-0-20230525-21:57:05-777964,vector,GridFlexeScenario.node[4].veinsmobility,speed,,,"2 3 4 5 6 7 8 9 10 11 12 13 14 15 16 17 18 19 20 21 22 23 24 25 26 27 28 29 30 31 32 33 34 35 36 37 38 39 40 41 42 43 44 45 46 47 48 49 50 51 52 53 54 55 56 57 58 59 60 61 62 63 64 65 66 67 68 69 70 71 72 73","1.5972831639228 3.8088936578948 6.3819161273073 8.3389492205111 10.115206519398 12.13928708951 11.979875383963 11.871835661068 12.305261313467 12.195002166758 11.751654721069 12.399401125912 12.326559132285 12.883366405656 12.867769522214 11.675588725595 11.494170929086 6.9941709290856 2.9005825080574 2.9424885365187 5.3533816246788 6.6889175293508 9.0046270790283 10.491590414686 12.54136303984 12.108187286573 11.749948655575 11.665382246481 12.162239007041 12.341864459071 12.586798742664 11.731425039115 11.841901243286 12.069236773782 11.755831267865 12.943663829815 12.087836700672 12.442348436656 12.630788905913 12.767615655129 12.036930135772 12.879259689216 12.321574609209 12.759489218792 11.72957308981 12.03933133487 12.562787839811 12.744037534803 11.816347997793 12.885512359993 11.663356994203 12.816628927383 12.430733622768 12.859932908177 11.973868468631 12.948711215862 12.644804790261 11.752582783456 12.061717380927 12.135043349624 11.261754428439 8.1948184479214 3.8776336205843 6.0344310153694 7.4572832102607 9.8057831862661 11.716870752717 11.909993111523 11.71408701776 12.922886835825 12.526597574022 11.756748346909"
SAFA-LOW_SIGN-0-20230525-21:57:05-777964,vector,GridFlexeScenario.node[5].veinsmobility,speed,,,"2 3 4 5 6 7 8 9 10 11 12 13 14 15 16 17 18 19 20 21 22 23 24 25 26 27 28 29 30 31 32 33 34 35 36 37 38 39 40 41 42 43 44 45 46 47 48 49 50 51 52 53 54 55 56 57 58 59 60 61 62 63 64 65 66 67 68 69 70 71 72 73","2.0700068679173 4.5980310147395 6.1729356735712 8.3994389293017 10.41398316829 12.618897167197 13.027592021932 12.900955536363 12.702103309014 12.819797274384 13.451746507997 13.503301190941 13.533364397481 12.6342515576 12.666168178718 11.653033790237 7.8889358867083 3.8868528212948 0.86575767888791 0.19376221517063 2.750481380303 4.5180191880228 6.2187343388233 8.3707224942414 10.556284052729 12.033078543576 13.602772318253 13.510223066558 12.785367695994 12.704631614576 12.932504998667 13.379222066684 12.723248050532 13.096394642659 13.049281514513 12.483361470497 13.569630766364 13.107290303178 13.412600326009 13.644605563495 12.779873329315 13.369628047205 12.935218646896 13.514170462016 13.01941950592 13.101403196698 12.751419160918 12.838562875201 13.016362620268 12.550429530542 12.616297998356 12.601131985959 8.1011319859586 3.9812979715843 5.6969874533326 7.9928882896867 9.6543630987373 11.156981142397 13.178265956889 12.810185149808 13.446997160192 12.816257858412 8.3162578584125 4.406263708531 6.7144513749034 8.9167306938424 10.63725023479 12.936317078325 13.391972495366 13.351259484847 13.675348093763 12.649506154943"
SAFA-LOW_SIGN-0-20230525-21:57:05-777964,vector,GridFlexeScenario.node[6].veinsmobility,speed,,,"2 3 4 5 6 7 8 9 10 11 12 13 14 15 16 17 18 19 20 21 22 23 24 25 26 27 28 29 30 31 32 33 34 35 36 37 38 39 40 41 42 43 44 45 46 47 48 49 50 51 52 53 54 55 56 57 58 59 60 61 62 63 64 65 66 67 68 69","2.3995883058989 4.0375237070723 6.2952141830232 8.2013529777294 10.782405526261 12.188034409401 13.253422244317 14.380903698812 13.18031742713 14.245979437051 14.132115914072 14.166869835398 13.435661632154 14.079115591972 14.204507472883 9.8693121769333 5.7684959705554 8.1730047430943 9.528119879226 11.174664185672 12.773840588062 14.049858208751 14.072154510841 13.518386285594 14.068739302508 13.762128240969 13.809014817495 13.175501282122 14.331259917822 13.430167522449 13.881360306316 9.973164288069 5.9564858274282 8.0774935553063 10.109477895333 11.720256062176 13.769290743021 13.273389222268 13.561410756694 14.18600408149 10.26787720493 5.7678772049305 7.8321173276101 9.2828754986683 10.827056154264 12.739492756273 13.800381235038 13.91373132675 13.337449158384 10.619434789807 6.7510733861301 8.1067716855148 10.495060347143 12.993193232879 13.875343769398 13.474876749777 13.708665131084 13.713216356647 9.573268203516 5.073268203516 7.2572375649675 9.6708239794332 12.00736503907 14.236763208923 13.510942496411 13.298257018095 13.152876055735 13.612394815805"
SAFA-LOW_SIGN-0-20230525-21:57:05-777964,vector,GridFlexeScenario.node[7].veinsmobility,speed,,,"2 3 4 5 6 7 8 9 10 11 12 13 14 15 16 17 18 19 20 21 22 23 24 25 26 27 28 29 30 31 32 33 34 35 36 37 38 39 40 41 42 43 44 45 46 47 48 49 50 51 52 53 54 55 56 57 58 59 60","1.9841416908195 3.3799060104648 4.9884873739677 6.8515373078873 8.4898755553411 10.089194754814 11.498842488858 13.450428036926 14.453727643441 13.371847763046 14.437405205255 14.265157239784 13.396079960273 13.965763611642 13.765772140066 12.915716523516 8.4157165235155 4.3603369970122 6.7471571293208 8.1821686212919 10.297458386539 12.251351452783 13.586326119972 13.889982409745 13.780380401847 10.976858903993 7.6148995440583 4.3718413319038 6.688572623075 8.1527280069487 10.127208736406 12.059999574332 14.159206388535 13.553651110006 14.422230892529 14.061048445565 14.297566601278 14.46344636217 14.093534913536 13.639429597177 13.807518873962 13.748465750569 14.323929294681 13.270770362269 13.955652066244 13.979492982284 13.845671138906 14.0002592717 14.2535387556 10.31548199545 6.8546321159308 8.3843405095474 9.8540027789386 11.845851350677 13.990861880485 13.948993891657 14.069858814839 13.363702059926 13.685287351318"
SAFA-LOW_SIGN-0-20230525-21:57:05-777964,vector,GridFlexeScenario.node[8].veinsmobility,speed,,,"2 3 4 5 6 7 8 9 10 11 12 13 14 15 16 17 18 19 20 21 22 23 24 25 26 27 28 29 30 31 32 33 34 35 36 37 38 39 40 41 42 43 44 45 46 47 48 49 50 51 52 53 54 55 56 57 58 59 60 61 62 63 64 65 66 67 68 69 70 71 72 73 74 75 76 77 78 79 80 81 82 83 84 85 86 87 88 89 90 91 92 93 94 95 96 97 98 99 100 101","1.7215491539333 3.8963051391067 6.4381793056615 8.3762174081989 10.5299226403 11.904383099033 13.66715745437 13.981946436657 14.324586033673 13.447377843308 13.452944965443 13.647975612563 14.3765638146 13.705365238447 14.271306434941 10.222727656342 5.7561493096645 1.9827802126857 0.38755574070227 0.023080649598974 0.0034610917559376 0.00074833368946286 2.4855520747655 4.4919446345239 6.5359976559465 8.1042050115584 9.995706865872 11.891689191135 14.337675248953 13.441417481346 13.657614884797 14.096227609381 13.701918161862 14.327408711115 13.706969616531 14.315679375586 13.953201647188 13.555571560926 13.489659082858 13.583729202665 13.579814091643 13.844247248528 13.399602361178 13.760651888411 11.759268091933 10.331689507739 6.8530549664431 8.6728834201031 10.492975462499 12.250352022975 13.611657136135 14.511606921178 13.56294950544 13.21554281304 9.5008278187197 5.0008278187197 7.4470710678324 8.995463108371 10.564518114628 11.964404530783 13.765026419663 14.307671498941 14.420041225796 11.131333571731 6.6313335717313 8.2833873894421 9.8714813833015 11.18895189307 13.564257049829 13.696344583869 14.535977992756 13.984960248243 9.896090295899 5.396090295899 7.7652568613061 9.4954211769042 11.67024668128 13.909960784099 14.620740805046 13.569467169993 14.422498906143 9.9224989061432 5.4224989061432 7.0941783848872 9.5112226461947 10.895904038516 13.19991580613 14.552437886029 14.06222150006 14.449324595291 9.9493245952913 5.8513726931064 7.3538864968576 8.7862608468625 11.077502227691 12.430300568812 13.738098220077 14.230889726794 14.22009308647 14.021666803203"
SAFA-LOW_SIGN-0-20230525-21:57:05-777964,vector,GridFlexeScenario.node[9].veinsmobility,speed,,,"2 3 4 5 6 7 8 9 10 11 12 13 14 15 16 17 18 19 20 21 22 23 24 25 26 27 28 29 30 31 32 33 34 35 36 37 38 39 40 41 42 43 44 45 46 47 48 49 50 51 52 53 54 55 56 57 58 59 60 61 62 63 64 65 66 67 68 69 70 71 72 73 74 75 76 77 78 79 80 81 82 83 84 85 86 87 88 89 90 91 92 93 94 95 96 97 98 99 100 101 102 103 104 105 106 107 108","1.9570178572088 4.3890908997506 6.6925828613574 9.1958932703361 9.7343160906497 9.2735126081311 9.5512033022863 10.03856508596 9.5759225588913 9.2657708921136 4.7657708921136 6.835114537961 8.8089291611119 9.1167735491802 9.5197327449841 9.2377092906663 8.9494955887475 9.8439221683813 8.9051289483828 9.7614032382534 9.7799063148598 9.0108959891291 9.4816985938854 9.2017585526842 9.0805131676064 9.4001920485093 9.9593905080266 9.8597858180913 9.0200478414928 9.4879373032523 8.9715705961847 5.9753515088392 7.3263274319164 9.5308125186639 9.5415311329921 8.9305364750249 9.3448479408321 9.5088475732289 9.8848321620298 9.8101400148978 9.7254359170485 9.6344039821222 6.4505221138355 8.5030973863201 9.6835505070553 8.9251581918138 9.3856543120385 9.3126430347252 9.4266553908277 9.1149997578624 9.7208673278258 10.047477210142 9.6963405371567 6.2023357007999 8.4726710397864 9.2572637371875 8.8397120159275 9.4716506375854 9.6987777784623 10.011974707401 9.718430578375 9.2622718063339 9.5370474796665 8.9926446598179 6.2869208153568 8.2282099548026 8.8512804359586 10.041481238503 8.8751012355943 9.1287238025495 8.8077107564469 10.01252655449 9.7880887406103 10.042186493419 9.2793531109968 6.812706951203 8.2595039412493 9.2180187129804 9.2204104975255 9.9789101203361 9.0951606572994 9.4927293322438 9.9506649786995 9.4025988078366 9.5680781641665 9.7237147084826 9.5229618382097 9.6627671691978 9.8848981002269 9.0402478580985 9.3150234112672 9.8587841884622 9.6235556395415 9.0500579174298 9.7645520474685 9.8915684295275 9.8081952999735 9.692572194074 9.0394834749789 10.039688125618 9.5805920981958 8.8494348483782 9.4612716609302 9.3244560975504 10.020713438715 9.868414413898 9.9568777163203"
SAFA-LOW_SIGN-0-20230525-21:57:05-777964,vector,GridFlexeScenario.node[10].veinsmobility,speed,,,"2 3 4 5 6 7 8 9 10 11 12 13 14 15 16 17 18 19 20 21 22 23 24 25 26 27 28 29 30 31 32 33 34","2.1253627492348 3.6419149851659 5.6553472961765 7.0965755114565 9.0516970631434 10.400446661608 12.902137983474 14.101796255156 10.531283772143 6.4471937060591 8.778718210012 10.883745171665 12.951638896647 14.560048956885 14.477690637456 14.615937298345 14.190417761933 14.490383122927 15.154344748585 14.861599189458 14.086560821462 12.983340043785 11.082695114768 7.4324089871574 8.2370762934537 4.5586409190894 6.0713540544725 8.4655512305201 10.492007326124 12.343170794634 14.645562480226 15.212719826768 14.842575034378"
SAFA-LOW_SIGN-0-20230525-21:57:05-777964,vector,GridFlexeScenario.node[11].veinsmobility,speed,,,"2 3 4 5 6 7 8 9 10 11 12 13 14 15 16 17 18 19 20 21 22 23 24 25 26 27 28 29 30 31 32 33 34 35 36 37 38 39 40 41 42 43 44 45 46 47 48 49 50 51 52 53 54 55 56 57 58 59 60 61 62 63 64 65 66 67 68 69 70 71 72 73","2.3593932940857 3.7483901714208 5.1163403773215 7.0861665522447 9.2694691850804 11.668714506901 12.137834183017 12.890419972113 10.876695229994 6.9759128045365 8.7533537547178 10.849749501779 12.7096775655 12.949366220163 12.681111617742 12.4763912801 12.418131925196 11.917319352862 12.262332652027 12.070154937014 12.805803774001 12.24951238754 13.020795825829 11.940755157366 11.615841620782 7.8309266095568 4.1746337243615 6.7398304595639 9.0572335301692 10.911587747818 12.138047650999 11.822808886559 12.713190950157 12.786574595405 12.191669464341 8.10301772769 4.4541520452519 6.2109450035888 8.4365714497092 9.7925324882074 11.20541932964 12.665770803259 12.05737278355 12.743984557951 12.374686582323 9.2946167547161 4.7946167547161 7.0254907938557 9.1993548623657 10.751661460022 12.881106742967 11.846140980844 12.074911376003 12.571764323402 12.692772561914 8.1927725619143 9.8880294956938 12.300632746119 12.200839337713 12.972978232458 12.265005043179 12.051263116586 11.999565516396 13.031031236897 12.368214379677 12.41028539113 12.450715723198 12.975538824273 12.170370601334 12.112127263944 12.854157581047 12.582131826675"
SAFA-LOW_SIGN-0-20230525-21:57:05-777964,vector,GridFlexeScenario.node[12].veinsmobility,speed,,,"2 3 4 5 6 7 8 9 10 11 12 13 14 15 16 17 18 19 20 21 22 23 24 25 26 27 28 29 30 31 32 33 34 35 36 37 38 39 40 41 42 43 44 45 46 47 48 49 50 51 52 53 54 55 56 57 58 59 60 61 62 63 64 65 66 67 68 69 70 71 72 73 74 75 76 77 78 79 80 81 82 83 84 85 86","2.3656493975548 4.9403315852163 6.9381474975031 8.5957333945902 11.059005694324 13.642390640103 13.24235752321 11.565761144628 7.7969210477374 3.664275620776 5.5003100156931 7.2215131584469 8.8520811047785 10.324875296877 12.504109724137 14.181096560188 13.273652822228 13.803111741651 13.500294767932 14.301577718329 13.080212987686 13.994505127549 13.988885570975 14.256339207484 13.151557326626 14.050184086902 13.031288520183 14.149697044568 13.368868248939 13.19574895206 13.204083523463 13.532443121473 9.0324431214734 4.5324431214734 6.0587782309411 8.3803786291295 10.972395503523 13.404793039129 13.312736245064 13.872300624225 13.071211463685 11.382317360777 8.2507507273886 10.46389898839 12.505401690347 14.260393308482 13.885592844064 13.489511983079 13.083525539126 12.361325776974 8.4140118133129 4.7893268902173 6.8515629863452 8.3227788078218 10.253541339733 11.713313991003 13.152547194142 13.115607887443 13.975767990743 11.117672124816 7.0221351251551 4.0872082565718 0.61406977975672 0.16049478004953 0.059542479865002 0.031461545784637 2.0314009154277 4.1476082794197 6.7121039805763 9.0674797134769 10.85230736924 13.17239423325 14.120132143476 13.61940568416 13.135469269933 8.6354692699332 4.1354692699332 5.5139229220049 7.2977551243212 9.7584663685355 11.799984856154 14.154040094331 14.031728539203 14.192969233688 13.229786028253"
SAFA-LOW_SIGN-0-20230525-21:57:05-777964,vector,GridFlexeScenario.node[13].veinsmobility,speed,,,"2 3 4 5 6 7 8 9 10 11 12 13 14 15 16 17 18 19 20 21 22 23 24 25 26 27 28 29 30 31 32 33 34 35 36 37 38 39 40 41 42 43 44 45 46 47 48","2.1996845621383 3.8726399550447 5.7974310329882 8.0140395934461 9.6152526385616 11.488110917434 13.062123955623 14.433287052333 9.9332870523331 5.5505228064375 7.9062249983081 9.3455068075915 11.65198147347 13.664550958679 15.377801911521 15.85476489747 16.437909598347 15.531987894723 15.319333851525 15.676641737787 15.257471503598 16.41358694404 15.449189105305 15.718253081479 15.179020639813 16.0123336409 16.087972251234 15.94951683872 14.713194730497 10.213194730497 6.3379345008789 7.7174894157017 9.4483608413406 11.564486433953 13.905046279115 16.103623634904 15.850317143184 12.703547083284 9.4067702191725 4.9067702191725 7.1069691787317 9.2866202614346 11.165496468947 12.99287696251 15.217680596195 15.618551208313 16.180145777972"
SAFA-LOW_SIGN-0-20230525-21:57:05-777964,vector,GridFlexeScenario.node[14].veinsmobility,speed,,,"2 3 4 5 6 7 8 9 10 11 12 13 14 15 16 17 18 19 20 21 22 23 24 25 26 27 28 29 30 31 32 33 34 35 36 37 38 39 40 41 42 43 44 45 46 47 48 49 50 51 52 53 54 55 56 57 58 59 60 61 62 63 64 65 66 67 68 69 70 71 72 73 74 75 76 77 78 79 80 81 82 83 84 85 86 87 88 89 90 91 92 93 94 95 96 97 98 99 100 101 102 103 104 105 106 107","1.5147052048706 3.5524009865941 6.0161660460755 8.5748588066315 10.206826178357 11.489733252079 11.837287821188 12.066194599342 11.838834819348 11.920650202279 11.234128595293 12.172046895009 11.557655148637 11.188037600006 11.340602819329 12.261331755259 11.672099183696 12.151156444206 11.677351698592 11.894847301008 11.427616434252 12.198039465152 12.253661394479 11.432368701404 12.153142675302 10.55384671937 7.6161118942408 8.9385474081711 10.729272150677 11.247926482964 11.502156080688 11.240791502582 11.938471539166 11.037134592408 11.565592927659 8.6041464912238 4.5937818339093 6.6210916755254 8.6759078015572 11.095710537373 12.196661356591 11.791287298418 11.856790671089 11.662888038169 11.895517379079 11.163812098965 11.819802371446 12.050057810136 12.207506224407 11.532173787789 11.452546967436 11.599930374847 11.643898045049 11.719000313674 11.682090495886 11.075800746876 11.229288449894 11.931150210007 11.737511324124 11.067990177228 11.629113318502 11.861824235866 11.665204434852 11.630195744881 11.384255473372 11.784000041625 12.023317782125 11.260252971911 11.266110079187 11.602755088719 11.361249128879 11.321173068728 11.206462772271 11.62440907423 11.473308416699 11.060418870846 11.320484777201 11.15777766822 11.439897112302 11.921877445826 12.211353602038 11.026240307266 11.993310714523 11.736555110999 12.284249576191 12.138187206756 11.275462974222 11.471143165613 11.213484777101 11.683702087436 12.066342957863 11.703616429061 11.849109250992 12.166641991107 12.093213200556 11.336442510398 11.027822043687 11.052540844154 11.259907263108 11.729995546477 11.013344628281 11.528019724959 11.132859768286 12.140588027202 12.107843279802 11.250540345824"
SAFA-LOW_SIGN-0-20230525-21:57:05-777964,vector,GridFlexeScenario.node[15].veinsmobility,speed,,,"2 3 4 5 6 7 8 9 10 11 12 13 14 15 16 17 18 19 20 21 22 23 24 25 26 27 28 29 30 31 32 33 34 35 36 37 38 39 40 41 42 43 44 45 46 47 48 49 50 51 52 53 54 55 56 57 58 59 60 61 62 63 64 65 66 67 68 69 70 71 72 73 74 75 76 77 78 79 80 81 82 83 84 85 86 87 88 89 90 91 92 93 94 95 96 97 98 99 100 101 102 103 104 105 106 107 108 109 110 111 112 113 114 115 116 117 118 119 120","2.450429067295 4.2586425578455 6.6852342994884 8.9724677903578 11.147187020513 12.630308274832 13.108917482827 13.271323886655 13.937116796757 13.285834465177 13.864454420913 12.958661985189 13.597716225103 13.895301944158 12.791900478887 12.781630671887 13.779368250609 13.53431161414 13.330518149958 13.115666823672 13.186536652037 13.427795756796 13.791722958094 13.58103818684 13.038433458052 12.898636605731 13.149057393895 13.904777478102 13.93262952217 13.147315416952 12.980392880436 12.975387866237 13.386267943053 13.329066364887 13.51682016044 12.751625370422 13.138080379089 13.948245453859 12.924324854302 13.413306236315 13.905258610403 13.158756854014 13.440568029579 13.1625510172 13.055046726508 8.5550467265079 4.5164487496259 6.419482177846 8.2308270698887 10.216734208656 12.314736498264 12.707161747805 13.007456656919 13.901121643839 12.193968670767 8.006059781623 9.8319900047247 11.947184705197 13.923120292999 12.952636984132 12.746329765419 12.848658677401 13.394580802928 9.7898251045638 5.2898251045638 7.7923919417805 10.222833880517 12.21604211248 13.914449234843 12.856912239572 13.090434963327 13.753153401172 9.7873351276354 6.0812415990946 8.6639971536319 11.162166977508 13.419838645539 13.821831373196 13.959912148585 13.442935647561 12.567240671011 9.0856598105871 4.5856598105871 6.1987985390363 8.7987828895807 10.472500550177 11.816787994665 12.913527813229 12.692998253462 13.362460314228 11.876096357648 8.3651783670978 4.3378364906753 6.3650317355864 8.8735343565573 10.507673503329 12.199291593476 13.085653980939 13.159507564177 13.695488000965 10.775482967717 7.6807626362655 10.070260565588 11.758247581892 13.520060592658 13.756664454892 13.36671103302 13.497121983977 13.461402151244 8.9614021512436 4.4614021512436 6.2108561145131 8.2455950178195 9.7343569124805 11.141096131502 12.804817905811 13.835957528349 13.590069289018 13.65854180772"
SAFA-LOW_SIGN-0-20230525-21:57:05-777964,vector,GridFlexeScenario.node[16].veinsmobility,speed,,,"2 3 4 5 6 7 8 9 10 11 12 13 14 15 16 17 18 19 20 21 22 23 24 25 26 27 28 29 30 31 32 33 34 35 36 37 38 39 40 41 42 43 44 45 46 47 48 49 50 51 52 53 54 55 56 57 58 59 60 61 62 63 64 65 66 67 68 69 70 71 72 73 74 75 76 77 78 79 80 81 82 83 84 85 86 87 88 89 90 91 92 93 94 95 96 97 98 99 100 101 102 103 104 105 106 107 108 109 110 111 112 113 114","2.5772626519203 4.6228337610373 6.0637885111384 8.3173758825287 10.044282217305 9.5126918609764 10.025932446825 10.273926471551 9.3849572051361 9.1622707494579 9.9927899551157 9.4926313231744 9.8951298905116 10.286257995879 9.953832409256 10.024034375166 9.4232074532935 9.5814893494638 10.347501757326 9.7933975828684 5.6805607023871 7.0882090908231 9.6575306100294 10.081437807185 9.9627461591315 10.40236513799 9.9487678170715 9.1807793006346 9.1937632198723 9.9993929632751 9.7146971722877 9.2214976377131 9.1699828912549 9.1627015660795 10.05882969371 10.118179156403 9.7936497221513 9.9645482740177 10.230579894925 9.933166134036 9.7147483518159 6.6558270054169 8.8001570101593 9.287350092856 9.656995391175 9.211971607087 9.2494021134961 9.4113189048411 10.244605707475 9.8716692157134 10.40829982786 9.1298338985814 9.2263102150334 9.4768149499361 9.8626655877845 9.2944688014731 9.6880147612 10.388572405865 9.9029715868456 9.8285270175941 9.4847215039002 10.352952003879 9.8297966714295 10.14107266942 10.004335655998 9.6884912513008 10.1121356946 9.4017570587153 10.124526540241 9.8912774735641 9.747267706557 9.2342083432989 9.2217939131472 10.179412765968 9.4006788574437 9.2443197455302 10.024544914933 9.6105798428923 9.5659145652827 9.9664264677836 10.029152998123 10.221847547735 9.459088449301 10.216037041046 10.153060926664 10.147965591289 9.7814994352449 9.2692409918921 10.345563913234 9.8257081890291 9.6549059114464 9.797104106033 9.723631212306 9.26755904756 10.049425814072 10.238818111229 9.993218431114 9.6116755853685 10.22002441355 9.6188772972718 10.125583935301 9.6125875382263 9.9121660650054 9.1877292386068 9.895913493498 9.9232094774766 9.8624896436276 10.294719621683 9.876767447735 9.5651675686983 9.3913216858449 9.6894087435024 9.4869662644386"
SAFA-LOW_SIGN-0-20230525-21:57:05-777964,vector,GridFlexeScenario.node[17].veinsmobility,speed,,,"2 3 4 5 6 7 8 9 10 11 12 13 14 15 16 17 18 19 20 21 22 23 24 25 26 27 28 29 30 31 32 33 34 35 36 37 38 39 40 41 42 43 44 45 46 47 48 49 50 51 52 53 54 55 56 57 58 59 60 61 62 63 64 65 66 67 68 69 70 71 72 73 74 75 76 77 78 79 80 81 82 83 84 85 86 87 88 89 90 91 92 93 94 95 96 97 98 99 100 101 102 103 104 105 106 107 108 109 110 111 112 113 114","2.208746208949 3.818883925234 5.2597994574113 7.445042147534 9.3339865052374 11.695841647894 11.912507542368 12.18002504069 12.5027300468 12.661930620164 9.1111359927351 10.136811607432 11.449692872803 12.99156765347 11.804127258953 11.916272842803 9.2598710549713 4.7598710549713 1.7592990730397 2.3442771528469 4.2626155161852 6.6882211468969 8.2308454034006 9.5952582581522 11.702973040062 12.20288131198 12.403542434546 13.02408133811 12.222269760707 11.983560285606 12.946194140758 12.986184342747 11.97970872827 12.186428533803 12.3448208727 12.855277594045 12.976216627174 12.304978994728 13.040808969253 11.798865363403 11.850113989512 12.451617394463 11.969050463481 11.891306180652 13.074669654836 12.40001283079 12.359957742115 11.884500305872 12.374461455253 12.90671107127 12.539839074534 12.065259209444 12.318534888356 9.1775169182025 4.6775169182025 0.84288733897576 0.040243428676291 2.5550111805423 4.489958382571 5.8477119948816 8.428333827584 9.7700066367731 11.604582342795 12.643199307826 12.330128000706 12.161498685583 10.790315225462 6.4482074145325 8.9684878794108 11.313443797185 12.952344641654 12.52178485911 11.925283441861 12.318030129472 12.559622712649 10.379473266699 7.1041488012599 8.7364332494859 10.427593640198 12.844836300572 11.98665854517 12.41511841219 12.696682937891 13.00255311607 10.144091329564 6.3353862995782 8.2240379398491 9.848046394604 11.539177984119 12.235593110259 12.787009153893 12.035203574138 12.411860666988 11.858667759021 8.8308018256152 4.3308018256152 6.8863941364163 8.4118736084258 10.348119021527 12.083229528827 12.465446308028 12.505227073427 13.066072691191 12.628625337852 8.1286253378517 10.69493589157 13.031121020956 12.785241753963 12.865172216977 12.15932373724 12.053112770809 12.933871568489 12.55333137089"
SAFA-LOW_SIGN-0-20230525-21:57:05-777964,vector,GridFlexeScenario.node[18].veinsmobility,speed,,,"2 3 4 5 6 7 8 9 10 11 12 13 14 15 16 17 18 19 20 21 22 23 24 25 26 27 28 29 30 31 32 33 34 35 36 37","2.2788196234033 4.6263391976245 6.3380794112338 8.8911498771748 11.217598890956 12.728592185886 14.155315191591 14.657008599782 14.050301088731 14.382504874597 14.135573702248 15.066832085758 14.941702339508 14.682183279366 14.888174776373 15.060766728095 13.803585746781 14.259665105924 14.362518696756 14.481088824001 14.197966166668 14.924365183817 14.437183588476 14.788209921041 13.877778549668 14.740272451624 14.066694041028 14.006041406643 14.544368820464 14.726157012245 14.620105074103 14.419831532765 14.096549139138 14.406158362807 13.801008986415 15.015380610888"
SAFA-LOW_SIGN-0-20230525-21:57:05-777964,vector,GridFlexeScenario.node[19].veinsmobility,speed,,,"2 3 4 5 6 7 8 9 10 11 12 13 14 15 16 17 18 19 20 21 22 23 24 25 26 27 28 29 30 31 32 33 34 35 36 37 38 39 40 41 42 43 44 45 46 47 48 49 50 51 52 53 54 55 56 57 58 59 60 61 62 63 64","1.9318736586953 3.3334121888736 4.9282976239221 6.6714872650569 8.1399312750436 10.263764152653 12.853303119191 13.389454288978 13.180504222179 13.321489454258 12.916173850221 12.307940409646 12.901999866811 12.661922232236 13.278835295292 12.99828463142 12.460737943917 13.320238234836 12.846686421509 13.343389110162 12.647480431653 13.247113425948 12.873091420473 13.053660749609 13.353080920956 12.322638801916 13.501190081972 12.353282492991 12.541374886489 12.384918628877 12.959956922347 13.200992439931 12.747547494096 13.367005122371 13.370186367363 12.98199002071 12.967564711032 12.756152789003 12.9841768904 13.277460727782 12.470078609173 12.643088208523 13.20162749734 12.677567001443 12.979617614636 13.467797436274 13.303580145596 13.002286796492 13.426018557476 12.31149555504 12.401899352122 12.399961934809 12.90032855774 12.549509716441 13.447936297289 13.429173047386 12.916081215965 12.961042932758 13.267575327202 13.078783656714 12.518625481461 12.325544285296 13.486257915839"
SAFA-LOW_SIGN-0-20230525-21:57:05-777964,vector,GridFlexeScenario.node[20].veinsmobility,speed,,,"2 3 4 5 6 7 8 9 10 11 12 13 14 15 16 17 18 19 20 21 22 23 24 25 26 27 28 29 30 31 32 33 34 35 36 37 38 39 40 41","1.3205505888676 3.7958282953827 5.9623923530802 7.4810284500942 9.2052163414191 11.26831582149 13.613008277048 13.400470292579 13.719047137384 13.94355184714 13.471244729577 12.961554083635 13.130598269903 13.547040772775 12.986225903953 12.684414683255 8.3641194066547 4.0287621085465 6.0766686631998 8.0844082832269 10.467127312597 12.937361157772 13.669652336288 13.894279134075 13.096486715099 13.644318418053 13.625032564171 13.681864975846 13.554785584623 13.120868686179 12.990430948964 13.22381106239 13.57148256913 13.051423384749 13.603893478226 13.772537130082 13.025119573168 13.60560001257 13.077139863057 13.462893421493"
SAFA-LOW_SIGN-0-20230525-21:57:05-777964,vector,GridFlexeScenario.node[21].veinsmobility,speed,,,"2 3 4 5 6 7 8 9 10 11 12 13 14 15 16 17 18 19 20 21 22 23 24 25 26 27 28 29 30 31 32 33 34 35 36 37 38 39 40 41 42 43 44 45 46 47 48 49 50 51 52 53 54 55 56 57 58 59 60 61 62 63 64 65 66 67 68 69 70 71 72 73 74 75 76 77 78 79 80 81 82 83 84 85 86 87 88 89 90 91 92 93 94 95","1.5889868666884 3.8801832859404 5.4086212003138 6.7531472385395 8.0887657941785 10.099281778908 11.907526577148 13.378391638591 13.552478749405 13.447952401482 14.379209316087 13.533342521971 14.101224801836 14.335794313538 13.157187961794 13.263321364399 14.320024337184 13.669299318183 13.149497426192 14.118876503927 13.479601218745 14.320570858924 13.993622643508 13.523492716539 13.986027393637 13.910263191753 13.760830273789 13.160355575902 13.089772941668 13.718058265823 13.659806841433 13.599218972966 13.163261982759 13.172570917483 14.007785505855 14.080841449632 13.261938856386 11.13718397594 7.1754938090565 4.4247192339153 6.6040996569787 8.5545426140885 10.09901053888 12.196467872208 14.329168030813 13.142927243963 13.332195364598 11.193695575636 7.5194493769292 8.8857788778931 11.447874782267 13.454983794884 14.268787734427 13.365847352434 13.582674281516 13.506165801567 9.0061658015668 4.5061658015668 5.827965650005 7.4750132848702 9.0776657357539 10.650082340902 12.661586745708 14.317286955526 13.517026495754 12.553015431524 8.6899566056851 4.1899566056851 5.8370538431166 7.5684062636404 9.4647079318708 11.452546026343 13.130245834584 14.315617632943 14.177574226407 11.921686422998 8.5410254325631 4.8338016975118 7.087728684154 9.6397031346016 11.112623787546 12.696303396966 13.75310822286 13.508973996535 13.64711706525 10.794350499894 6.3228848389483 7.8647840837149 10.120861788876 12.47862974097 13.380072308036 13.428582469195 13.793580663747 14.105060636771"
SAFA-LOW_SIGN-0-20230525-21:57:05-777964,vector,GridFlexeScenario.node[22].veinsmobility,speed,,,"2 3 4 5 6 7 8 9 10 11 12 13 14 15 16 17 18 19 20 21 22 23 24 25 26 27 28 29 30 31 32 33 34 35 36 37 38 39 40 41 42 43 44 45 46 47 48 49 50 51 52 53 54 55 56 57 58 59 60 61 62 63 64 65 66 67 68 69 70 71 72 73 74 75 76 77 78 79 80 81 82 83 84 85 86 87 88 89 90","2.0997949530138 3.533682203386 5.0160620053066 6.4289469338022 7.8014874074608 9.2360382310115 10.922365872608 12.999409898114 13.821388126871 13.467731755328 13.96294343009 14.322049286341 14.060144403236 13.775046968818 14.110889410958 11.716774349765 8.6696919833081 4.5343517840727 6.0028373946789 8.00736596362 9.6003192682638 11.957289712259 13.610223929666 14.224974972903 13.779638014765 13.908050412227 14.12738230965 14.432261600004 13.399587792259 14.52006011974 13.911250130375 13.592286981953 13.729538586814 14.644035392123 14.258988583539 14.222754524517 13.680156327257 14.383400572076 13.564834532779 14.131690926253 13.422923264451 14.06612170407 14.046980853201 13.530521967084 13.435791079638 13.102546062864 11.960388031229 11.350963920468 10.669443305425 10.620131986705 8.5920752001156 10.024304466004 9.384324132633 8.2353983716166 8.4340487053293 8.7129022931099 9.291849820701 8.7822035654789 9.9491197983054 8.775608665135 8.5904875867945 9.1724201414154 9.6919669891834 9.465709786273 8.3428464335909 9.0591316340784 8.0488263724351 9.683428281573 8.890086888853 8.2403233790106 8.2792056938835 9.441551033043 9.9690366105822 8.8469782332645 8.6481415864096 8.9816343221281 10.005862375116 8.4996695392791 9.1192009658958 9.2835337361537 8.3343318742247 8.8413720700795 11.266740860478 12.84007795678 14.294794454713 14.130420508151 14.202867677723 14.606612762351 13.378299050507"
SAFA-LOW_SIGN-0-20230525-21:57:05-777964,vector,GridFlexeScenario.node[23].veinsmobility,speed,,,"2 3 4 5 6 7 8 9 10 11 12 13 14 15 16 17 18 19 20 21 22 23 24 25 26 27 28 29 30 31 32 33 34 35 36 37 38 39 40 41 42 43 44 45 46 47 48 49 50 51 52 53 54 55 56 57 58 59 60 61 62 63 64 65 66 67 68 69 70 71 72 73 74 75 76 77 78 79 80 81","1.810456270352 3.2931920543313 4.7323145644274 7.0994150430197 8.7132558349287 10.336095865001 12.146549515962 13.080477536565 13.608249416041 13.670253945703 4.6702539457029 6.5860009243965 8.4049400099574 10.638913550556 12.063366169624 12.875833158849 13.026815068421 13.561539588801 13.262744046028 13.366934441428 12.914769316746 13.477792499822 13.577891937808 14.07037609434 12.937091567276 13.397536085129 13.856594519412 13.701454221715 12.870351776529 13.155034811378 13.051638603678 12.905670798386 13.3208633767 13.337185826085 13.993385915018 13.902604291171 13.388350342007 13.554265812763 13.191265282735 13.828617006985 13.314430850234 13.269662095166 13.74009863015 13.190158255144 13.589808533785 12.942520135294 12.941086725311 13.791223389378 13.482744951851 13.407377452755 12.986642276335 13.702523811746 12.934211155774 13.961003432704 14.110923025945 13.364568308999 13.495823590203 13.118773845329 13.134526897946 13.406455535979 13.123222457713 12.965091412936 13.46025339463 13.25507470316 13.98729671587 13.077338813853 13.595007485246 14.029912924838 14.05680069451 12.960698813462 9.023436575379 4.523436575379 6.7082585514251 8.0989715532128 10.690851387797 13.267204391766 13.084918671243 13.086209133106 13.932381085402 14.021937035399"
SAFA-LOW_SIGN-0-20230525-21:57:05-777964,vector,GridFlexeScenario.node[24].veinsmobility,speed,,,"2 3 4 5 6 7 8 9 10 11 12 13 14 15 16 17 18 19 20 21 22 23 24 25 26 27 28 29 30 31 32 33 34 35 36 37 38 39 40 41 42 43 44 45 46 47 48 49 50 51 52 53 54 55 56 57 58 59 60 61 62 63 64 65 66 67 68 69 70 71 72 73 74 75 76 77 78 79 80 81 82 83","2.4864454656141 4.2909218169516 6.5913015923928 8.3360800072551 10.401700620283 11.740177516011 13.936160014081 15.098850811471 15.276285049145 15.174641112227 15.72988863372 14.75241063264 15.696351594909 14.970232070505 15.434417253488 15.027522120171 15.377893175103 15.785381300596 15.728390376701 15.165426707745 15.171258496458 15.313503197499 15.62624422916 14.830095725821 15.629904514633 15.284083462868 15.701270533318 11.279719354912 6.779719354912 2.348063201994 1.1281195985793 0.017588719501554 0.0077671613815259 0.00095294117225211 0.00015388016957898 0 0 1.9186654491583 4.4114153822418 6.6240108381724 7.9512946056901 9.7248597523663 11.223353644623 12.866326636518 15.439277390484 14.065134449723 9.5651344497226 5.0651344497226 6.5450205744713 8.2038541904887 10.340464891424 11.971032728488 13.536181347864 15.063589441951 15.198902336709 10.698902336709 6.5634076271348 7.9108787662026 10.188951260145 12.520434602667 14.709461202999 15.667940905562 15.561902147613 13.037241191698 8.645371221694 4.5457538148103 6.2384185954411 8.4408217785362 10.259856233368 12.631236627856 15.012872788933 14.886380120216 13.988254278761 9.6628600111952 6.2767628288501 7.6740637220581 9.8295472423918 11.944619428962 14.402062958307 15.253339850821 15.102831633377 15.881986920664"
SAFA-LOW_SIGN-0-20230525-21:57:05-777964,vector,GridFlexeScenario.node[25].veinsmobility,speed,,,"2 3 4 5 6 7 8 9 10 11 12 13 14 15 16 17 18 19 20 21 22 23 24 25 26 27 28 29 30 31 32 33 34 35 36 37 38 39 40 41 42 43 44 45 46 47 48 49 50 51 52 53 54 55 56 57 58 59 60 61 62 63 64 65 66 67 68 69 70 71 72 73 74 75 76","1.8798766718246 3.8480433933437 5.9329211283708 8.5096253508236 11.047060541715 13.553888762649 15.470514436043 11.783985508272 8.6875919501223 4.1875919501223 0.29842320883391 0.086739712993268 0.0080144196288107 0.0042934550420801 0.00033253871700452 0 0 0 1.8487568574958 3.1796000663424 5.4877423616126 7.3646442321362 8.7341858583968 10.573107206938 12.496172779473 14.187230668264 13.338011701371 11.139332187273 7.4548473442716 9.2335418436022 10.852024986599 13.228848253754 14.878452643361 16.468324871876 15.56565221383 11.542549546911 7.7293464508936 3.6705046280569 5.5134417165585 7.7467367433991 9.9713409016889 11.435383416554 13.966695883782 16.535351672421 14.690596208536 10.585340836916 6.8575694315877 8.4008759033211 9.7646226650846 11.846946031698 13.656251630447 15.597583772828 15.59968868436 15.998396669517 16.034601439421 15.483345764947 16.251640891216 16.307169830335 16.467568708027 16.213239171777 16.524641977183 15.776543176339 16.315786441534 15.364131986003 15.848756598078 14.516745259417 10.488287069778 6.0301872275439 8.0419861458843 9.7354428416952 11.154199291383 13.322752359081 15.195209482139 16.429084965379 16.11053257771"
SAFA-LOW_SIGN-0-20230525-21:57:05-777964,vector,GridFlexeScenario.node[26].veinsmobility,speed,,,"2 3 4 5 6 7 8 9 10 11 12 13 14 15 16 17 18 19 20 21 22 23 24 25 26 27 28 29 30 31 32 33 34 35 36 37 38 39 40 41 42 43 44 45 46 47 48 49 50 51 52 53 54 55 56 57 58 59 60 61 62 63 64 65 66 67 68 69 70 71 72 73 74 75 76 77 78 79 80 81 82 83 84 85 86 87 88 89 90 91 92 93 94 95 96 97 98 99 100 101 102 103 104 105 106 107 108 109 110 111 112 113 114 115 116 117 118 119 120 121 122 123","2.5855512305163 4.8742797875544 6.9835077186348 9.2809608939337 10.917270789357 11.189857352865 10.579198958274 10.990950704893 10.800927832411 10.786827178337 10.890879902538 11.6740750458 11.523932930516 11.119030932724 11.123790132758 10.869026855091 11.432664006055 8.4761004047112 4.1400070767439 6.0995803793015 8.6007663808119 10.119612370553 10.840390508543 10.618998757997 11.543136028704 11.637023626818 11.254260585122 10.464037017364 6.1473033488528 8.5526037257197 10.900598442208 11.515552544282 10.431619065642 11.46114913194 10.562416807833 10.585703635137 11.458480167427 9.6830063292145 6.0018550866138 8.0923130564711 10.163481502151 10.558856861634 11.538784752708 11.48220805767 10.702847168749 10.513490111395 10.623525163639 9.5303368085133 5.610015222018 7.9092398846358 9.7090248901 11.577684273632 10.857161631147 10.679966737857 11.593171999828 11.22227409551 11.047922148919 11.202311217357 10.565519059743 10.573766174834 11.524426670946 10.999354584227 11.032381488258 11.400864454839 11.635635802839 10.513319885466 10.798913154253 11.08438745685 11.25150725042 10.810438434538 11.287798410296 11.421726511247 11.432610678711 11.683431105051 11.14175939594 11.396504474981 10.729600682054 10.479362931955 10.528733289838 11.161347843395 11.59213119465 10.447759836601 10.539636311532 11.124971842967 11.113665598156 11.224770171117 11.661819990506 10.860084127859 10.530916795545 11.386376723196 10.732445833171 10.427970227218 10.649311369393 11.019516164731 11.193552458021 11.635986305182 10.49405652009 11.017828989486 11.62132028543 10.727776662531 11.018332341817 11.063334165807 11.209850386405 10.607487859242 11.276120953183 10.718450093377 10.898004649617 11.453852704857 10.988229366174 11.649159330307 11.298760694583 10.836659961697 7.643664355435 10.217897914977 11.359976119446 10.720013364209 10.443005528781 10.964068126483 11.432856449895 11.699542707662 11.249584484627 10.724364221297"
SAFA-LOW_SIGN-0-20230525-21:57:05-777964,vector,GridFlexeScenario.node[27].veinsmobility,speed,,,"2 3 4 5 6 7 8 9 10 11 12 13 14 15 16 17 18 19 20 21 22 23 24 25 26 27 28 29 30 31 32 33 34 35 36 37 38 39 40 41 42 43 44 45 46 47 48 49 50 51 52 53 54 55 56 57 58 59 60 61 62 63 64 65 66 67 68 69 70 71","1.8839627243113 3.5633705554763 5.7851943888003 7.7211185075575 9.1602874623612 10.595106443902 13.031845533126 13.435874918751 13.63838329061 13.13223787094 12.657197552938 12.920265265084 12.681066924818 13.457080803109 12.712310667471 12.836220234419 12.79142446124 12.512608460053 12.696859159945 12.656087334194 12.621683338909 13.487874725084 12.78759902033 13.644572352008 12.69825115697 13.654041651655 12.915436627269 13.136930862786 13.459167350778 12.511324970722 12.539210369503 12.648167588231 13.093560914435 13.098055816856 13.206895651501 13.323289409019 12.431997042168 12.612030539005 12.544138009353 12.563175999625 13.432660943172 12.725685307938 13.298035094068 12.814505310073 13.439502737271 12.563737992845 13.669686786197 12.833682901128 13.162794415346 13.402091444978 12.509829976592 13.094565378358 13.166010629242 12.417426498835 12.63173510504 13.269075023867 12.780866269367 12.97320718057 13.678237923207 12.663645661362 13.529517435488 13.414923592978 12.832402218851 12.644271872328 12.803049606499 13.427889701021 13.255525838835 12.496904014186 12.494722830639 13.363931753179"
SAFA-LOW_SIGN-0-20230525-21:57:05-777964,vector,GridFlexeScenario.node[28].veinsmobility,speed,,,"2 3 4 5 6 7 8 9 10 11 12 13 14 15 16 17 18 19 20 21 22 23 24 25 26 27 28 29 30 31 32 33 34 35 36 37 38 39 40 41 42 43 44 45 46 47 48 49 50 51 52 53 54 55 56 57 58 59 60 61 62 63 64 65 66 67 68 69 70 71 72 73 74 75 76 77 78 79 80 81 82 83","2.5498698164476 4.1357392188394 6.6152243342949 8.3924638449913 10.974405741645 12.35739964908 13.75786735588 13.009664288799 8.7551670190694 4.2551670190694 6.8377202269903 8.2060013279368 10.706800549412 13.011259751981 13.298519623235 13.897750161707 13.742482065318 13.040724292679 13.371909323896 13.763306169004 13.325740593162 13.114751704039 13.248656096381 13.778228092755 14.065800539895 14.167254461373 13.779844453933 14.160835249491 13.839650633258 13.014307635699 13.241955008756 13.827790987703 13.975513341746 14.198792424567 13.4860551046 13.528196720967 13.208694800923 13.598678396342 13.605179836044 13.603186110596 14.008115166148 13.222967703433 14.309209716043 13.331469341789 13.016488835288 13.161982254104 14.312306035731 13.043672765374 13.545957632365 13.252281079094 13.73110247846 13.693743469568 13.21896056866 13.782653176598 9.2826531765983 4.7826531765983 6.3878001833335 7.7295248815324 9.5537559811026 11.418261311669 13.724445707584 14.024028340333 14.173384667586 11.323270930061 8.0334806560796 9.882980164888 11.895219022015 13.554741163321 13.340842328106 13.970411595914 13.907830243234 12.552114682642 8.2153230441629 4.406949489006 6.6408072851377 8.0003185420076 10.49002489797 11.845083414508 14.022145376939 13.78818086351 14.029156770117 14.030377550239"
SAFA-LOW_SIGN-0-20230525-21:57:05-777964,vector,GridFlexeScenario.node[29].veinsmobility,speed,,,"2 3 4 5 6 7 8 9 10 11 12 13 14 15 16 17 18 19 20 21 22 23 24 25 26 27 28 29 30 31 32 33 34 35 36 37 38 39 40 41 42 43 44 45 46 47 48 49 50 51 52 53 54 55 56 57 58 59 60 61 62 63 64 65 66 67 68 69 70 71 72 73 74 75 76 77 78 79 80 81 82 83 84 85 86 87","1.5810179376742 3.3557341240114 5.6319781060563 7.2464794785483 9.4394794630352 10.82107089709 13.365345811751 15.149433735457 14.536022112706 15.131055999479 15.202970109602 15.424681432244 15.470002389747 14.471743289127 15.645967255441 15.345771848389 15.017575159158 14.652174653464 15.688607720567 15.532431587998 15.448559263723 15.175671433589 14.918612797909 14.491159410357 15.710680464843 15.57388744536 14.918755345281 14.658238968697 15.03024367178 14.554399657088 14.697015522306 14.554998296966 15.227674728005 14.511756990572 15.511030022033 14.597257540167 14.473222176755 14.521496547597 15.699346798753 14.981346617385 13.663562228477 10.672473035684 6.1724730356837 8.689516072139 10.888661586005 12.87436400333 15.040606391361 14.499070441259 14.42504900268 12.93209437082 8.4320943708203 4.2463314714212 6.6192303670639 9.1158055222196 11.674194912526 13.68211274469 14.695336794249 14.43738562111 13.509281397692 9.6818526025899 5.6407176214308 8.0056617492382 9.9123194752066 11.384867855561 12.712178353946 15.191052284352 15.647094388238 12.914488990607 9.3256220437603 4.8256220437603 6.8537801329063 8.406697474608 9.7234487686556 11.114817680676 13.474418089797 15.082465749538 15.393694776764 10.99186869528 6.9755975882762 8.5251501511323 10.409896223574 11.953513664939 13.268773488957 15.48818634404 15.060530097738 15.054359057594"
SAFA-LOW_SIGN-0-20230525-21:57:05-777964,vector,GridFlexeScenario.node[30].veinsmobility,speed,,,"2 3 4 5 6 7 8 9 10 11 12 13 14 15 16 17 18 19 20 21 22 23 24 25 26 27 28 29 30 31 32 33 34 35 36 37 38 39 40 41 42 43 44 45 46 47 48 49 50 51 52 53 54 55 56 57 58 59 60 61 62 63 64 65 66 67 68 69 70 71 72 73 74 75 76 77 78 79 80 81 82 83 84 85 86 87 88 89 90 91 92 93 94 95 96 97 98 99 100 101 102 103 104 105 106 107 108 109 110 111 112 113 114 115 116 117 118 119 120 121 122 123 124 125 126 127 128 129 130 131 132 133 134 135 136 137","2.0537621400552 4.4016488186084 6.5294374719728 9.1261657744413 11.485826082993 12.796866380586 13.926223189171 14.292826375339 14.588803645873 13.35196824141 13.448759910904 14.587696268686 14.116889690652 13.876237926001 12.467229100556 9.3053366783531 4.8053366783531 0.64551306694553 2.5074392656497 4.6201002465262 6.1594865627754 8.5556280069919 10.055583883722 12.21314466914 13.528332538853 13.841322067331 14.372905740186 14.50954848821 13.998228042407 13.495411320633 14.195264236137 13.664081694579 14.004585854474 14.052686125387 13.768271645342 13.559833448587 13.710187868957 13.306203091864 13.506795079631 14.191513050159 13.548091289422 13.755820423246 14.599908187261 14.313517522367 13.967426167519 13.537385896474 13.34545586195 14.312075016552 14.088572378337 13.348129280095 14.375227330552 13.748908838138 13.360048335043 13.363874387063 13.332790194216 11.856467784567 7.3564677845667 3.6060167447072 6.0914275189735 7.5500677329827 9.9989128034436 11.685091096756 13.672492379426 14.223527908742 14.531153747413 11.823180695285 7.9132838697049 10.230349738627 11.630255335604 14.082796752208 13.857205739615 14.383161300348 13.731151890636 13.00816790108 8.5081679010796 10.083027576239 11.464206007592 13.615910457869 13.438353436996 13.369884699068 13.374837122343 12.73690760897 8.9971785452609 4.5100590509056 6.311017132939 7.9472596851337 10.485142090025 12.826868379435 13.450989413655 13.652272505753 13.976399374308 12.315179642036 7.815179642036 9.3325912214373 11.555948565809 12.91072017879 13.971850888778 13.445429873953 14.140099631224 13.44580861113 8.9458086111301 4.4458086111301 6.5005716189693 8.0700543051769 10.135516989855 12.587337318058 14.500078581993 13.522705014234 13.491034841395 12.008136339462 7.5081363394622 9.2939630445092 11.749212419265 13.827079512365 14.414314198794 13.716868453354 13.893236969548 13.075423114982 8.7852009545341 4.2852009545341 6.0242995955776 7.8783711290248 9.6748239536565 11.370744865297 13.204187963044 13.405873467561 13.707440036672 14.282172319011 14.209706201076 14.316748393837 13.724892512473 14.315343126419 14.326959188256 14.217132188144 13.387665863379 14.151062128294"
SAFA-LOW_SIGN-0-20230525-21:57:05-777964,vector,GridFlexeScenario.node[31].veinsmobility,speed,,,"2 3 4 5 6 7 8 9 10 11 12 13 14 15 16 17 18 19 20 21 22 23 24 25 26 27 28 29 30 31 32 33 34 35 36 37 38 39 40 41 42 43 44 45 46 47 48 49 50 51 52 53 54 55 56 57 58 59 60 61 62 63 64 65","2.2281300266739 4.7904409463285 6.1449037081329 8.325870720786 9.9244639142184 11.451805011752 10.963740554113 11.40632120947 11.976056454132 11.798272652422 11.274795093375 11.299612210003 12.132740863633 11.464573081523 11.314780168874 11.0088366998 11.174485085566 8.1234603180508 9.6738934473791 11.734946176141 11.578955452527 11.797571464615 11.371028909703 10.966497286094 12.088451672985 12.209319890836 11.789481395866 11.306942341697 11.618989039735 11.173899488464 11.677087711903 11.290024822844 11.739703308266 11.573224222834 9.7634736170561 5.2634736170561 7.661173988952 9.9093032870942 11.418789939476 12.232607389485 12.065781431143 11.205203549458 11.650356266681 12.063712120183 7.859887575616 4.7299805393335 6.4656741139371 8.5768822912252 10.247933770147 11.541363881399 12.061850497836 11.761328573396 11.370297855266 11.672288431913 11.682453365797 11.443574481095 11.088397406401 11.012838442331 11.642293749667 10.96399623443 11.36409234685 11.807201294751 11.615965097757 11.93483447869"
SAFA-LOW_SIGN-0-20230525-21:57:05-777964,vector,GridFlexeScenario.node[32].veinsmobility,speed,,,"2 3 4 5 6 7 8 9 10 11 12 13 14 15 16 17 18 19 20 21 22 23 24 25 26 27 28 29 30 31 32 33 34 35 36 37 38 39 40 41 42 43 44 45 46 47 48 49 50 51 52 53 54 55 56 57 58 59 60 61 62 63 64 65 66 67 68 69 70 71 72 73 74 75 76 77 78 79 80 81 82 83 84 85 86 87 88 89 90 91 92 93 94 95 96","1.4965369990095 3.0388824129244 5.4063177126227 7.2375562163535 9.7668840318685 12.222601813055 12.665202703743 12.071007373902 12.777181483872 11.930567014563 12.343192788862 12.306425515419 12.316517787074 12.670044996051 13.05714460441 11.994725000482 11.257926308718 7.2533753907126 9.3621651082816 11.159439148712 12.412690589807 12.847864994636 12.608716401012 12.724277266251 12.915656301795 11.159038501446 6.6590385014462 8.1628464022456 9.5181327183536 11.124448335314 11.991284540176 12.991031687517 12.778890279538 12.869801509377 11.63535698772 7.7882913190618 10.003387405931 11.369466705991 12.196479890539 12.882630899056 11.845437443602 12.554545349624 12.968181653853 11.011258041384 6.5112580413836 8.4362834852328 10.504797711749 12.529865531474 12.503995059171 12.020866254225 12.714176561028 12.579190235372 10.399483142695 6.5884459243107 9.0267002660267 11.152955126548 12.632093880625 12.240377083254 12.299776988147 12.408028971331 12.340782719125 10.877581297497 6.914062914888 8.2471628546553 10.094542558848 12.04749681636 12.225047128621 12.018796478348 12.22582227443 12.699942331618 12.22146556412 11.963135646187 12.712693312994 12.290242187978 12.542836931088 12.189748789181 11.879835130131 12.121773335544 12.323904940017 12.679256995135 11.89625039417 13.092784646988 11.901820867575 12.438057044005 11.911281584735 12.786594916085 11.849094502508 12.891602981995 12.420607376771 11.979331005152 11.883586213502 12.340675651581 11.853644643092 12.611185816882 12.941133867946"
SAFA-LOW_SIGN-0-20230525-21:57:05-777964,vector,GridFlexeScenario.node[33].veinsmobility,speed,,,"2 3 4 5 6 7 8 9 10 11 12 13 14 15 16 17 18 19 20 21 22 23 24 25 26 27 28 29 30 31 32 33 34 35 36 37 38 39 40 41 42 43 44 45 46 47 48 49 50 51 52 53 54 55 56 57 58 59 60 61 62 63 64 65 66 67 68 69 70 71 72 73 74 75 76 77","2.0199117310578 3.4845084266737 5.9721438686829 7.6314615236362 9.7758397688856 11.643139608357 11.303225147784 11.580011294749 10.743552615972 11.202608227766 11.318316175126 11.228637434881 10.421281215981 11.40285164792 11.307507821395 10.807816882771 11.296489598848 10.14905203162 5.64905203162 7.558765385605 9.870173112026 11.142878917315 10.644721767296 11.255355217437 11.454555673398 11.319349303436 11.088863960946 10.100142920262 5.600142920262 7.7878993137626 9.2623292791077 11.114703188035 11.09630293298 10.672883836938 11.352432148148 11.398747777882 10.526308389161 10.200649666539 5.7006496665388 7.0833509176824 9.5355073231127 10.514025028762 10.999116554753 10.47656249368 10.436288637099 10.395145401092 10.71321517696 11.183852860857 11.210209502479 11.017296276371 10.853516999738 10.678106367461 10.48700373521 10.751111416532 10.531943715354 10.639542011185 10.849220263016 11.373370613357 11.302957896319 10.480891814492 10.542246828334 10.688902469924 10.457792412596 10.792609212002 10.471724752164 11.183954499233 11.614657621867 10.887525448775 10.916802796758 10.878508788966 11.177195110022 10.832947293007 10.965723639973 10.777740715783 10.509844108544 11.229182820058"
SAFA-LOW_SIGN-0-20230525-21:57:05-777964,vector,GridFlexeScenario.node[34].veinsmobility,speed,,,"2 3 4 5 6 7 8 9 10 11 12 13 14 15 16 17 18 19 20 21 22 23 24 25 26 27 28 29 30 31 32 33 34 35 36 37 38 39 40 41 42 43 44 45 46 47 48 49 50 51 52 53 54 55 56 57 58 59 60 61 62","1.7627893261844 4.2169673711061 5.9004279742017 8.3118679663865 10.149790357053 12.101043521399 12.052470529354 11.08970181399 12.142742301123 11.625259348326 11.892490231241 11.467873302144 11.211652546604 11.587462567836 11.387413491746 12.100393360266 11.627217767383 11.607695732121 11.512511212653 11.769890378108 11.526867205622 12.024836019468 11.117701392383 11.158074976522 11.144316067356 12.241087284796 11.402980934125 11.518526555803 11.278109947657 11.071191135882 11.946246623965 10.979302587053 11.378301837384 11.414295325866 11.548111579353 11.514828598797 11.180165689387 11.33591462024 11.542232134002 12.069359457977 11.33032378193 11.949981589937 11.817677209824 11.35105886687 11.805351867126 11.697079484532 11.657072008303 11.203149294755 11.44806149967 12.063896655962 11.759644776718 11.13875363131 11.022895505717 12.224974398822 11.608094505239 11.288265035972 12.107765713073 11.556413871767 11.56299785105 11.059540749546 11.608936694027"
SAFA-LOW_SIGN-0-20230525-21:57:05-777964,vector,GridFlexeScenario.node[35].veinsmobility,speed,,,"2 3 4 5 6 7 8 9 10 11 12 13 14 15 16 17 18 19 20 21 22 23 24 25 26 27 28 29 30 31 32 33 34 35 36 37 38 39 40 41 42 43 44 45 46 47 48 49 50 51 52","1.5644941205392 3.9260288965655 5.5124305998906 7.3365253900178 9.356942805252 11.826975408592 11.762585906223 11.925788265704 11.67668267718 7.1766826771796 9.7033476277851 11.406760280662 12.069331057956 11.679497109567 12.28721624867 11.643697569547 11.958407638575 11.935919371663 7.4359193716629 2.9359193716629 0.11520397514932 0.05565632994566 0.0064496088805148 1.7111056000026 3.6045104956752 6.0586861034189 8.2118018178069 10.285569564419 11.177914128666 11.880197840211 12.131640559649 11.455298447264 11.92770259048 7.8044725898715 10.17647270952 12.270365382642 11.959161064685 11.235993521339 11.83326222592 11.805770430182 11.120446929573 11.103086299425 8.2445167794819 10.426686720503 12.123854808234 12.269672960746 11.219084662459 11.65457624216 11.71019276502 11.720665131118 11.105205099568"
SAFA-LOW_SIGN-0-20230525-21:57:05-777964,vector,GridFlexeScenario.node[36].veinsmobility,speed,,,"2 3 4 5 6 7 8 9 10 11 12 13 14 15 16 17 18 19 20 21 22 23 24 25 26 27 28 29 30 31 32 33 34 35 36 37 38 39 40 41 42 43 44 45 46 47 48 49 50 51 52 53 54 55 56 57 58 59 60 61 62 63 64 65 66 67 68 69 70 71 72 73 74 75 76 77 78 79 80 81 82 83 84 85 86 87","2.0332066265866 4.5995025302982 6.4849413115764 8.5190222004196 10.572544058389 12.743108791974 13.743377892734 13.204368858147 13.619870039137 13.632896906222 13.965539995852 13.304429890905 13.373581358619 13.402473638222 12.909510491757 13.42221231476 13.474598518844 13.477626722856 13.607975331453 12.898113500505 13.554836582058 13.728924728642 12.749936013148 13.49335823496 13.480723987814 13.361740977728 13.514282542016 13.500390474909 13.720727869301 13.049437409235 12.771287815823 14.002013717676 12.904902206073 13.571976071471 13.514776732834 13.446998179696 12.75064898186 12.246759305075 8.0664692248967 3.9343314425023 5.4993240461619 7.3083354034861 9.2107171859294 11.173314928071 12.505370800074 13.325551528266 12.899874019009 13.794147497733 9.2941474977331 4.7941474977331 6.5935889900345 8.6487313952445 9.976527549481 11.535343571232 13.332800394963 13.126877725838 13.072598672533 12.226161951079 8.2173822055996 4.6789575602606 6.5803723635597 8.4726935001536 10.978864136127 13.246922540313 13.580423326945 12.818220048273 13.989803663307 10.640795866962 7.1322280208374 9.6199454091749 11.870916847375 13.461179359016 13.488600009858 12.804657775062 12.758045140739 13.464395769351 9.1632692627508 4.6632692627508 6.6611757253428 8.0616505432307 9.9743137125989 11.673515089195 13.940857401645 13.004296515967 13.056927227849 13.409149132148"
SAFA-LOW_SIGN-0-20230525-21:57:05-777964,vector,GridFlexeScenario.node[37].veinsmobility,speed,,,"2 3 4 5 6 7 8 9 10 11 12 13 14 15 16 17 18 19 20 21 22 23 24 25 26 27 28 29 30 31 32 33 34 35 36 37 38 39 40 41 42 43 44 45 46 47 48 49 50 51 52 53 54 55 56 57 58 59 60 61 62 63 64 65 66 67 68 69 70 71 72 73 74 75 76 77 78 79 80 81 82 83 84 85","1.3721544130938 3.7911605555099 5.7878329303581 7.7065216761781 10.055888137384 11.639975428215 11.866733175592 12.220622574893 11.817087053374 11.507564182446 12.431618461671 11.917175417516 11.451707063621 12.508208587236 11.458149854868 11.40920951544 11.494011464232 11.486315035756 11.510954581021 11.807587331376 11.816014578502 12.14599210695 12.598847638589 12.412615889782 12.199330054183 11.44392951483 12.322227370768 11.999758220656 11.945730575646 12.533610576048 11.96426650603 12.069492773834 11.736692085775 11.506613708433 11.737655151571 12.083550675894 12.041430102737 11.65203697242 12.158872927382 12.477190886188 12.438730217127 12.044749718119 11.671622233262 11.975129480456 12.269185199245 11.51249770397 11.58320578023 11.501719880343 12.120370540564 11.532501932728 12.091201690912 12.326012628205 11.784234900941 12.254312082921 12.15221186069 11.633978488302 12.604249608918 11.428095354611 11.918616165366 11.746056204784 11.549256116763 11.58339623395 12.025031959178 12.474874064542 11.840682368941 11.751040974545 12.309557254246 12.035896558693 11.854137303709 11.833388212865 12.433797010692 12.558283935191 11.945213652967 11.892867127486 12.148711985239 11.626930511423 11.328893876291 11.381641110225 12.517676700075 12.311782676872 12.226468566858 12.622490047506 11.604919775954 11.887787071389"
SAFA-LOW_SIGN-0-20230525-21:57:05-777964,vector,GridFlexeScenario.node[38].veinsmobility,speed,,,"2 3 4 5 6 7 8 9 10 11 12 13 14 15 16 17 18 19 20 21 22 23 24 25 26 27 28 29 30 31 32 33 34 35 36 37 38 39 40 41 42 43 44 45 46 47 48 49 50 51 52 53 54","2.4524649926694 3.7856369765941 5.4382819585968 7.5813738096971 9.2614871312631 10.822001156025 12.024226653763 12.324477571389 10.785176263043 7.3412925499878 9.6085023873174 11.346540108292 12.817909587082 12.475472755288 11.686244927138 12.787390832254 11.927417387674 11.749277837575 12.250387098501 11.826188342181 12.348595390749 12.440840688023 12.337476930628 12.791643312039 12.483444497409 11.782683965541 12.781051404658 11.670491237683 11.735831228621 12.73532296049 11.860494260421 12.375586811011 12.310008807784 11.606341030938 11.601826405898 12.214136999264 12.512856244622 12.481881701784 11.612329896866 11.676278437419 12.124829769158 11.933014036832 8.2935562466713 4.8737865075794 6.8436410517757 8.6262167725804 10.487758839698 11.660181441531 12.771110188403 12.750188978669 12.384743066156 11.851853280771 11.732441275893"
SAFA-LOW_SIGN-0-20230525-21:57:05-777964,vector,GridFlexeScenario.node[39].veinsmobility,speed,,,"2 3 4 5 6 7 8 9 10 11 12 13 14 15 16 17 18 19 20 21 22 23 24 25 26 27 28 29 30 31 32 33 34 35 36 37 38 39 40 41 42 43 44 45 46 47 48 49 50","2.1130978513975 3.4771692463662 5.1255771265365 6.9473210943863 9.3444968643133 11.741703983396 12.145251354005 11.094731055166 11.439310533612 7.2646760936184 4.5260725502069 5.8651897490868 8.0405367429745 10.495273076618 11.895891338808 11.027841178503 11.877369142825 11.287654257904 11.50461245348 10.940981798934 11.947044290242 11.987091226539 12.033684948821 11.547853804066 11.991289187933 11.482371591439 11.757672334079 11.340968949639 9.1087463976031 4.6087463976031 6.7827520143387 8.9660769431766 10.462456052276 11.414016929002 10.957855432842 11.719770062098 10.979925483873 11.641274180741 9.647573372521 5.2873082960928 6.8492684733561 8.5787725149859 10.748681492402 11.725536575483 11.709935046209 12.135042800627 11.344130494411 11.846170767944 11.346747600183"
SAFA-LOW_SIGN-0-20230525-21:57:05-777964,vector,GridFlexeScenario.node[40].veinsmobility,speed,,,"2 3 4 5 6 7 8 9 10 11 12 13 14 15 16 17 18 19 20 21 22 23 24 25 26 27 28 29 30 31 32 33 34 35 36 37 38 39 40 41 42 43 44 45 46 47 48 49 50 51 52 53 54 55 56 57 58 59 60 61 62 63 64 65 66 67 68","2.0578714020317 3.3615311514586 5.0251093153842 6.4127847458236 9.0126360504189 11.446074268315 13.653041930241 14.033735114068 11.074622680437 6.5746226804372 9.0545825062361 10.585594974439 12.55215474449 14.042588014206 15.206446682985 15.179506216148 15.349634424221 15.142012167253 16.03035435036 15.952116412457 15.759764115952 15.459696394994 15.398154510252 15.12609723692 15.80522312028 16.22174514895 15.691924868544 16.27678794793 15.363645630653 12.413986239147 7.9139862391472 3.4139862391472 0.31417331294706 2.3394777838103 3.96668402501 6.0507377492924 8.4125043738362 10.325011052886 11.657733745823 13.733377685184 14.968247917233 13.149031421234 8.6490314212339 5.3948846407636 7.708124323276 9.2977904180466 11.174225394631 13.234456748672 15.728908877487 14.742540128844 14.110466137281 9.6104661372814 5.1104661372814 6.5919866774555 7.904695124747 9.3162411117552 10.850425455798 12.83549146425 14.898330248901 15.539434609093 15.379252501318 15.350602416435 15.69519290032 15.861581534726 16.238986657813 15.20062354244 16.163957747581"
SAFA-LOW_SIGN-0-20230525-21:57:05-777964,vector,GridFlexeScenario.node[41].veinsmobility,speed,,,"2 3 4 5 6 7 8 9 10 11 12 13 14 15 16 17 18 19 20 21 22 23 24 25 26 27 28 29 30 31 32 33 34 35 36 37 38 39 40 41 42 43 44 45 46 47 48 49 50 51 52 53 54","1.3142850321019 3.5183876613854 5.403979522083 7.1310559494421 9.3651744609699 9.8576293316481 10.303332946757 9.159381219493 9.8259990453532 9.2147766519848 9.7891590185741 9.7786732207563 9.543323573265 9.9323978249261 10.228982843882 9.6050137941304 9.9979959978301 9.2114452977709 9.4913312298057 9.4839178669078 9.7618632322455 9.4104573503647 9.1417757565899 10.079028548398 10.250250029382 9.8704869985858 9.6093362277651 10.341765861893 10.194767087004 9.9831965970618 9.3567257438047 4.8567257438047 6.8776920904131 8.9777276790427 9.5179572144102 9.3553836150838 9.7083739702169 9.9588783673288 10.082067783274 9.7032538847111 9.1475841896187 10.396173455757 10.206960415891 10.187000125954 10.156970138526 10.211443347325 9.2243618144465 9.7728187416492 9.5141868019055 9.4052349857099 9.158762028259 10.194877602071 9.8109431845646"
SAFA-LOW_SIGN-0-20230525-21:57:05-777964,vector,GridFlexeScenario.node[42].veinsmobility,speed,,,"2 3 4 5 6 7 8 9 10 11 12 13 14 15 16 17 18 19 20 21 22 23 24 25 26 27 28 29 30 31 32 33 34 35 36 37 38 39 40 41 42 43 44 45 46 47 48 49 50 51 52 53 54 55 56 57 58 59","1.4993388696341 3.36982366913 5.3784856381593 7.5206582512008 9.3590514494572 11.262576781446 10.940950465018 11.672738775357 11.394750853839 8.2481920916096 4.4013947638205 6.9394696770223 8.7748996433091 10.221264427131 10.84961578639 10.775907671989 10.857653680399 10.778682293559 10.956054910763 10.926921990054 11.969987169539 10.942178901124 11.359554239039 10.874461709058 11.780251339546 10.908740640061 11.041466448877 11.150711459226 8.3701413844785 5.0566539819076 7.3225950316716 9.8322184191741 11.899519981329 10.932160549333 11.891568535405 11.174835027686 11.302288448254 10.911980923966 9.7448388599377 5.2448388599377 6.6996878615865 8.0719135781802 10.299547657585 11.294347300406 11.527297318193 11.982031953453 11.374249770983 10.931514002804 10.202604619197 6.7443307760336 8.0843602407423 10.599487786011 11.6424141621 11.460084597466 11.865592308461 11.891153429986 11.780398479479 11.851335664701"
SAFA-LOW_SIGN-0-20230525-21:57:05-777964,vector,GridFlexeScenario.node[43].veinsmobility,speed,,,"2 3 4 5 6 7 8 9 10 11 12 13 14 15 16 17 18 19 20 21 22 23 24 25 26 27 28 29 30 31 32 33 34 35","2.3455069887917 4.3951187459985 6.4516989061609 8.4696071945364 10.937615110399 11.579635519807 12.12768487166 12.038255114032 11.516668636555 11.592527596297 11.452541212521 12.28536329476 12.35635132172 11.317707109095 12.118436874559 11.279820984479 12.263522006728 11.807694717234 11.723610749834 11.77220660813 12.315659674949 12.065716469561 11.744440514238 11.868623123218 12.292590387881 12.201501977437 12.559436002647 12.133067062467 11.764758756075 12.391589314368 12.069923254073 11.841143142588 12.542696915374 12.092758086853"
SAFA-LOW_SIGN-0-20230525-21:57:05-777964,vector,GridFlexeScenario.node[44].veinsmobility,speed,,,"2 3 4 5 6 7 8 9 10 11 12 13 14 15 16 17 18 19 20 21 22 23 24 25 26 27 28 29 30 31 32 33 34 35 36 37 38 39 40 41 42 43 44 45 46 47 48 49 50 51 52 53 54 55 56 57 58 59 60 61 62 63 64 65 66 67 68 69 70 71 72 73 74 75 76 77","2.2645391314989 3.9750566399423 5.3825147756375 7.7161005129339 9.0295082913944 10.695046831504 13.181241963035 14.501467143948 10.619430873491 6.1194308734909 8.4822577870162 10.143659384171 11.661483956891 13.04136542845 15.365324583062 16.064706281274 15.829346218267 15.827292812526 15.549961086972 15.070038457242 15.391775286807 15.679878030838 15.821681081438 15.960755025949 15.800506482673 16.048400061279 15.781592398932 14.925331103712 15.521658033905 15.886933810081 16.020933981523 15.454539454173 16.024243909334 15.253956383051 15.98110877667 15.169007094558 15.24694097422 16.000643068346 15.131309773148 14.985259371068 15.099068874474 16.052864202954 15.788690351582 15.668299222229 15.718657854296 15.954994898806 15.089606632715 15.56468129489 15.640342323206 15.467536238212 15.382154020997 15.338703998089 14.899910017316 15.263994304909 15.868221809928 14.891057734149 15.558231835001 15.204372474555 15.556940606753 15.111770019312 15.580811592521 15.459772910833 15.185558466757 14.994747438379 14.785643507009 14.926906459945 15.163921428895 12.033274031876 7.6849153011719 10.143745150176 11.700923421877 13.343594790288 15.021723512808 15.490455018337 15.362500761919 15.316980610512"
SAFA-LOW_SIGN-0-20230525-21:57:05-777964,vector,GridFlexeScenario.node[45].veinsmobility,speed,,,"2 3 4 5 6 7 8 9 10 11 12 13 14 15 16 17 18 19 20 21 22 23 24 25 26 27 28 29 30 31 32 33 34 35 36 37 38 39 40 41 42 43 44 45 46 47 48 49 50 51 52 53 54","2.3114088772098 4.839674720238 6.3077227257192 7.8269965337357 10.158261633501 12.285403669509 11.698256555173 11.619172233945 9.9490998033382 6.2847342794709 8.0894672594214 10.135212533241 12.557220370061 12.606081987239 11.711564788894 11.698957640977 12.803220662308 10.755152127613 7.9827632628151 9.4953345415418 11.580105015007 12.458149661167 12.799105595538 12.059062766257 11.724363233192 11.834891621788 11.195870661772 7.0924684490676 8.8745457539768 10.020188153277 11.533211523844 10.645940275376 11.087783037617 11.587655503677 11.354592250064 11.691275746769 12.242945672591 11.965082182476 12.526239746317 12.698173047343 11.722094092096 12.592571997127 12.299561355236 12.239371974763 12.515705089012 11.956635058668 12.559749773071 11.691757608341 12.279571921771 11.843396022307 11.888124350548 11.649634604059 12.377777862802"
SAFA-LOW_SIGN-0-20230525-21:57:05-777964,vector,GridFlexeScenario.node[46].veinsmobility,speed,,,"2 3 4 5 6 7 8 9 10 11 12 13 14 15 16 17 18 19 20 21 22 23 24 25 26 27 28 29 30 31 32 33 34 35 36 37 38 39 40 41 42 43 44 45 46 47 48 49 50 51 52 53 54 55 56","1.4645417755703 2.8054389110766 4.2754860109417 6.185373617406 8.2363175660372 10.276708103321 12.354205455445 14.332296126243 12.765728724795 8.2657287247948 9.8019829536791 11.39852075337 13.935442154622 14.510049411353 15.233307865496 14.970652228944 15.294893716905 15.371220777977 14.928417765234 14.219692253113 14.983834176162 14.267180195755 15.01292649354 15.34676773979 15.118688696251 14.572700054107 15.407075531642 15.400093255053 15.199109331706 12.259799785775 8.539748670839 4.039748670839 5.8664416105051 7.83840350041 9.7425113663806 11.828461673742 13.764591020023 14.213954279107 14.366539424752 11.161318407939 7.8491981628215 9.4432171350675 11.663778249254 13.581865637736 14.869140886982 15.147179262807 14.750891569491 14.257479019744 14.851263396932 14.825025638567 15.418830796239 14.176835592558 15.260097120447 14.571530866671 15.022731618584"
SAFA-LOW_SIGN-0-20230525-21:57:05-777964,vector,GridFlexeScenario.node[47].veinsmobility,speed,,,"2 3 4 5 6 7 8 9 10 11 12 13 14 15 16 17 18 19 20 21 22 23 24 25 26 27 28 29 30 31 32 33 34 35 36 37 38 39 40 41 42 43 44 45 46 47 48 49 50 51 52 53 54 55 56 57 58 59 60 61 62 63 64 65 66 67 68 69 70 71 72 73 74 75 76 77 78 79 80 81 82 83 84 85 86 87 88 89 90 91 92 93 94 95 96 97 98 99 100 101 102 103","1.4927152526099 2.9101434039418 4.439682875271 6.5560004504398 7.8842628000304 9.2711581013398 11.356917635351 12.836766574667 12.93541379808 8.8805968775756 4.949459921987 7.5182451594148 9.0600860814091 11.646599675807 12.761401859015 12.582764218976 12.586331717642 12.590695905355 12.170113200305 7.6701132003047 10.085368780565 11.157385621565 12.33215051214 12.05149742134 13.173599176384 12.465797793023 12.241596150231 12.933558510822 13.232125425591 12.878184624594 12.775519738598 12.864366648971 12.239425129462 12.160024374929 13.184771603109 12.786459078845 12.373622918451 12.569351252583 12.50408955372 11.9391931151 13.116890630378 13.041002351856 12.292239611289 11.99351082637 13.140176693113 12.582489981661 12.54085112074 12.877988538607 12.504953358388 11.992517516804 12.64373501285 12.783472686117 12.504036934344 12.858591134795 12.258536285321 12.924217508682 12.903953376618 12.881534552151 12.120288001765 12.886282861764 12.000488464693 12.468979592221 13.141313397554 12.689402009682 12.344669407322 12.658844950116 12.62680620404 12.375824064641 12.338244574373 12.976976527456 12.16268916579 12.706568796276 12.444465721441 11.941521592643 12.886052685553 12.83969647402 12.276369012352 12.420578456945 12.008887550789 12.585544581474 12.748041136675 12.276317910613 12.460725870538 9.1880731878225 4.7179692415409 6.516185435921 7.9625224906374 9.6300638931925 11.631750081445 11.942731525326 12.525801105001 12.90290291898 12.211308507198 12.362498937752 12.45649350958 13.210774455588 12.69966231314 12.620380740003 12.110678935163 12.443503907528 12.361370724086 12.89133378644"
SAFA-LOW_SIGN-0-20230525-21:57:05-777964,vector,GridFlexeScenario.node[48].veinsmobility,speed,,,"2 3 4 5 6 7 8 9 10 11 12 13 14 15 16 17 18 19 20 21 22 23 24 25 26 27 28 29 30 31 32 33 34 35 36 37 38 39 40 41 42 43 44 45 46 47 48 49 50 51 52 53 54 55 56 57 58 59 60 61 62 63 64 65 66 67 68 69 70 71 72 73 74 75 76 77 78 79 80 81 82 83 84 85 86 87 88 89 90 91 92 93 94 95 96 97 98 99 100 101 102 103 104 105 106 107 108 109","2.478959230124 3.8158065414988 5.7867885605199 8.0715090493206 9.9810480706161 12.20984056145 11.677444046124 12.745433341636 12.658011483349 11.801555479941 11.564724393532 11.597617892333 11.752861713798 12.593631787476 11.970216488669 11.671873946226 11.525953216123 12.689459514309 12.283308595949 11.570065734064 11.75512609253 11.639540603076 12.121724515426 11.912420056242 11.513462083571 11.641407341318 12.771413040016 12.538563481363 12.461835361336 12.259231984935 12.430280927819 11.897784244543 12.441467400099 12.090819823526 11.736021594418 12.427490034787 12.398446942837 12.455831447075 12.686097074271 12.449892858084 12.149016291852 11.915864552179 11.754002786818 12.092700269533 12.175127071788 12.276684112957 11.696490838024 11.865659609128 12.016180268529 12.170948570532 7.6709485705317 9.6125955753102 11.309389106564 12.375019446592 12.625057698291 12.270817165257 11.702101952856 12.695297605119 11.93561068917 12.724982981564 12.479430932965 12.358184914075 11.874459992692 12.428469503409 12.450873170578 11.672159279481 12.054011681344 12.496229495614 11.675956506998 11.824822657573 12.792486415076 12.334747510817 12.796969832916 12.711260320427 12.53140676312 11.614904037997 12.66357545731 11.540123496548 11.75527878573 12.391412099841 12.678222486627 11.898844137922 12.125265227229 11.659557650023 11.945529699622 12.350856784912 12.470912806521 12.312688103219 12.028807367285 12.336159825226 11.680338588235 11.90869305862 12.735875376471 12.645000711869 12.477791222458 12.653879260685 11.872961062816 11.711220452323 12.376906869066 12.445321345277 12.438768281409 11.588135486952 12.385496859573 12.270517221041 11.922130128619 11.910696038807 12.439193021128 11.953972912201"
SAFA-LOW_SIGN-0-20230525-21:57:05-777964,vector,GridFlexeScenario.node[49].veinsmobility,speed,,,"2 3 4 5 6 7 8 9 10 11 12 13 14 15 16 17 18 19 20 21 22 23 24 25 26 27 28 29 30 31 32 33 34 35 36 37 38 39 40 41 42 43 44 45 46 47 48","2.5080576555803 4.0161239005858 6.4583967475453 8.3182920241728 10.35011150206 12.925739088701 15.142804880249 14.873370046815 15.074007894815 14.292354084756 14.174410401256 14.22798566522 14.482878888184 15.079604633869 10.579604633869 6.0796046338691 7.9393326895725 9.417376143061 11.587128188246 13.242501678545 14.084632551828 14.092048198142 13.714498497468 9.5929582835249 6.2080061871283 8.5826543751829 10.569774905052 12.820529207094 14.873420427571 14.599430109439 14.055132992048 14.686468840129 14.771651398828 13.920981897478 14.656867032679 15.155575037603 15.119243847713 14.924736642995 11.116274222986 6.6162742229861 8.302115348818 10.513417096644 12.414348314119 14.24311335848 14.330309046334 14.128213011887 14.081236669905"
SAFA-LOW_SIGN-0-20230525-21:57:05-777964,vector,GridFlexeScenario.node[50].veinsmobility,speed,,,"2 3 4 5 6 7 8 9 10 11 12 13 14 15 16 17 18 19 20 21 22 23 24 25 26 27 28 29 30 31 32 33 34 35 36 37 38 39 40 41 42 43 44 45 46 47 48 49 50 51 52 53 54 55 56 57 58 59 60 61 62 63 64 65 66 67 68 69 70 71 72 73 74 75 76 77 78 79 80 81 82 83 84 85 86 87 88 89 90 91 92 93 94 95 96 97 98 99 100 101 102 103 104","1.9275127517292 3.6576864964096 5.0266351108206 7.386150079174 8.5183768594244 8.4972911886011 9.1463599447466 8.76739364628 9.2261155741361 8.938986754541 8.6213858345828 9.2742808525057 8.3762138840581 8.382313173644 8.608588775953 8.7565145347805 8.9502508066899 9.1509839149962 9.3850030460932 9.2784026263586 9.3608863281856 8.9445801623005 5.2289124092982 7.2477723133947 8.2420881746409 9.3857047469427 8.707303844446 8.4267730769307 8.2389163596395 8.6104584504922 8.6489223945492 8.8776227362759 8.3095398959077 8.9120949510557 9.0685311543129 8.7823931586768 8.9433858772579 8.8007756624675 8.6667729170366 8.3756003732166 8.5600511214768 9.0854012138748 8.518304149674 8.7429068193377 9.0757465325135 8.9227183843569 9.2702084378644 8.7988371567174 9.3199720664487 8.781639594848 9.306572702185 8.8843506591932 8.9217284569356 8.2369504410845 8.4669521832212 9.1657811736993 9.4369059479634 9.4192143923209 9.0631649277478 9.099872425555 8.2412698013081 9.4077055663175 8.9947986248487 8.5902486455233 8.7743663593966 8.4637371052827 9.1982350805846 9.4730913142745 8.8572324542168 8.7179482077553 8.9795442472517 9.4760340402906 9.112909225987 9.0730922022673 8.8226374703764 9.3493698819147 9.2869785882604 8.472914749298 8.6388679660463 8.816436111096 8.3003181823135 9.0127351432179 8.7051458304354 8.2332650586103 8.4127114924674 9.3170987836623 9.3361068755227 9.1515387807113 8.9136878121716 9.4700399900626 6.7767707165569 4.4659773414142 6.2590110958207 7.8971919875944 8.5773477023306 8.5809427587853 8.4763003967076 8.2949201525726 8.3670092437255 9.056121846412 8.4453884441245 9.1837502147143 9.1157508236428"
SAFA-LOW_SIGN-0-20230525-21:57:05-777964,vector,GridFlexeScenario.node[51].veinsmobility,speed,,,"2 3 4 5 6 7 8 9 10 11 12 13 14 15 16 17 18 19 20 21 22 23 24 25 26 27 28 29 30 31 32 33 34 35 36 37 38 39 40 41 42 43 44 45 46 47 48 49 50 51 52 53 54 55 56 57 58 59 60 61","1.71761851029 3.2174734720495 5.7732918056892 7.3666612336645 9.0251581770834 11.036370958341 13.001109070377 14.466734297201 15.992654733462 16.170591170559 16.65506030145 16.598649513102 15.972986181485 16.303956546713 15.889705978878 15.9881480574 15.93496189563 15.848284648507 16.597313639274 16.050652569355 16.345736466124 15.906131940833 16.386593193872 16.631092916089 15.76811841364 16.68384220764 16.934047580985 16.394047408862 16.281954603791 16.533753115809 16.53523657239 16.248046408672 16.248289860421 16.661374907181 15.66957242059 16.06004237438 15.70959498208 16.943873581555 15.79094483979 16.691447970187 15.98013926303 16.53340959296 16.758443375569 16.386787616331 14.084320478372 9.5843204783721 5.0843204783721 0.70505957939482 0.45605794539247 0.010224557037057 0.0036437337692052 2.514346565044 4.3761599807008 6.1005830612206 8.3521828327966 10.646747329196 11.994287784671 14.098762516951 15.8983864807 16.385557224308"
SAFA-LOW_SIGN-0-20230525-21:57:05-777964,vector,GridFlexeScenario.node[52].veinsmobility,speed,,,"2 3 4 5 6 7 8 9 10 11 12 13 14 15 16 17 18 19 20 21 22 23 24 25 26 27 28 29 30 31 32 33 34 35 36","2.5112010973739 4.2470646839123 6.5947143756552 8.6484496904071 10.95502315159 12.517773930852 13.030700781483 12.202403211624 12.478088928207 12.037056495349 13.118918071485 12.753662430176 12.755540352135 12.215454385716 12.875615504624 12.017198738812 13.109112825671 12.498734625436 13.149895948341 12.530435667077 12.469284328616 12.12604609051 12.607327317151 12.955178312429 8.4551783124287 4.6210643331908 6.4233635680905 8.1744561924754 10.543759071866 11.917403132856 12.004985456664 12.48568118185 12.31102328527 13.098075609661 12.873384756648"
SAFA-LOW_SIGN-0-20230525-21:57:05-777964,vector,GridFlexeScenario.node[53].veinsmobility,speed,,,"2 3 4 5 6 7 8 9 10 11 12 13 14 15 16 17 18 19 20 21 22 23 24 25 26 27 28 29 30 31 32 33 34 35 36 37 38 39 40 41 42 43 44 45 46 47 48 49 50 51 52","2.2169354937272 4.5806243903935 6.4908616117435 7.9933576170122 10.344380595931 11.547500462101 12.614754276483 11.654157014114 11.679943638474 12.16973451047 12.365054185658 12.639682399125 11.663971307937 12.327182180753 11.81922991168 11.765768483786 12.656032754986 12.674923616222 11.823893364698 12.507221263547 11.812565369012 12.350003156851 12.556071821174 12.174176289856 11.845876572041 12.305523383843 11.853055077784 12.130734112409 12.525920121341 12.472902823139 11.995647562195 12.37912845392 10.187465562021 7.4930012537413 9.8384986188276 12.157798389649 12.446034145907 11.9589612998 11.581133533355 12.233079495321 11.424603863775 11.467541754738 6.9675417547382 8.7712588085828 11.151985898012 11.617479643847 12.238390096293 12.121493597857 12.578964970976 11.71204712474 12.009475657616"
SAFA-LOW_SIGN-0-20230525-21:57:05-777964,vector,GridFlexeScenario.node[54].veinsmobility,speed,,,"2 3 4 5 6 7 8 9 10 11 12 13 14 15 16 17 18 19 20 21 22 23 24 25 26 27 28 29 30 31 32 33 34 35 36 37 38 39 40 41 42 43 44 45 46 47","1.6964096914511 3.0239969076123 5.3016554448055 6.6231153662316 8.2827107014833 10.196853678627 12.391702939151 12.857776445201 11.918001188383 8.3506273664873 4.5112178145612 6.5127389327327 8.5793859019114 11.125731568894 12.399594638617 12.860970018645 12.7866195916 12.721962089861 8.8332471420837 8.8878507595716 4.3878507595716 6.9274563940216 8.7723159919467 10.55133867643 12.102925150193 12.448713892399 12.993634395561 12.913905675015 12.857868669931 12.187255764733 12.621343711791 12.270403995904 12.256854696157 12.867167588071 12.057803977424 12.388375395191 12.480334248072 12.339857785687 12.322106591523 12.07100872158 12.426996351689 11.892659903787 12.551059765349 12.025549690918 13.119513127305 12.739207848002"
SAFA-LOW_SIGN-0-20230525-21:57:05-777964,vector,GridFlexeScenario.node[55].veinsmobility,speed,,,"2 3 4 5 6 7 8 9 10 11 12 13 14 15 16 17 18 19 20 21 22 23 24 25 26 27 28 29 30 31 32 33 34 35 36 37 38 39 40 41 42 43 44 45 46 47 48 49 50 51 52 53 54 55 56 57 58 59 60 61 62 63 64 65 66 67 68 69 70 71 72 73 74 75 76 77 78 79 80 81 82 83","1.652282136376 4.0302121120971 5.9006006303476 8.1261492665624 10.463217383009 10.412153140679 10.108804530711 10.109486149964 9.6099739383351 9.0541245393142 4.5541245393142 6.916623174461 9.0169269537706 10.056811234113 10.238879620252 9.4663697048001 10.55194773864 9.3729130138088 10.271221424211 10.127200629367 10.004709961932 9.5964320636265 9.501551105399 9.8045525506747 9.6622794994296 9.6527181748211 9.9361577473258 10.132435222892 9.4153443183893 10.611918614842 9.7099780681919 10.404199328102 10.111291459333 10.558010674864 10.596355835246 9.7200030432226 9.5263900143703 9.4270137423792 9.77921482957 10.116424383913 9.7587386448545 9.6684095906237 9.5641540203852 9.6596876189954 10.000816078149 10.523300813432 9.7113141705425 9.9917357705211 9.8444103141924 10.060969373132 9.3466693398686 10.305799278794 9.684047261081 9.7602566668674 10.577431190703 10.414256377812 10.519090424306 10.148493149774 10.348202669029 10.237709680051 9.9168765628853 9.7740883596384 9.914070627876 9.7513271510046 9.4834013887358 9.44564421027 9.6247330935815 10.541690863939 10.473290981134 10.37200912043 8.9912670003059 4.4912670003059 6.4142405212433 8.0834788571387 10.036197408163 9.8050456188529 9.4892188243711 9.9783525115488 9.8769548909416 10.311744394773 9.6227959305191 10.000395229985"
SAFA-LOW_SIGN-0-20230525-21:57:05-777964,vector,GridFlexeScenario.node[56].veinsmobility,speed,,,"2 3 4 5 6 7 8 9 10 11 12 13 14 15 16 17 18 19 20 21 22 23 24 25 26 27 28 29 30 31 32 33 34 35 36 37 38 39 40 41 42 43 44 45 46 47 48 49 50 51 52 53 54 55 56 57 58","2.4732063131174 4.5135976176942 6.1239729836583 8.1874071673956 10.466387806786 12.136485605105 14.473030686083 14.31736091872 14.221721348267 13.864852213378 14.269837939374 13.743236218936 14.583890880186 13.352774400877 12.111011271353 7.944025834044 9.2648917865469 10.780770928505 12.458909249003 13.831761900948 13.500263509232 14.274375668571 13.858633852215 9.3586338522149 4.8946368854031 7.1980010864561 9.5016928839501 11.497326209466 13.063905834337 14.358729677236 13.809841409473 14.164655676073 9.8321385018603 5.7871350367513 8.0672320931644 10.499640311855 12.038057924896 14.201164866724 13.5961946318 13.856317987696 14.290520614315 9.790520614315 5.290520614315 6.9448544502251 9.4189597796641 11.731528297485 14.099079038365 14.010369345949 14.095140884801 14.57736413766 14.05621342229 13.697546423048 13.763753756073 13.914321186471 14.103148192408 14.350712536167 14.333042329441"
SAFA-LOW_SIGN-0-20230525-21:57:05-777964,vector,GridFlexeScenario.node[57].veinsmobility,speed,,,"2 3 4 5 6 7 8 9 10 11 12 13 14 15 16 17 18 19 20 21 22 23 24 25 26 27 28 29 30 31 32 33 34 35 36 37 38 39 40 41 42 43 44 45 46 47 48 49 50 51","1.3428612101357 2.7720533190295 4.6606513898121 7.0361474673264 8.3716578073567 9.8593505790224 11.530089786183 13.338343508635 12.388900839196 8.3894916303587 4.7738098807182 7.189906455997 8.6939306015629 11.258135510936 13.335893039686 15.781290996938 16.565411204832 17.396661815128 17.039234079757 17.504525687393 17.150946312758 17.380601433815 17.286228672309 16.576191837631 16.647369145729 17.138600787368 17.075775906361 16.901457869598 15.173865836185 10.673865836185 6.1738658361849 8.1811196581008 9.894133392583 12.377518989031 14.329675499631 16.618993223274 16.350670439318 17.5909008104 17.393230973381 16.66213046786 16.837753768136 17.113829232228 17.61144336342 17.276709368137 16.786036744073 17.441783265152 17.56245991754 17.243337244435 16.357243107154 17.146854887704"
SAFA-LOW_SIGN-0-20230525-21:57:05-777964,vector,GridFlexeScenario.node[0].veinsmobility,acceleration,,,"3 4 5 6 7 8 9 10 11 12 13 14 15 16 17 18 19 20 21 22 23 24 25 26 27 28 29 30 31 32 33 34 35 36 37 38 39 40 41 42 43 44 45 46 47 48 49 50 51 52 53 54 55 56 57 58 59 60 61 62 63 64 65 66 67 68 69 70 71 72 73 74 75 76 77 78 79 80 81 82 83 84 85 86 87 88 89 90 91 92 93 94 95 96 97","2.4662108094199 2.4065954509657 2.3762276673922 1.5456526905531 2.5028362461831 2.2065066481541 -3.9418323611227 -4.0796194617404 -3.9073184915818 2.2742064282531 2.0465621652314 2.1684262542287 2.3277717246674 1.5324021376204 1.5544393370945 0.029325375100598 -0.42693661076482 0.34118854594417 -1.0888114102883 0.20782939773053 -0.089232186391019 0.46765998564661 -0.45802204611245 0.9969908264 -0.55328080325853 0.15953573135194 0.18492495373357 0.2772775467718 -1.2044131076429 1.2043059983291 -0.80436475991737 0.52661747583188 -0.85021369094029 1.0027383920271 -0.96141763157211 0.22170734906103 -3.0635809085511 -3.2334549314575 -4.5 2.4289979077177 2.2044414954027 2.4201988181099 2.0697931444738 1.6445897767499 0.51549199505243 -1.3056780138855 -3.5080350039993 -4.3040195259964 1.4075522682164 1.7483355546137 1.7565981481457 2.4205846568104 1.1640593559352 0.14122426621616 0.26872198884242 -4.5 -4.5 1.8590837232769 2.5913270812714 1.8603756585857 2.4828891682206 0.29311702302791 0.34382244318258 -2.7598274325727 -3.5217348733393 -4.5 -4.4593031201009 -0.045207162222085 2.3795099121053 1.4510590608465 2.1491022075992 1.8698070860235 2.3675853217486 1.5986724882852 2.0184543203795 0.55422045964544 -0.69511094955819 -4.5 -4.0983934159158 1.5146148146829 1.647696577711 2.2831686671358 2.2374471682589 1.8531397974351 0.12873301551302 0.23345852668395 -4.5 -4.4062675997615 1.6541681556264 2.4005041040014 2.0123759877402 2.598312165821 -0.57175285580565 1.0636689473409 0.024433325557037"
SAFA-LOW_SIGN-0-20230525-21:57:05-777964,vector,GridFlexeScenario.node[0].veinsmobility,co2emission,,,"3 4 5 6 7 8 9 10 11 12 13 14 15 16 17 18 19 20 21 22 23 24 25 26 27 28 29 30 31 32 33 34 35 36 37 38 39 40 41 42 43 44 45 46 47 48 49 50 51 52 53 54 55 56 57 58 59 60 61 62 63 64 65 66 67 68 69 70 71 72 73 74 75 76 77 78 79 80 81 82 83 84 85 86 87 88 89 90 91 92 93 94 95 96 97","3.9584435305662 5.4282443529552 6.8963210535568 5.7471834135985 9.9573762451906 10.417054744858 0.973 0.973 0.973 4.5888495829172 5.4052200634275 6.9217807448351 8.8056305695299 7.1519957043541 7.9756343285102 2.3067042304743 0.973 3.4520111406362 0.973 2.8167018201228 1.7713748596058 3.807937284595 0.973 5.8951750700918 0.973 2.7249925646153 2.8457594865982 3.2341562774696 0.973 6.6929161751032 0.973 4.0976652283202 0.973 5.8963069659415 0.973 2.8845616792573 0.973 0.973 0.973 5.0917770787086 6.0643740031263 8.0952378744593 8.3908696855358 7.8821793498824 4.0331219632397 0.973 0.973 0.973 4.0117616877581 5.4731644372605 6.3687408575031 9.7401318207581 6.1521154504599 2.6020573558717 3.0979843726951 0.973 0.973 4.9999142497979 8.1703174768624 7.3378524622005 10.898850657618 3.2012234934772 3.451218885406 0.973 0.973 0.973 0.973 1.1113787995663 2.6136027401629 2.6543928822238 4.5365553344053 5.0895480455326 7.5550510376125 6.4021869312388 8.7732602292488 4.0099282178532 0.973 0.973 0.973 3.883846083105 4.8563782458938 7.549664850954 8.8326197991343 8.6598838826945 2.5821179561441 2.9943550955224 0.973 0.973 4.6294078186558 7.5868999331148 7.7778150004798 11.383129969221 0.973 6.0940172348224 2.2696850158271"
SAFA-LOW_SIGN-0-20230525-21:57:05-777964,vector,GridFlexeScenario.node[1].veinsmobility,acceleration,,,"3 4 5 6 7 8 9 10 11 12 13 14 15 16 17 18 19 20 21 22 23 24 25 26 27 28 29 30 31 32 33 34 35 36 37 38 39 40 41 42 43 44 45 46 47 48 49 50 51 52 53 54 55 56 57 58 59 60 61 62 63 64 65 66 67 68 69 70 71 72 73 74 75 76 77 78 79 80 81 82 83 84","1.7152554555098 2.5400754326023 2.1827345938887 1.7201388832182 2.3980328541948 1.6859416586543 -0.72422708380036 0.62938660294749 -0.50896383719519 0.14687962345779 -0.52922622854821 1.0279893169645 -0.31607552224304 -1.0193826942871 -3.7625509904232 -4.5 1.4733567658579 1.9371268755058 2.1396205443889 1.967370602116 0.80713914466823 0.23730101955589 0.20646964912303 -2.7359396117307 -4.1253560619196 -2.9430727213156 2.2846974706044 1.4727200706489 2.4837803714676 1.514631088567 2.102888754406 0.049105835942166 0.42275631376542 -2.6554319241216 -3.840221158613 2.542856799392 2.012448851252 2.2215517021964 -0.54485062800813 0.25280591647606 -0.27929747127928 -1.5073954546798 -4.5 1.3945257410407 1.5662416510517 1.5827351638814 1.1379281357836 -0.02165982723236 -0.062057161144912 -0.087521229288541 0.097607564786449 0.96015476230532 -0.56596151448321 0.44333016176242 -0.2386414017994 -0.65866517375689 1.0114210709697 -0.020665154699236 -0.18252552258782 -0.9667597739026 0.82326405441854 -0.24706176144537 -0.16824532458559 -0.13488983162679 0.73938533694018 -0.22136335705873 0.34961939041968 -0.49492737848777 0.093880662205629 -0.13065895531327 0.2915017344756 -3.4752381164679 -3.9551923439023 -3.2482679355647 2.0253706914606 1.8441361219855 1.9137185286032 1.4686015820829 1.3811569395708 1.2855071501313 0.40762875780929 0.3389412592398"
SAFA-LOW_SIGN-0-20230525-21:57:05-777964,vector,GridFlexeScenario.node[1].veinsmobility,co2emission,,,"3 4 5 6 7 8 9 10 11 12 13 14 15 16 17 18 19 20 21 22 23 24 25 26 27 28 29 30 31 32 33 34 35 36 37 38 39 40 41 42 43 44 45 46 47 48 49 50 51 52 53 54 55 56 57 58 59 60 61 62 63 64 65 66 67 68 69 70 71 72 73 74 75 76 77 78 79 80 81 82 83 84","2.9572775987046 5.4475378523348 6.1741223065018 6.0427391267003 9.3388311865557 7.990826641289 0.973 4.2701635228459 0.973 2.5425798730522 0.973 5.7039123977098 0.973 0.973 0.973 0.973 3.7292121837789 5.4756073426021 7.1436620225505 7.8072822161001 4.551504360267 2.7639746477928 2.6943597865012 0.973 0.973 0.973 4.8500931759772 4.248678218502 7.7820798304782 6.0839890083172 9.0016673024168 2.1853818284639 3.5174911053356 0.973 0.973 8.0210600525436 7.8488441998021 9.87718276451 0.973 2.9318652154495 1.0952433580624 0.973 0.973 4.7794793858081 5.8778995620652 6.6615934434896 5.742432334943 1.9290166992572 1.7912085820844 1.7012226498821 2.3140158914401 5.4547603245815 0.973 3.6194971091474 1.2411431496989 0.973 5.6312326292913 2.0184518893876 1.4417290910617 0.973 4.8677028995973 1.2019532552209 1.4561853871535 1.5576267960471 4.6347737189939 1.2988049996354 3.3103868441662 0.973 2.3663980215023 1.5948395219182 3.0652727579359 0.973 0.973 0.973 4.12628354866 4.8123765268064 5.9495735166319 5.5785260996847 5.9276363439708 6.1654726067839 3.3930027478585 3.2256178535892"
SAFA-LOW_SIGN-0-20230525-21:57:05-777964,vector,GridFlexeScenario.node[2].veinsmobility,acceleration,,,"3 4 5 6 7 8 9 10 11 12 13 14 15 16 17 18 19 20 21 22 23 24 25 26 27 28 29 30 31 32 33 34 35 36 37 38 39 40 41 42 43 44 45 46 47 48 49 50 51 52 53 54 55 56 57 58 59 60 61 62 63 64 65 66 67 68 69 70 71 72 73 74 75 76 77 78 79 80 81 82 83 84","1.8293019986944 1.6702538255369 1.5024545326829 1.8164076185087 1.4846706941957 1.8916518694023 1.4985727415653 -2.0085297035904 -4.4845059515792 -2.6777343893666 2.3290013018763 1.6874481278472 1.7105087749194 2.5129785816884 2.4655311751412 -0.28266858742643 -0.15706161244307 0.15043613030575 0.4521095668897 -0.68639460161794 -0.013555045519023 0.58956595039926 0.31829167620745 -2.5760839248944 -3.8475531620284 -3.8572539344663 1.7004946624627 2.0769311649725 1.881396466936 2.2017311848234 1.8163963983315 0.55867790074553 -0.78103675635066 0.58669222812168 -0.84246389425825 0.54069185215048 0.048588028876111 0.55779013079591 0.072983006713912 -0.66541076167487 -0.44334766422398 0.0082810582127415 1.0487850541016 -0.94592618786264 0.95992569662631 -0.74929053429514 0.23245257043745 -0.59174775988795 0.40154594217893 -0.070126293529755 -0.23913254099898 0.52869852320291 0.021761201065965 0.01666873448994 -0.10524548797403 0.37681863761973 -0.4440668345429 -0.54996794066392 0.21944276692811 0.22012069923803 -0.0093570662662383 -0.016658212733455 -0.45549512591679 0.38593033405486 -0.21259730798192 0.050198248148533 -3.2800400729679 -4.5 2.2168321951525 1.4400572479995 2.3068876544963 -0.63378265548842 0.4637320269373 -0.57012936699461 0.87965671171263 -1.0709731458248 2.3790744983824 0.18903903147209 0.2418692876352 0.3077974799322 0.54072293827776 -0.40138063509949"
SAFA-LOW_SIGN-0-20230525-21:57:05-777964,vector,GridFlexeScenario.node[2].veinsmobility,co2emission,,,"3 4 5 6 7 8 9 10 11 12 13 14 15 16 17 18 19 20 21 22 23 24 25 26 27 28 29 30 31 32 33 34 35 36 37 38 39 40 41 42 43 44 45 46 47 48 49 50 51 52 53 54 55 56 57 58 59 60 61 62 63 64 65 66 67 68 69 70 71 72 73 74 75 76 77 78 79 80 81 82 83 84","2.932165777894 3.5523321228145 3.9667870009554 5.4014964715535 5.3451898018323 7.3634107852433 6.9008829901091 0.973 0.973 0.973 5.2453222110209 4.9981564799977 5.8735713117196 9.5677467754199 11.139064728802 1.1165085455488 1.5543827708854 2.6636709902218 3.8409741386122 0.973 2.0517574677387 4.3189700488893 3.3878870106438 0.973 0.973 0.973 4.3032559905479 6.1059791798379 6.6780256194222 8.8787476802206 8.6466409881312 4.273719792121 0.973 4.3284292549939 0.973 4.0864775558853 2.3201055947588 4.2978944398991 2.490741633819 0.973 0.973 2.1225206422256 6.1457922436602 0.973 5.8171811186722 0.973 2.9971656192348 0.973 3.5718385945694 1.8740720685019 1.2588647778626 4.0799808559285 2.237974382709 2.2213464526592 1.7675752832677 3.5904448352231 0.973 0.973 2.8792824136929 2.9172295789522 2.0947676107024 2.0668953776664 0.973 3.49146994612 1.3507004592889 2.2778920962105 0.973 0.973 6.4393618109049 5.3557599782775 9.0240171992475 0.973 3.31266318368 0.973 4.6711093728857 0.973 10.219365924212 2.7389408560644 2.9624167219292 3.2517040349449 4.2231331626379 0.973"
SAFA-LOW_SIGN-0-20230525-21:57:05-777964,vector,GridFlexeScenario.node[3].veinsmobility,acceleration,,,"3 4 5 6 7 8 9 10 11 12 13 14 15 16 17 18 19 20 21 22 23 24 25 26 27 28 29 30 31 32 33 34 35 36 37 38 39 40 41 42 43 44 45 46 47 48 49 50 51 52 53","1.5593118736753 2.229622244928 2.1495511898538 2.5047667042818 1.3388890681788 0.88574261604207 0.35484095539432 0.048832628689706 0.15525240909774 -0.75878900683019 0.34905676096678 -0.26042735723313 -0.026737399538979 -0.0079557842342197 0.34638873778749 -1.7153346462998 -4.5 2.0922070394969 2.5224465359235 1.1118900245413 0.5069697730476 0.64425449501723 -0.5594493732322 -0.10225313366391 0.24656604239717 -0.14506574824918 -0.20145235066302 0.88286842438392 -0.89984697711188 0.57906924188137 -0.84525501490571 0.60890309580136 -2.7336430992456 -4.2789197596721 2.593293105159 1.7430329846451 1.8048508888809 0.75443150123951 0.67299716633279 -0.020794955920429 -0.34861672502011 -1.6448441669249 -4.2720981767168 2.0801807290409 2.1263725618133 1.688394354507 -0.51859088751953 0.40563757698983 -0.67944721977692 0.9399930828251 -0.48338020627853"
SAFA-LOW_SIGN-0-20230525-21:57:05-777964,vector,GridFlexeScenario.node[3].veinsmobility,co2emission,,,"3 4 5 6 7 8 9 10 11 12 13 14 15 16 17 18 19 20 21 22 23 24 25 26 27 28 29 30 31 32 33 34 35 36 37 38 39 40 41 42 43 44 45 46 47 48 49 50 51 52 53","2.4001336467644 4.207176283976 5.3469894195117 7.6671633688224 5.4180515428003 4.4538809462742 2.9623569595717 2.0455720972513 2.3875676453407 0.973 2.9089531586885 0.973 1.7717602557681 1.8254222924755 2.909957615066 0.973 0.973 5.7038760612934 8.2747758118477 5.0131218006136 3.3915941772341 3.9605013715089 0.973 1.5751816196531 2.6502402526298 1.4534665330652 1.2758639089686 4.7459079804229 0.973 3.7094594693627 0.973 3.7449168744341 0.973 0.973 6.6486524598485 5.8338020351546 6.9118083319074 4.1538638324706 4.0815707152211 1.884624316177 0.973 0.973 0.973 6.0787255882419 7.4292690886974 7.0978486296235 0.973 3.1388724979212 0.973 4.8478812451501 0.973"
SAFA-LOW_SIGN-0-20230525-21:57:05-777964,vector,GridFlexeScenario.node[4].veinsmobility,acceleration,,,"3 4 5 6 7 8 9 10 11 12 13 14 15 16 17 18 19 20 21 22 23 24 25 26 27 28 29 30 31 32 33 34 35 36 37 38 39 40 41 42 43 44 45 46 47 48 49 50 51 52 53 54 55 56 57 58 59 60 61 62 63 64 65 66 67 68 69 70 71 72 73","2.211610493972 2.5730224694125 1.9570330932038 1.7762572988868 2.024080570112 -0.15941170554713 -0.10803972289432 0.43342565239873 -0.11025914670899 -0.44334744568914 0.64774640484247 -0.072841993626207 0.55680727337021 -0.015596883441322 -1.1921807966195 -0.18141779650913 -4.5 -4.0935884210281 0.041906028461261 2.4108930881601 1.335535904672 2.3157095496776 1.4869633356575 2.0497726251541 -0.43317575326655 -0.35823863099795 -0.084566409094259 0.4968567605596 0.17962545203045 0.24493428359274 -0.85537370354868 0.11047620417085 0.2273355304962 -0.31340550591703 1.1878325619502 -0.85582712914329 0.35451173598412 0.1884404692566 0.13682674921584 -0.73068551935721 0.84232955344487 -0.55768508000765 0.43791460958309 -1.0299161289819 0.30975824506022 0.52345650494099 0.18124969499186 -0.92768953701015 1.0691643622005 -1.2221553657902 1.1532719331793 -0.38589530461468 0.42919928540941 -0.88606443954632 0.97484274723101 -0.30390642560087 -0.89222200680524 0.30913459747098 0.073325968696736 -0.87328892118432 -3.0669359805179 -4.317184827337 2.1567973947851 1.4228521948913 2.3484999760054 1.9110875664512 0.19312235880544 -0.19590609376319 1.208799818065 -0.39628926180303 -0.76984922711272"
SAFA-LOW_SIGN-0-20230525-21:57:05-777964,vector,GridFlexeScenario.node[4].veinsmobility,co2emission,,,"3 4 5 6 7 8 9 10 11 12 13 14 15 16 17 18 19 20 21 22 23 24 25 26 27 28 29 30 31 32 33 34 35 36 37 38 39 40 41 42 43 44 45 46 47 48 49 50 51 52 53 54 55 56 57 58 59 60 61 62 63 64 65 66 67 68 69 70 71 72 73","3.328978911834 5.3992915792338 5.4988625648564 6.0236636293657 7.7824390349409 1.3864926121393 1.5281539585479 3.161084540754 1.5417756992876 0.973 3.8198852495713 1.66126223427 3.6578622573753 1.8791992214309 0.973 1.3022174336646 0.973 0.973 1.2840163923449 4.4928697957684 3.6132426605856 6.6371876574906 5.4825447565173 8.0925930901905 0.973 0.973 1.5816374583688 3.3192362788748 2.4133136537973 2.6443876288044 0.973 2.1499452668475 2.5158774272972 0.973 5.6400837879825 0.973 2.9512024313974 2.4790763020376 2.3391908777711 0.973 4.5431572780316 0.973 3.2640202773845 0.973 2.7507398178241 3.484022538564 2.4726495343587 0.973 5.2494305219856 0.973 5.4849978471431 0.973 3.2570230334091 0.973 4.977342215734 0.973 0.973 2.7525789270566 2.0749204662278 0.973 0.973 0.973 4.5580261481524 4.0652069981539 7.2200917212588 7.2202818224693 2.3949243981238 1.2705163309353 5.6974713270901 0.973 0.973"
SAFA-LOW_SIGN-0-20230525-21:57:05-777964,vector,GridFlexeScenario.node[5].veinsmobility,acceleration,,,"3 4 5 6 7 8 9 10 11 12 13 14 15 16 17 18 19 20 21 22 23 24 25 26 27 28 29 30 31 32 33 34 35 36 37 38 39 40 41 42 43 44 45 46 47 48 49 50 51 52 53 54 55 56 57 58 59 60 61 62 63 64 65 66 67 68 69 70 71 72 73","2.5280241468223 1.5749046588317 2.2265032557305 2.0145442389883 2.2049139989074 0.40869485473483 -0.12663648556918 -0.19885222734884 0.11769396536984 0.63194923361298 0.051554682943969 0.03006320653949 -0.8991128398804 0.031916621117853 -1.0131343884805 -3.7640979035292 -4.0020830654135 -3.0210951424069 -0.67199546371729 2.5567191651324 1.7675378077198 1.7007151508005 2.1519881554181 2.1855615584878 1.4767944908468 1.5696937746767 -0.092549251695164 -0.72485537056346 -0.08073608141858 0.22787338409107 0.44671706801746 -0.65597401615232 0.37314659212716 -0.047113128146158 -0.56592004401609 1.0862692958675 -0.46234046318568 0.30531002283096 0.23200523748528 -0.86473223417997 0.58975471789017 -0.43440940030851 0.57895181511994 -0.49475095609669 0.081983690778724 -0.34998403578065 0.087143714283592 0.17779974506702 -0.4659330897266 0.065868467814289 -0.015166012397454 -4.5 -4.1198340143743 1.7156894817483 2.2959008363541 1.6614748090506 1.5026180436602 2.0212848144918 -0.36808080708142 0.63681201038417 -0.63073930177953 -4.5 -3.9099941498815 2.3081876663724 2.202279318939 1.7205195409479 2.2990668435348 0.45565541704121 -0.040713010518811 0.32408860891592 -1.0258419388207"
SAFA-LOW_SIGN-0-20230525-21:57:05-777964,vector,GridFlexeScenario.node[5].veinsmobility,co2emission,,,"3 4 5 6 7 8 9 10 11 12 13 14 15 16 17 18 19 20 21 22 23 24 25 26 27 28 29 30 31 32 33 34 35 36 37 38 39 40 41 42 43 44 45 46 47 48 49 50 51 52 53 54 55 56 57 58 59 60 61 62 63 64 65 66 67 68 69 70 71 72 73","4.1421572225877 3.7724620488834 6.0769634222686 6.7727465161551 8.6098442895393 3.2258611545617 1.5369655592115 1.3033430131963 2.2866837599985 4.032468280705 2.1566268913575 2.0898779030299 0.973 2.0061620152867 0.973 0.973 0.973 0.973 0.973 2.9393676613462 3.2610393056576 3.9810956671107 5.9092871173464 7.2881136780489 6.1340927119727 7.1445919537077 1.6881995774818 0.973 1.6651068186425 2.6438962793027 3.417045674291 0.973 3.1270116670118 1.7966056683764 0.973 5.5478266224315 0.973 2.966819964012 2.7657991418171 0.973 3.8759531771044 0.973 3.8755236433953 0.973 2.2086129959102 0.973 2.1944519083492 2.4993807936435 0.973 2.1043956293352 1.8566636606305 0.973 0.973 3.7575004952974 5.9653107082735 5.5246096991169 5.816796837586 8.3766642002306 0.973 4.0470366913184 0.973 0.973 0.973 5.1969389940195 6.3381840137572 6.1450145449499 9.1017275622906 3.4485147949611 1.8429209420835 3.0740754343887 0.973"
SAFA-LOW_SIGN-0-20230525-21:57:05-777964,vector,GridFlexeScenario.node[6].veinsmobility,acceleration,,,"3 4 5 6 7 8 9 10 11 12 13 14 15 16 17 18 19 20 21 22 23 24 25 26 27 28 29 30 31 32 33 34 35 36 37 38 39 40 41 42 43 44 45 46 47 48 49 50 51 52 53 54 55 56 57 58 59 60 61 62 63 64 65 66 67 68 69","1.6379354011733 2.2576904759509 1.9061387947062 2.5810525485314 1.4056288831402 1.0653878349163 1.1274814544944 -1.2005862716818 1.0656620099209 -0.1138635229785 0.034753921325319 -0.73120820324402 0.643453959818 0.12539188091178 -4.3351952959501 -4.1008162063779 2.404508772539 1.3551151361316 1.6465443064459 1.59917640239 1.2760176206889 0.0222963020904 -0.55376822524704 0.55035301691387 -0.30661106153857 0.046886576525866 -0.63351353537291 1.1557586356997 -0.90109239537269 0.45119278386701 -3.9081960182474 -4.0166784606408 2.1210077278782 2.031984340027 1.6107781668426 2.0490346808452 -0.49590152075277 0.28802153442521 0.6245933247963 -3.9181268765594 -4.5 2.0642401226796 1.4507581710583 1.5441806555958 1.9124366020085 1.0608884787656 0.11335009171162 -0.57628216836601 -2.7180143685771 -3.8683614036767 1.3556982993847 2.388288661628 2.4981328857364 0.88215053651874 -0.40046701962128 0.23378838130739 0.004551225562972 -4.139948153131 -4.5 2.1839693614515 2.4135864144657 2.3365410596365 2.2293981698536 -0.72582071251236 -0.21268547831569 -0.14538096236065 0.45951876007021"
SAFA-LOW_SIGN-0-20230525-21:57:05-777964,vector,GridFlexeScenario.node[6].veinsmobility,co2emission,,,"3 4 5 6 7 8 9 10 11 12 13 14 15 16 17 18 19 20 21 22 23 24 25 26 27 28 29 30 31 32 33 34 35 36 37 38 39 40 41 42 43 44 45 46 47 48 49 50 51 52 53 54 55 56 57 58 59 60 61 62 63 64 65 66 67 68 69","2.9046322709073 4.8619750624522 5.324126258667 8.4529654254735 5.99398031936 5.3673320740885 5.9861034333946 0.973 5.7230283088215 1.6646642955576 2.1747274626268 0.973 4.2302682821135 2.4892370530337 0.973 0.973 6.2908459600099 4.7612648233514 6.2122713972181 6.8418147419072 6.3645865610041 2.1218833989545 0.973 3.9119241505251 0.973 2.175438557366 0.973 6.0650484291528 0.973 3.5361584349921 0.973 0.973 5.6772588431841 6.6438219498218 6.3738847082645 8.8149065446591 0.973 2.9359457954748 4.1934353411186 0.973 0.973 5.4285400558534 4.8772988044526 5.77880705309 7.7871480637597 5.5469292346517 2.4101154288056 0.973 0.973 0.973 4.1989589401586 7.7637922602649 9.7619817221307 4.9759973774013 0.973 2.7816830428465 2.0247936674597 0.973 0.973 5.3151481076178 7.2853437756644 8.6105841412222 9.7125472506282 0.973 1.2871250319046 1.4938609434975 3.5071642011103"
SAFA-LOW_SIGN-0-20230525-21:57:05-777964,vector,GridFlexeScenario.node[7].veinsmobility,acceleration,,,"3 4 5 6 7 8 9 10 11 12 13 14 15 16 17 18 19 20 21 22 23 24 25 26 27 28 29 30 31 32 33 34 35 36 37 38 39 40 41 42 43 44 45 46 47 48 49 50 51 52 53 54 55 56 57 58 59 60","1.3957643196452 1.6085813635029 1.8630499339197 1.6383382474538 1.5993191994727 1.4096477340441 1.9515855480684 1.003299606515 -1.0818798803957 1.0655574422097 -0.17224796547089 -0.86907727951184 0.56968365137 -0.1999914715765 -0.85005561655045 -4.5 -4.0553795265034 2.3868201323086 1.4350114919711 2.1152897652471 1.9538930662442 1.334974667189 0.30365628977306 -0.1096020078985 -2.8035214978539 -3.3619593599345 -3.2430582121545 2.3167312911712 1.4641553838737 1.974480729457 1.9327908379259 2.0992068142033 -0.60555527852848 0.86857978252228 -0.36118244696408 0.23651815571357 0.16587976089213 -0.36991144863423 -0.45410531635862 0.16808927678503 -0.059053123393095 0.5754635441117 -1.053158932412 0.68488170397468 0.023840916040353 -0.13382184337825 0.15458813279402 0.25327948390041 -3.9380567601503 -3.4608498795191 1.5297083936166 1.4696622693911 1.9918485717382 2.1450105298078 -0.041867988827379 0.12086492318194 -0.70615675491281 0.32158529139124"
SAFA-LOW_SIGN-0-20230525-21:57:05-777964,vector,GridFlexeScenario.node[7].veinsmobility,co2emission,,,"3 4 5 6 7 8 9 10 11 12 13 14 15 16 17 18 19 20 21 22 23 24 25 26 27 28 29 30 31 32 33 34 35 36 37 38 39 40 41 42 43 44 45 46 47 48 49 50 51 52 53 54 55 56 57 58 59 60","2.413543613418 3.295989875238 4.5465367210816 4.92821966391 5.5803137959028 5.7116039300508 8.3098090240542 5.5810308238407 0.973 5.7919736197723 1.4741445835311 0.973 3.9527531457421 1.3515552745159 0.973 0.973 0.973 5.3449821776375 4.3850139590176 6.9571076886281 7.6398955118612 6.3681928592956 3.044096321851 1.6525137645806 0.973 0.973 0.973 5.1947447134876 4.4301299337082 6.5135167030757 7.4713905802948 9.2185420864165 0.973 5.1018226125507 0.973 2.8846855132644 2.6654261926618 0.973 0.973 2.5785860077156 1.8176291580113 4.0590183877289 0.973 4.3377779542911 2.1170675271784 1.5765743071129 2.5604642569765 2.9351422607933 0.973 0.973 4.6598769194048 5.1639241577349 7.5214307888766 9.2704523754292 1.8928786709964 2.4558643776637 0.973 3.0675903998531"
SAFA-LOW_SIGN-0-20230525-21:57:05-777964,vector,GridFlexeScenario.node[8].veinsmobility,acceleration,,,"3 4 5 6 7 8 9 10 11 12 13 14 15 16 17 18 19 20 21 22 23 24 25 26 27 28 29 30 31 32 33 34 35 36 37 38 39 40 41 42 43 44 45 46 47 48 49 50 51 52 53 54 55 56 57 58 59 60 61 62 63 64 65 66 67 68 69 70 71 72 73 74 75 76 77 78 79 80 81 82 83 84 85 86 87 88 89 90 91 92 93 94 95 96 97 98 99 100 101","2.1747559851734 2.5418741665548 1.9380381025374 2.1537052321015 1.3744604587322 1.762774355337 0.31478898228721 0.34263959701639 -0.87720819036476 0.00556712213438 0.19503064712044 0.72858820203692 -0.67119857615326 0.5659411964938 -4.048578778599 -4.4665783466771 -3.7733690969788 -1.5952244719834 -0.36447509110329 -0.019619557843037 -0.0027127580664747 2.484803741076 2.0063925597584 2.0440530214226 1.568207355612 1.8915018543135 1.8959823252633 2.4459860578179 -0.896257767607 0.2161974034505 0.43861272458453 -0.39430944751948 0.6254905492533 -0.62043909458444 0.60870975905564 -0.36247772839852 -0.39763008626178 -0.065912478067911 0.094070119806565 -0.003915111022069 0.26443315688521 -0.44464488734957 0.36104952723254 -2.001383796478 -1.4275785841941 -3.4786345412955 1.81982845366 1.8200920423958 1.7573765604757 1.3613051131604 0.89994978504255 -0.9486574157374 -0.34740669240009 -3.7147149943203 -4.5 2.4462432491127 1.5483920405386 1.5690550062573 1.3998864161549 1.8006218888797 0.54264507927853 0.11236972685438 -3.2887076540645 -4.5 1.6520538177108 1.5880939938594 1.3174705097685 2.375305156759 0.13208753404021 0.83963340888731 -0.55101774451323 -4.0888699523442 -4.5 2.3691665654071 1.7301643155981 2.1748255043756 2.2397141028196 0.7107800209465 -1.0512736350531 0.85303173615038 -4.5 -4.5 1.671679478744 2.4170442613075 1.3846813923214 2.3040117676137 1.352522079899 -0.49021638596896 0.38710309523158 -4.5 -4.0979519021849 1.5025138037512 1.4323743500048 2.2912413808284 1.3527983411215 1.3077976512641 0.49279150671791 -0.010796640324406 -0.19842628326733"
SAFA-LOW_SIGN-0-20230525-21:57:05-777964,vector,GridFlexeScenario.node[8].veinsmobility,co2emission,,,"3 4 5 6 7 8 9 10 11 12 13 14 15 16 17 18 19 20 21 22 23 24 25 26 27 28 29 30 31 32 33 34 35 36 37 38 39 40 41 42 43 44 45 46 47 48 49 50 51 52 53 54 55 56 57 58 59 60 61 62 63 64 65 66 67 68 69 70 71 72 73 74 75 76 77 78 79 80 81 82 83 84 85 86 87 88 89 90 91 92 93 94 95 96 97 98 99 100 101","3.3455386367295 5.3892053616736 5.4806145786552 7.1913026684726 5.7833796503357 7.8113377830689 3.0977257673984 3.255417789396 0.973 2.00193786275 2.6447086452493 4.6024000205259 0.973 4.0134495160341 0.973 0.973 0.973 0.973 0.973 1.1101505979435 1.1100356103756 2.7197638627825 3.5071019433842 4.6708320201822 4.6130040857088 6.2410152871498 7.2726924932696 10.525735827357 0.973 2.715794722446 3.5388037787731 0.973 4.2326051976681 0.973 4.1717094838605 0.973 0.973 1.7732239575079 2.3047764252613 1.9836189397623 2.9052392068911 0.973 3.2118761229253 0.973 0.973 0.973 5.3923861922552 6.3255684057228 7.0591525836191 6.4652374443053 5.2397372588386 0.973 0.973 0.973 0.973 5.8977804572159 4.9679528889363 5.7234466180303 5.8818398348765 7.9882935614037 3.9418930264951 2.473128598786 0.973 0.973 4.8600841419353 5.453181509999 5.3317655277693 9.7597266063014 2.4440573323012 5.0363248658197 0.973 0.973 0.973 5.961573424421 5.6064499619218 7.9365628045029 9.5378395381251 4.6085306073299 0.973 5.0478648487287 0.973 0.973 4.3432706929659 7.1886658642665 5.3911696174673 9.2887038258804 6.8401856266353 0.973 3.4337256997837 0.973 0.973 4.1643753065746 4.6295451765275 7.8868290659898 5.9396451181113 6.3422150658644 3.7528350345183 2.0246085125711 1.370545187838"
SAFA-LOW_SIGN-0-20230525-21:57:05-777964,vector,GridFlexeScenario.node[9].veinsmobility,acceleration,,,"3 4 5 6 7 8 9 10 11 12 13 14 15 16 17 18 19 20 21 22 23 24 25 26 27 28 29 30 31 32 33 34 35 36 37 38 39 40 41 42 43 44 45 46 47 48 49 50 51 52 53 54 55 56 57 58 59 60 61 62 63 64 65 66 67 68 69 70 71 72 73 74 75 76 77 78 79 80 81 82 83 84 85 86 87 88 89 90 91 92 93 94 95 96 97 98 99 100 101 102 103 104 105 106 107 108","2.4320730425417 2.3034919616068 2.5033104089787 0.53842282031358 -0.46080348251853 0.27769069415517 0.48736178367399 -0.46264252706897 -0.31015166677777 -4.5 2.0693436458474 1.973814623151 0.30784438806829 0.40295919580385 -0.28202345431782 -0.28821370191872 0.89442657963373 -0.93879321999848 0.85627428987064 0.01850307660643 -0.76901032573078 0.47080260475632 -0.27994004120119 -0.12124538507778 0.31967888090294 0.55919845951721 -0.099604689935221 -0.83973797659855 0.46788946175948 -0.51636670706752 -2.9962190873455 1.3509759230772 2.2044850867474 0.010718614328239 -0.61099465796724 0.41431146580726 0.16399963239673 0.37598458880093 -0.07469214713201 -0.084704097849317 -0.091031934926287 -3.1838818682867 2.0525752724847 1.1804531207352 -0.75839231524151 0.46049612022471 -0.073011277313345 0.11401235610247 -0.31165563296527 0.60586756996345 0.32660988231655 -0.35113667298574 -3.4940048363567 2.2703353389865 0.78459269740106 -0.41755172125995 0.6319386216579 0.22712714087684 0.31319692893885 -0.29354412902612 -0.45615877204109 0.27477567333262 -0.54440281984862 -2.7057238444611 1.9412891394459 0.62307048115599 1.1902008025441 -1.1663800029084 0.25362256695516 -0.3210130461026 1.2048157980433 -0.22443781387992 0.25409775280859 -0.7628333824221 -2.4666461597937 1.4467969900463 0.95851477173109 0.0023917845450345 0.75849962281063 -0.88374946303666 0.39756867494434 0.45793564645573 -0.54806617086288 0.16547935632989 0.15563654431608 -0.20075287027285 0.13980533098802 0.2221309310291 -0.84465024212841 0.27477555316873 0.54376077719498 -0.23522854892071 -0.57349772211164 0.71449413003866 0.12701638205908 -0.083373129554094 -0.11562310589943 -0.6530887190951 1.0002046506386 -0.45909602742177 -0.73115724981762 0.61183681255207 -0.13681556337979 0.69625734116416 -0.1522990248166 0.088463302422316"
SAFA-LOW_SIGN-0-20230525-21:57:05-777964,vector,GridFlexeScenario.node[9].veinsmobility,co2emission,,,"3 4 5 6 7 8 9 10 11 12 13 14 15 16 17 18 19 20 21 22 23 24 25 26 27 28 29 30 31 32 33 34 35 36 37 38 39 40 41 42 43 44 45 46 47 48 49 50 51 52 53 54 55 56 57 58 59 60 61 62 63 64 65 66 67 68 69 70 71 72 73 74 75 76 77 78 79 80 81 82 83 84 85 86 87 88 89 90 91 92 93 94 95 96 97 98 99 100 101 102 103 104 105 106 107 108","3.9021166689188 5.1758730827717 7.1733101865236 2.9279169857101 0.973 2.2904405264196 2.8667836962212 0.973 0.973 0.973 4.8779775166109 5.7884017495946 2.2961708240868 2.5734212110304 0.973 0.973 3.7949157749677 0.973 3.6811968053065 1.7118061854159 0.973 2.7219696398799 0.973 1.3518778944222 2.3644137197423 3.0238944794369 1.4375018304699 0.973 2.71647283016 0.973 0.973 3.8850929772432 6.7132816192181 1.6751776613318 0.973 2.5692555538073 2.0239584962048 2.5717553159489 1.4938671436343 1.4655997300838 1.4460101676512 0.973 5.7832162713037 4.4158835367457 0.973 2.6807574578323 1.4699883196589 1.9011408612108 0.973 3.0831751949087 2.4792580940028 0.973 0.973 6.2107372560339 3.3802830804217 0.973 3.0879147659869 2.1930370989111 2.4413972556214 0.973 0.973 2.2817529699021 0.973 0.973 5.4079647441931 2.9301545131531 4.5682166532567 0.973 2.1786203040588 0.973 4.592974044014 0.973 2.3029470200079 0.973 0.973 4.440398061819 3.7564163502317 1.632521586248 3.5073071526794 0.973 2.5564877426238 2.7792186107516 0.973 2.0340623858944 2.0287246504035 0.973 1.9850448776443 2.2052467743797 0.973 2.2508723258075 2.9660656846326 0.973 0.973 3.348436516326 1.9793658588252 1.4732365894017 1.3916026969877 0.973 4.1078577134065 0.973 0.973 3.0397401589372 1.3272540032871 3.3678091976238 1.3126213237892 1.8937859371784"
SAFA-LOW_SIGN-0-20230525-21:57:05-777964,vector,GridFlexeScenario.node[10].veinsmobility,acceleration,,,"3 4 5 6 7 8 9 10 11 12 13 14 15 16 17 18 19 20 21 22 23 24 25 26 27 28 29 30 31 32 33 34","1.5165522359312 2.0134323110105 1.44122821528 1.9551215516869 1.3487495984649 2.5016913218657 1.1996582716822 -3.5705124830129 -4.0840900660842 2.3315245039528 2.1050269616535 2.0678937249817 1.6084100602379 -0.082358319428749 0.13824666088913 -0.42551953641232 0.29996536099352 0.66396162565798 -0.29274555912707 -0.77503836799586 -1.1032207776768 -1.9006449290166 -3.6502861276108 0.80466730629629 -3.6784353743643 1.5127131353831 2.3941971760476 2.0264560956042 1.8511634685099 2.302391685592 0.56715734654194 -0.37014479239006"
SAFA-LOW_SIGN-0-20230525-21:57:05-777964,vector,GridFlexeScenario.node[10].veinsmobility,co2emission,,,"3 4 5 6 7 8 9 10 11 12 13 14 15 16 17 18 19 20 21 22 23 24 25 26 27 28 29 30 31 32 33 34","2.6212285028239 4.1437077696626 3.9502505524035 5.8801827376402 5.096295793076 9.709603635426 6.1264061516231 0.973 0.973 6.5287223373322 7.2755798413837 8.3900965157799 7.7413843081796 1.8013760938391 2.5904766596005 0.973 3.1376183945284 4.5874666758412 1.0816407752947 0.973 0.973 0.973 0.973 3.1563588960104 0.973 3.6369526546263 6.4590593136478 6.8468742300251 7.3858194674401 10.233174488569 4.2484430224123 0.973"
SAFA-LOW_SIGN-0-20230525-21:57:05-777964,vector,GridFlexeScenario.node[11].veinsmobility,acceleration,,,"3 4 5 6 7 8 9 10 11 12 13 14 15 16 17 18 19 20 21 22 23 24 25 26 27 28 29 30 31 32 33 34 35 36 37 38 39 40 41 42 43 44 45 46 47 48 49 50 51 52 53 54 55 56 57 58 59 60 61 62 63 64 65 66 67 68 69 70 71 72 73","1.388996877335 1.3679502059007 1.9698261749232 2.1833026328357 2.3992453218205 0.46911967611619 0.75258578909561 -2.013724742119 -3.9007824254571 1.7774409501813 2.0963957470609 1.8599280637217 0.23968865466304 -0.26825460242107 -0.20472033764236 -0.058259354904294 -0.50081257233396 0.34501329916529 -0.1921777150128 0.73564883698709 -0.55629138646182 0.77128343828954 -1.0800406684633 -0.32491353658408 -3.7849150112248 -3.6562928851953 2.5651967352023 2.3174030706054 1.8543542176485 1.226459903181 -0.31523876443971 0.89038206359837 0.073383645247668 -0.59490513106395 -4.0886517366511 -3.6488656824381 1.7567929583369 2.2256264461204 1.3559610384982 1.4128868414322 1.4603514736194 -0.60839801970869 0.68661177440081 -0.36929797562771 -3.0800698276073 -4.5 2.2308740391396 2.17386406851 1.5523065976566 2.1294452829449 -1.0349657621235 0.22877039515879 0.49685294739902 0.12100823851281 -4.5 1.6952569337795 2.4126032504253 -0.099793408405755 0.77213889474515 -0.70797318927944 -0.21374192659277 -0.051697600190527 1.0314657205017 -0.66281685722061 0.042071011452935 0.040430332068354 0.52482310107444 -0.80516822293866 -0.058243337390012 0.74203031710349 -0.27202575437259"
SAFA-LOW_SIGN-0-20230525-21:57:05-777964,vector,GridFlexeScenario.node[11].veinsmobility,co2emission,,,"3 4 5 6 7 8 9 10 11 12 13 14 15 16 17 18 19 20 21 22 23 24 25 26 27 28 29 30 31 32 33 34 35 36 37 38 39 40 41 42 43 44 45 46 47 48 49 50 51 52 53 54 55 56 57 58 59 60 61 62 63 64 65 66 67 68 69 70 71 72 73","2.5504546537795 3.0559192034384 4.848709649925 6.5081069931551 8.5667324835784 3.2330012294526 4.267677497974 0.973 0.973 5.3438348348218 7.2330121420404 7.6097948062627 2.6832912586745 0.973 1.2757130064972 1.7115994137564 0.973 2.8914562016527 1.2956839333064 4.1921066644455 0.973 4.3623516700121 0.973 0.973 0.973 0.973 5.6300588922775 6.6739699701483 6.6327719239904 5.4484686325231 0.973 4.6411248221057 2.1460843901903 0.973 0.973 0.973 4.0613832769222 6.0976260269435 4.8692079225186 5.5960330676238 6.366349178202 0.973 4.0247609754064 0.973 0.973 0.973 5.2581324418655 6.445249496331 5.7657352417755 8.5393597555652 0.973 2.5208667912524 3.4053775440737 2.2813629395788 0.973 5.7161318118886 9.0273615815908 1.5729163527355 4.3515927029619 0.973 1.2322558738206 1.6989683600808 5.1823261478074 0.973 2.0110719025263 2.0102404561109 3.57892974898 0.973 1.6884227820484 4.2249867014787 0.973"
SAFA-LOW_SIGN-0-20230525-21:57:05-777964,vector,GridFlexeScenario.node[12].veinsmobility,acceleration,,,"3 4 5 6 7 8 9 10 11 12 13 14 15 16 17 18 19 20 21 22 23 24 25 26 27 28 29 30 31 32 33 34 35 36 37 38 39 40 41 42 43 44 45 46 47 48 49 50 51 52 53 54 55 56 57 58 59 60 61 62 63 64 65 66 67 68 69 70 71 72 73 74 75 76 77 78 79 80 81 82 83 84 85 86","2.5746821876615 1.9978159122868 1.6575858970871 2.4632722997339 2.5833849457791 -0.40003311689341 -1.6765963785815 -3.7688400968909 -4.1326454269614 1.8360343949171 1.7212031427538 1.6305679463316 1.4727941920981 2.1792344272602 1.6769868360513 -0.90744373796042 0.52945891942363 -0.30281697371975 0.80128295039758 -1.2213647306431 0.91429213986267 -0.0056195565732207 0.26745363650844 -1.1047818808584 0.89862676027697 -1.0188955667196 1.1184085243847 -0.78082879562862 -0.17311929687858 0.0083345714025214 0.32835959801049 -4.5 -4.5 1.5263351094676 2.3216003981885 2.5920168743934 2.4323975356063 -0.092056794064764 0.55956437916029 -0.80108916054014 -1.6888941029072 -3.1315666333889 2.2131482610013 2.0415027019568 1.7549916181349 -0.37480046441779 -0.39608086098451 -0.40598644395359 -0.72219976215181 -3.947313963661 -3.6246849230956 2.0622360961279 1.4712158214767 1.930762531911 1.45977265127 1.4392332031392 -0.036939306699376 0.86016010330059 -2.8580958659276 -4.0955369996605 -2.9349268685833 -3.4731384768151 -0.45357499970719 -0.10095230018452 -0.028080934080364 1.9999393696431 2.116207363992 2.5644957011566 2.3553757329006 1.7848276557634 2.3200868640095 0.94773791022581 -0.50072645931505 -0.48393641422735 -4.5 -4.5 1.3784536520718 1.7838322023163 2.4607112442143 2.0415184876183 2.3540552381775 -0.12231155512855 0.1612406944856 -0.96318320543505"
SAFA-LOW_SIGN-0-20230525-21:57:05-777964,vector,GridFlexeScenario.node[12].veinsmobility,co2emission,,,"3 4 5 6 7 8 9 10 11 12 13 14 15 16 17 18 19 20 21 22 23 24 25 26 27 28 29 30 31 32 33 34 35 36 37 38 39 40 41 42 43 44 45 46 47 48 49 50 51 52 53 54 55 56 57 58 59 60 61 62 63 64 65 66 67 68 69 70 71 72 73 74 75 76 77 78 79 80 81 82 83 84 85 86","4.4249283417187 4.8160847476977 5.0171370249588 8.333595542116 10.496358353939 0.973 0.973 0.973 0.973 3.8245078579801 4.4887115914842 5.0796770269596 5.3744963631678 8.460905894081 7.7888929361841 0.973 3.7800762577745 0.973 4.8318986023458 0.973 5.1218951319224 2.0187629121229 2.9843052409731 0.973 5.086839257695 0.973 5.8681468207524 0.973 1.4082764415287 1.9861528452532 3.0626196539367 0.973 0.973 3.6515234393769 6.2575095784225 8.6155341588392 9.8371533270077 1.6748131264162 3.8965633462293 0.973 0.973 0.973 7.3017358583346 8.0466066187882 8.0972938197753 0.973 0.973 0.973 0.973 0.973 0.973 4.8754513286499 4.5156975091082 6.4753299102876 5.9443160292241 6.5166935705831 1.8343562076095 4.9335216456196 0.973 0.973 0.973 0.973 0.973 0.973 1.1113047916735 2.187874728537 3.4319768479718 5.6100988936009 6.7634001238155 6.4196342362034 9.3217993339389 5.2763308786634 0.973 0.973 0.973 0.973 3.2232438074005 4.6352784319428 7.453670959934 7.6366749652738 10.084711739008 1.6284911440534 2.6103081728551 0.973"
SAFA-LOW_SIGN-0-20230525-21:57:05-777964,vector,GridFlexeScenario.node[13].veinsmobility,acceleration,,,"3 4 5 6 7 8 9 10 11 12 13 14 15 16 17 18 19 20 21 22 23 24 25 26 27 28 29 30 31 32 33 34 35 36 37 38 39 40 41 42 43 44 45 46 47 48","1.6729553929064 1.9247910779435 2.2166085604578 1.6012130451156 1.8728582788724 1.5740130381892 1.3711630967099 -4.5 -4.3827642458957 2.3557021918707 1.4392818092834 2.3064746658783 2.012569485209 1.7132509528426 0.47696298594898 0.58314470087644 -0.90592170362361 -0.21265404319856 0.35730788626242 -0.41917023418937 1.1561154404422 -0.96439783873502 0.26906397617422 -0.53923244166654 0.83331300108693 0.075638610334138 -0.13845541251358 -1.236322108223 -4.5 -3.8752602296183 1.3795549148228 1.7308714256389 2.1161255926127 2.3405598451616 2.1985773557889 -0.25330649171956 -3.1467700599006 -3.2967768641111 -4.5 2.2001989595592 2.1796510827029 1.8788762075128 1.8273804935627 2.2248036336852 0.40087061211743 0.56159456965979"
SAFA-LOW_SIGN-0-20230525-21:57:05-777964,vector,GridFlexeScenario.node[13].veinsmobility,co2emission,,,"3 4 5 6 7 8 9 10 11 12 13 14 15 16 17 18 19 20 21 22 23 24 25 26 27 28 29 30 31 32 33 34 35 36 37 38 39 40 41 42 43 44 45 46 47 48","2.8635611413366 4.0969496515867 5.8252660032734 5.3664132712719 6.9895083768554 6.9009456013781 6.8535050865958 0.973 0.973 6.0256059230385 4.8778760960461 8.2951075958399 8.6325843536527 8.5371544789335 4.0654817852655 4.6234239434952 0.973 1.3960124984125 3.5720787566925 0.973 6.8834994057299 0.973 3.2462342307718 0.973 5.4774264545547 2.5640095382612 1.7220186848877 0.973 0.973 0.973 4.0906085352966 5.5849970697491 7.7084736215742 9.8726321166402 10.805242204048 1.2748705197998 0.973 0.973 0.973 5.2544569011527 6.5101955647833 6.8330525789479 7.6614454614429 10.329031813384 3.7243056061896 4.4717297274423"
SAFA-LOW_SIGN-0-20230525-21:57:05-777964,vector,GridFlexeScenario.node[14].veinsmobility,acceleration,,,"3 4 5 6 7 8 9 10 11 12 13 14 15 16 17 18 19 20 21 22 23 24 25 26 27 28 29 30 31 32 33 34 35 36 37 38 39 40 41 42 43 44 45 46 47 48 49 50 51 52 53 54 55 56 57 58 59 60 61 62 63 64 65 66 67 68 69 70 71 72 73 74 75 76 77 78 79 80 81 82 83 84 85 86 87 88 89 90 91 92 93 94 95 96 97 98 99 100 101 102 103 104 105 106 107","2.0376957817236 2.4637650594814 2.558692760556 1.6319673717255 1.2829070737221 0.34755456910934 0.22890677815303 -0.227359779994 0.081815382931381 -0.68652160698548 0.93791829971597 -0.61439174637199 -0.3696175486315 0.15256521932315 0.92072893592995 -0.58923257156275 0.47905726050958 -0.4738047456136 0.21749560241587 -0.46723086675629 0.77042303089984 0.055621929327026 -0.82129269307479 0.72077397389803 -1.599295955932 -2.9377348251292 1.3224355139304 1.7907247425057 0.51865433228737 0.25422959772404 -0.26136457810644 0.69768003658392 -0.90133694675751 0.52845833525062 -2.9614464364351 -4.0103646573145 2.0273098416161 2.0548161260318 2.4198027358158 1.1009508192177 -0.40537405817304 0.065503372671081 -0.19390263292007 0.23262934091035 -0.73170528011397 0.655990272481 0.23025543869007 0.15744841427077 -0.67533243661746 -0.079626820352859 0.14738340741023 0.043967670202257 0.07510226862505 -0.036909817787819 -0.60628974901047 0.15348770301789 0.70186176011339 -0.19363888588268 -0.6695211468963 0.56112314127386 0.23271091736387 -0.19661980101373 -0.035008689970709 -0.24594027150888 0.39974456825293 0.23931774049997 -0.76306481021456 0.0058571072760962 0.33664500953164 -0.24150595983956 -0.040076060150749 -0.11471029645763 0.41794630195946 -0.15110065753106 -0.41288954585325 0.26006590635516 -0.16270710898098 0.28211944408249 0.48198033352382 0.28947615621146 -1.1851132947719 0.96707040725741 -0.25675560352392 0.54769446519203 -0.14606236943509 -0.86272423253395 0.19568019139115 -0.25765838851221 0.47021731033456 0.38264087042771 -0.36272652880289 0.14549282193184 0.31753274011426 -0.073428790550679 -0.75677069015801 -0.308620466711 0.024718800466507 0.20736641895492 0.47008828336839 -0.71665091819595 0.51467509667855 -0.39515995667316 1.0077282589162 -0.032744747400285 -0.85730293397792"
SAFA-LOW_SIGN-0-20230525-21:57:05-777964,vector,GridFlexeScenario.node[14].veinsmobility,co2emission,,,"3 4 5 6 7 8 9 10 11 12 13 14 15 16 17 18 19 20 21 22 23 24 25 26 27 28 29 30 31 32 33 34 35 36 37 38 39 40 41 42 43 44 45 46 47 48 49 50 51 52 53 54 55 56 57 58 59 60 61 62 63 64 65 66 67 68 69 70 71 72 73 74 75 76 77 78 79 80 81 82 83 84 85 86 87 88 89 90 91 92 93 94 95 96 97 98 99 100 101 102 103 104 105 106 107","3.0300388559467 4.9925385572515 6.8695389405201 5.7149944116614 5.3567881826569 2.8257545892092 2.5200103325819 1.1856967165995 2.0765826049616 0.973 4.6151240606629 0.973 0.973 2.2087796483048 4.5925117310552 0.973 3.2647961301768 0.973 2.4627639551022 0.973 4.1309323502705 2.0353447815971 0.973 3.9731684174211 0.973 0.973 4.4559468974225 6.3720542384082 3.1900012833254 2.5101692081916 0.973 3.8504448980357 0.973 3.2838148279237 0.973 0.973 4.6911594958614 5.8852558481408 8.2421636870469 5.1021050295099 0.973 2.0231300755209 1.2741564778238 2.5062433783894 0.973 3.7013699155399 2.5216080439031 2.3301605715107 0.973 1.5814604393725 2.2257944498601 1.9409198646772 2.0361115466452 1.7169055596851 0.973 2.1978848025772 3.8605958488709 1.2778462982914 0.973 3.3888835248621 2.5016446992258 1.2666084993356 1.7182383875205 0.973 2.9648772324306 2.5440196943606 0.973 1.8014774925068 2.7553618085501 0.973 1.6808336349479 1.4708055441578 2.9867367730782 1.3851896227634 0.973 2.4996410003082 1.339051189307 2.5779736050901 3.2264572584954 2.7192003275393 0.973 4.6431297948244 0.973 3.4952892062766 1.4334786304298 0.973 2.3437764791673 0.973 3.1449843988204 2.9670886559293 0.973 2.250759879115 2.7943496157563 1.6427506073379 0.973 0.973 1.8337437066483 2.3477747001953 3.1538572346135 0.973 3.2375353694094 0.973 4.8094628864793 1.7625067797618 0.973"
SAFA-LOW_SIGN-0-20230525-21:57:05-777964,vector,GridFlexeScenario.node[15].veinsmobility,acceleration,,,"3 4 5 6 7 8 9 10 11 12 13 14 15 16 17 18 19 20 21 22 23 24 25 26 27 28 29 30 31 32 33 34 35 36 37 38 39 40 41 42 43 44 45 46 47 48 49 50 51 52 53 54 55 56 57 58 59 60 61 62 63 64 65 66 67 68 69 70 71 72 73 74 75 76 77 78 79 80 81 82 83 84 85 86 87 88 89 90 91 92 93 94 95 96 97 98 99 100 101 102 103 104 105 106 107 108 109 110 111 112 113 114 115 116 117 118 119 120","1.8082134905504 2.4265917416429 2.2872334908694 2.1747192301555 1.4831212543184 0.47860920799547 0.16240640382748 0.66579291010275 -0.6512823315803 0.57861995573621 -0.90579243572429 0.63905423991382 0.2975857190555 -1.1034014652716 -0.010269806999712 0.99773757872172 -0.24505663646851 -0.20379346418194 -0.21485132628586 0.070869828364811 0.2412591047585 0.36392720129806 -0.21068477125373 -0.54260472878814 -0.13979685232043 0.25042078816332 0.75572008420713 0.027852044068277 -0.78531410521828 -0.16692253651563 -0.0050050141988329 0.41088007681537 -0.057201578165404 0.187753795553 -0.76519479001872 0.38645500866696 0.81016507477034 -1.0239205995575 0.4889813820133 0.49195237408858 -0.74650175638963 0.28181117556524 -0.27801701237913 -0.10750429069194 -4.5 -4.038597976882 1.9030334282201 1.8113448920427 1.9859071387677 2.0980022896081 0.39242524954062 0.30029490911402 0.89366498691961 -1.707152973072 -4.1879088891437 1.8259302231018 2.1151947004721 1.9759355878023 -0.97048330886755 -0.20630721871276 0.10232891198248 0.5459221255267 -3.6047556983642 -4.5 2.5025668372167 2.4304419387365 1.9932082319632 1.6984071223633 -1.0575369952712 0.23352272375487 0.66271843784489 -3.9658182735367 -3.7060935285408 2.5827555545373 2.4981698238757 2.2576716680313 0.40199272765757 0.13808077538852 -0.51697650102433 -0.87569497654953 -3.4815808604239 -4.5 1.6131387284491 2.5999843505444 1.6737176605966 1.3442874444881 1.0967398185636 -0.22052955976687 0.66946206076536 -1.4863639565798 -3.5109179905499 -4.0273418764225 2.0271952449111 2.5085026209708 1.6341391467722 1.6916180901462 0.88636238746325 0.073853583238087 0.53598043678794 -2.9200050332481 -3.0947203314514 2.3894979293225 1.6879870163044 1.7618130107657 0.23660386223346 -0.38995342187118 0.13041095095687 -0.035719832733696 -4.5 -4.5 1.7494539632695 2.0347389033064 1.488761894661 1.406739219022 1.6637217743089 1.0311396225378 -0.24588823933154 0.068472518702038"
SAFA-LOW_SIGN-0-20230525-21:57:05-777964,vector,GridFlexeScenario.node[15].veinsmobility,co2emission,,,"3 4 5 6 7 8 9 10 11 12 13 14 15 16 17 18 19 20 21 22 23 24 25 26 27 28 29 30 31 32 33 34 35 36 37 38 39 40 41 42 43 44 45 46 47 48 49 50 51 52 53 54 55 56 57 58 59 60 61 62 63 64 65 66 67 68 69 70 71 72 73 74 75 76 77 78 79 80 81 82 83 84 85 86 87 88 89 90 91 92 93 94 95 96 97 98 99 100 101 102 103 104 105 106 107 108 109 110 111 112 113 114 115 116 117 118 119 120","3.1784007070461 5.3696791375567 6.5553929406022 7.6180211055483 6.4198944406791 3.4625204231638 2.4855787484503 4.2687090270645 0.973 3.9583795621541 0.973 4.0924242417051 3.0246978304006 0.973 1.8878506979198 5.3297224360782 1.1926011394182 1.3171796182885 1.2720035554392 2.1831586858218 2.7621544157424 3.2272776165438 1.3069760577682 0.973 1.4959075845907 2.7478926998859 4.5615736667918 2.1254763773941 0.973 1.4160340702034 1.9220875327704 3.3028804576527 1.788007245369 2.6018067692153 0.973 3.1768972256234 4.7569420415735 0.973 3.5606784389225 3.677780554078 0.973 2.8955073339052 0.973 1.6070838366092 0.973 0.973 4.3882881070265 5.1516033141126 6.5911377405019 8.1031455444556 3.1143143961092 2.8821491460365 5.0226745591051 0.973 0.973 5.9986548719079 7.9340842697834 8.6611823679857 0.973 1.2824407283068 2.2426338686592 3.7404461294443 0.973 0.973 6.2293519943164 7.6897295750929 7.7358473517173 7.725510327374 0.973 2.6854204165296 4.2103532558656 0.973 0.973 6.9808847128552 8.4972200995873 9.2823539643211 3.3597599736554 2.4992930287497 0.973 0.973 0.973 0.973 3.8409185187479 7.1106649631852 5.9455456975563 5.6607955507918 5.3451118579366 1.2366220645779 4.1309195450176 0.973 0.973 0.973 4.5505329804757 6.9670917862572 5.8622760485849 6.8396173170877 4.7435167278214 2.1895561000872 3.7770382209752 0.973 0.973 7.4892800317928 6.6107062399165 7.7310854364061 2.7985459227277 0.973 2.4124440947616 1.8688385821379 0.973 0.973 4.0503552765294 5.6029661873278 5.157401800758 5.5522958338853 7.055836515429 5.4604274207231 1.1921164732729 2.2296683832357"
SAFA-LOW_SIGN-0-20230525-21:57:05-777964,vector,GridFlexeScenario.node[16].veinsmobility,acceleration,,,"3 4 5 6 7 8 9 10 11 12 13 14 15 16 17 18 19 20 21 22 23 24 25 26 27 28 29 30 31 32 33 34 35 36 37 38 39 40 41 42 43 44 45 46 47 48 49 50 51 52 53 54 55 56 57 58 59 60 61 62 63 64 65 66 67 68 69 70 71 72 73 74 75 76 77 78 79 80 81 82 83 84 85 86 87 88 89 90 91 92 93 94 95 96 97 98 99 100 101 102 103 104 105 106 107 108 109 110 111 112 113 114","2.045571109117 1.4409547501011 2.2535873713903 1.7269063347762 -0.53159035632852 0.51324058584869 0.24799402472563 -0.88896926641464 -0.2226864556782 0.83051920565777 -0.5001586319413 0.40249856733717 0.39112810536753 -0.33242558662314 0.070201965910384 -0.60082692187279 0.15828189617023 0.76601240786258 -0.55410417445795 -4.1128368804813 1.4076483884361 2.5693215192063 0.42390719715598 -0.11869164805394 0.43961897885892 -0.45359732091892 -0.76798851643689 0.01298391923774 0.80562974340282 -0.28469579098746 -0.49319953457452 -0.051514746458269 -0.0072813251754269 0.8961281276308 0.059349462692627 -0.3245294342516 0.17089855186641 0.2660316209076 -0.29741376088932 -0.21841778222006 -3.058921346399 2.1443300047424 0.48719308269671 0.36964529831894 -0.44502378408797 0.037430506409146 0.16191679134499 0.83328680263367 -0.37293649176136 0.53663061214611 -1.2784659292782 0.096476316452026 0.25050473490264 0.38585063784849 -0.56819678631146 0.39354595972691 0.70055764466524 -0.4856008190196 -0.074444569251499 -0.34380551369395 0.86823049997911 -0.52315533244982 0.31127599799074 -0.13673701342195 -0.31584440469742 0.42364444329869 -0.71037863588426 0.72276948152576 -0.23324906667695 -0.14400976700708 -0.51305936325807 -0.012414430151694 0.95761885282118 -0.77873390852474 -0.15635911191348 0.78022516940255 -0.41396507204045 -0.044665277609603 0.40051190250088 0.062726530339569 0.19269454961177 -0.76275909843389 0.75694859174546 -0.062976114382035 -0.0050953353755183 -0.36646615604404 -0.51225844335277 1.0763229213422 -0.51985572420526 -0.1708022775827 0.14219819458667 -0.073472893727013 -0.456072164746 0.78186676651239 0.18939229715616 -0.24559968011454 -0.38154284574557 0.60834882818162 -0.6011471162783 0.50670663802885 -0.51299639707431 0.29957852677908 -0.72443682639859 0.70818425489124 0.027295983978547 -0.060719833848998 0.43222997805569 -0.41795217394829 -0.31159987903666 -0.17384588285349 0.29808705765754 -0.20244247906376"
SAFA-LOW_SIGN-0-20230525-21:57:05-777964,vector,GridFlexeScenario.node[16].veinsmobility,co2emission,,,"3 4 5 6 7 8 9 10 11 12 13 14 15 16 17 18 19 20 21 22 23 24 25 26 27 28 29 30 31 32 33 34 35 36 37 38 39 40 41 42 43 44 45 46 47 48 49 50 51 52 53 54 55 56 57 58 59 60 61 62 63 64 65 66 67 68 69 70 71 72 73 74 75 76 77 78 79 80 81 82 83 84 85 86 87 88 89 90 91 92 93 94 95 96 97 98 99 100 101 102 103 104 105 106 107 108 109 110 111 112 113 114","3.6211086383691 3.5288866095716 6.0816716032926 5.8684215551213 0.973 2.9268678313728 2.3198316918867 0.973 0.973 3.684339552882 0.973 2.6366929038589 2.6763524353221 0.973 1.8561993486185 0.973 2.0189649879773 3.6217533029435 0.973 0.973 3.8894613438307 7.6390939986861 2.7209189744021 1.3969719184032 2.8179062727615 0.973 0.973 1.6540636970749 3.6261825956699 0.973 0.973 1.5097466562966 1.6069929845765 3.8616308740304 1.8385164258045 0.973 2.0924950462005 2.3583602641397 0.973 0.973 0.973 6.1452527783312 2.7224851529065 2.5193375215461 0.973 1.7127270977721 2.0082559373456 3.7608681789147 0.973 3.0623434131646 0.973 1.8421494735307 2.2179172857878 2.5915291686516 0.973 2.5802050582504 3.4686645519941 0.973 1.4955009084843 0.973 3.8782246184105 0.973 2.4563073561595 1.3554291631542 0.973 2.7257629487892 0.973 3.4578456909325 0.973 1.3274663401373 0.973 1.5997156128513 4.0477630934469 0.973 1.2805754236416 3.5716027705246 0.973 1.5493524743149 2.6442250221584 1.8386071614156 2.1764627478044 0.973 3.5649745406907 1.5423741974222 1.6836169274311 0.973 0.973 4.3949358638459 0.973 1.2614657042592 2.0052259643421 1.4918213633185 0.973 3.5821519410706 2.1704132522327 0.973 0.973 3.2000045983707 0.973 2.9308601742515 0.973 2.3937716665271 0.973 3.3658624091214 1.7442408265992 1.5300640838993 2.7797814309965 0.973 0.973 1.2460865922402 2.3575301630441 0.973"
SAFA-LOW_SIGN-0-20230525-21:57:05-777964,vector,GridFlexeScenario.node[17].veinsmobility,acceleration,,,"3 4 5 6 7 8 9 10 11 12 13 14 15 16 17 18 19 20 21 22 23 24 25 26 27 28 29 30 31 32 33 34 35 36 37 38 39 40 41 42 43 44 45 46 47 48 49 50 51 52 53 54 55 56 57 58 59 60 61 62 63 64 65 66 67 68 69 70 71 72 73 74 75 76 77 78 79 80 81 82 83 84 85 86 87 88 89 90 91 92 93 94 95 96 97 98 99 100 101 102 103 104 105 106 107 108 109 110 111 112 113 114","1.610137716285 1.4409155321773 2.1852426901227 1.8889443577034 2.3618551426567 0.21666589447398 0.26751749832183 0.32270500611048 0.15920057336334 -3.5507946274287 1.0256756146968 1.3128812653711 1.5418747806668 -1.187440394517 0.11214558385062 -2.6564017878321 -4.5 -3.0005719819316 0.58497807980724 1.9183383633383 2.4256056307117 1.5426242565038 1.3644128547516 2.1077147819102 0.49990827191778 0.20066112256609 0.62053890356328 -0.80181157740299 -0.23870947510004 0.96263385515194 0.039990201988257 -1.0064756144769 0.20671980553307 0.1583923388971 0.51045672134496 0.12093903312925 -0.67123763244599 0.73582997452468 -1.2419436058495 0.051248626108281 0.60150340495165 -0.48256693098228 -0.077744282828645 1.1833634741837 -0.67465682404581 -0.040055088675581 -0.47545743624214 0.48996114938054 0.53224961601663 -0.36687199673615 -0.47457986508962 0.25327567891218 -3.1410179701536 -4.5 -3.8346295792267 -0.80264391029947 2.514767751866 1.9349472020287 1.3577536123106 2.5806218327023 1.3416728091892 1.8345757060219 1.0386169650314 -0.31307130712085 -0.16862931512296 -1.3711834601203 -4.3421078109299 2.5202804648783 2.3449559177738 1.6389008444694 -0.43055978254415 -0.59650141724851 0.39274668761063 0.24159258317668 -2.1801494459495 -3.2753244654392 1.632284448226 1.6911603907123 2.4172426603734 -0.85817775540161 0.42845986702014 0.28156452570111 0.30587017817888 -2.8584617865061 -3.8087050299859 1.8886516402708 1.6240084547549 1.6911315895151 0.69641512613963 0.55141604363453 -0.75180557975546 0.37665709285066 -0.55319290796762 -3.0278659334057 -4.5 2.5555923108011 1.5254794720095 1.9362454131013 1.7351105073001 0.38221677920083 0.039780765399337 0.5608456177637 -0.43744735333938 -4.5 2.5663105537184 2.336185129386 -0.24587926699314 0.07993046301417 -0.7058484797366 -0.10621096643154 0.88075879768003 -0.38054019759875"
SAFA-LOW_SIGN-0-20230525-21:57:05-777964,vector,GridFlexeScenario.node[17].veinsmobility,co2emission,,,"3 4 5 6 7 8 9 10 11 12 13 14 15 16 17 18 19 20 21 22 23 24 25 26 27 28 29 30 31 32 33 34 35 36 37 38 39 40 41 42 43 44 45 46 47 48 49 50 51 52 53 54 55 56 57 58 59 60 61 62 63 64 65 66 67 68 69 70 71 72 73 74 75 76 77 78 79 80 81 82 83 84 85 86 87 88 89 90 91 92 93 94 95 96 97 98 99 100 101 102 103 104 105 106 107 108 109 110 111 112 113 114","2.7812598204724 3.2036965751496 5.4281536685862 5.8845575853553 8.4793608981609 2.462853062092 2.6497549419533 2.8660385932556 2.3941468531783 0.973 4.2009187270809 5.4237271760923 6.7668352377393 0.973 2.1632157370443 0.973 0.973 0.973 1.5547736041048 3.2934739014642 5.3700174944061 4.6185692260522 4.8096315151558 7.7672530059567 3.3367093138308 2.4844566804089 3.8901177954467 0.973 1.1576604384792 4.938420355268 2.0639197006011 0.973 2.4721815787569 2.3505384114553 3.5078490846428 2.3160259991852 0.973 4.2565545326446 0.973 1.9817328000142 3.6940218819568 0.973 1.6161688305931 5.6759686723692 0.973 1.761361265342 0.973 3.3431740792835 3.586809806728 0.973 0.973 2.6288456889716 0.973 0.973 0.973 0.973 2.783282149631 3.4287250004551 3.3240465893015 6.8137245793538 4.8265202066003 6.9449356740244 5.0712849971217 0.973 1.3685943345405 0.973 0.973 7.0566274037921 8.1831460500401 7.0514073517713 0.973 0.973 3.0428092517593 2.6301669709808 0.973 0.973 5.0297876899125 5.9677408459356 9.4082402270744 0.973 3.1676526976072 2.7731265381774 2.8987986335973 0.973 0.973 5.3014062034272 5.5276889698053 6.5115261832105 3.9230370452382 3.6192704511706 0.973 3.0120645456087 0.973 0.973 0.973 5.7136824110641 4.6633204915963 6.5403555611028 6.9086132674128 3.0385136576402 2.0137957631333 3.7124340436325 0.973 0.973 8.353544173567 9.2798285433157 1.162209438726 2.1751476878654 0.973 1.5446802331493 4.6791855970826 0.973"
SAFA-LOW_SIGN-0-20230525-21:57:05-777964,vector,GridFlexeScenario.node[18].veinsmobility,acceleration,,,"3 4 5 6 7 8 9 10 11 12 13 14 15 16 17 18 19 20 21 22 23 24 25 26 27 28 29 30 31 32 33 34 35 36 37","2.3475195742212 1.7117402136093 2.553070465941 2.3264490137808 1.5109932949301 1.4267230057052 0.5016934081912 -0.60670751105063 0.33220378586557 -0.24693117234856 0.9312583835097 -0.12512974624988 -0.25951906014234 0.2059914970072 0.17259195172228 -1.2571809813147 0.45607935914304 0.10285359083209 0.11857012724504 -0.28312265733257 0.72639901714865 -0.48718159534037 0.35102633256465 -0.91043137137312 0.86249390195589 -0.67357841059565 -0.060652634385042 0.53832741382066 0.18178819178138 -0.10605193814263 -0.20027354133781 -0.32328239362687 0.30960922366939 -0.60514937639236 1.2143716244725"
SAFA-LOW_SIGN-0-20230525-21:57:05-777964,vector,GridFlexeScenario.node[18].veinsmobility,co2emission,,,"3 4 5 6 7 8 9 10 11 12 13 14 15 16 17 18 19 20 21 22 23 24 25 26 27 28 29 30 31 32 33 34 35 36 37","3.959683397724 4.0539134486004 7.0744746824985 8.0709538379968 6.5496445512355 6.9220375586981 3.8800818797643 0.973 3.2301290597217 1.2116096418484 5.534287059364 1.6883593640112 1.1923626271207 2.8721709962085 2.778562109427 0.973 3.6330946883034 2.4325554467887 2.5028987236537 1.0905400041146 4.7497292246484 0.973 3.3731845392767 0.973 5.1808609876592 0.973 1.8347370902781 3.982783536357 2.7605696817497 1.7302906338311 1.3866092756632 0.973 3.1560763525098 0.973 6.5415355006739"
SAFA-LOW_SIGN-0-20230525-21:57:05-777964,vector,GridFlexeScenario.node[19].veinsmobility,acceleration,,,"3 4 5 6 7 8 9 10 11 12 13 14 15 16 17 18 19 20 21 22 23 24 25 26 27 28 29 30 31 32 33 34 35 36 37 38 39 40 41 42 43 44 45 46 47 48 49 50 51 52 53 54 55 56 57 58 59 60 61 62 63 64","1.4015385301784 1.5948854350485 1.7431896411348 1.4684440099867 2.1238328776089 2.5895389665384 0.53615116978711 -0.2089500667993 0.1409852320794 -0.40531560403761 -0.60823344057426 0.59405945716426 -0.24007763457485 0.61691306305583 -0.28055066387169 -0.53754668750335 0.8595002909191 -0.47355181332678 0.49670268865302 -0.6959086785093 0.5996329942951 -0.37402200547513 0.18056932913605 0.29942017134745 -1.0304421190405 1.1785512800561 -1.1479075889802 0.18809239349794 -0.15645625761244 0.5750382934697 0.24103551758453 -0.45344494583551 0.61945762827527 0.003181244991719 -0.38819634665269 -0.014425309677609 -0.21141192202922 0.22802410139702 0.29328383738175 -0.8073821186088 0.17300959934946 0.55853928881697 -0.52406049589626 0.30205061319284 0.48817982163746 -0.16421729067806 -0.30129334910307 0.42373176098335 -1.1145230024355 0.090403797081672 -0.0019374173134565 0.50036662293132 -0.35081884129904 0.89842658084817 -0.018763249902987 -0.51309183142148 0.044961716793477 0.30653239444364 -0.18879167048726 -0.56015817525331 -0.19308119616471 1.1607136305422"
SAFA-LOW_SIGN-0-20230525-21:57:05-777964,vector,GridFlexeScenario.node[19].veinsmobility,co2emission,,,"3 4 5 6 7 8 9 10 11 12 13 14 15 16 17 18 19 20 21 22 23 24 25 26 27 28 29 30 31 32 33 34 35 36 37 38 39 40 41 42 43 44 45 46 47 48 49 50 51 52 53 54 55 56 57 58 59 60 61 62 63 64","2.4001547411577 3.2530756376456 4.2620133502382 4.4331748928246 6.958450498276 9.94768142871 3.7077400486388 1.2936257592825 2.4236479175624 0.973 0.973 3.7779512078442 1.1757390161083 3.9411138413436 0.973 0.973 4.730044328688 0.973 3.5704280963005 0.973 3.8781532916528 0.973 2.5132475163199 2.9376609723549 0.973 5.8233988202419 0.973 2.465724871597 1.4159531675867 3.7323206653602 2.7261721089453 0.973 3.971010329592 1.9860213310095 0.973 1.8919146320283 1.267175776658 2.6521028711405 2.9052051886224 0.973 2.4337548900274 3.7364378367934 0.973 2.8829808695135 3.5698549949301 1.4427668620162 0.973 3.3522979432354 0.973 2.1546844520263 1.8785145712609 3.4862651423357 0.973 4.8951536266945 1.9208254335246 0.973 2.076820904695 2.9459090656257 1.3525203837917 0.973 1.3040230812778 5.7597080842386"
SAFA-LOW_SIGN-0-20230525-21:57:05-777964,vector,GridFlexeScenario.node[20].veinsmobility,acceleration,,,"3 4 5 6 7 8 9 10 11 12 13 14 15 16 17 18 19 20 21 22 23 24 25 26 27 28 29 30 31 32 33 34 35 36 37 38 39 40 41","2.475277706515 2.1665640576975 1.5186360970139 1.724187891325 2.0630994800711 2.3446924555581 -0.21253798446911 0.31857684480492 0.224504709756 -0.47230711756274 -0.50969064594246 0.169044186268 0.41644250287209 -0.56081486882176 -0.30181122069849 -4.3202952766001 -4.3353572981083 2.0479065546533 2.0077396200271 2.3827190293698 2.4702338451752 0.7322911785162 0.22462679778691 -0.79779241897631 0.54783170295414 -0.019285853882321 0.056832411675714 -0.12707939122338 -0.43391689844429 -0.13043773721438 0.23338011342566 0.34767150674015 -0.52005918438081 0.55247009347659 0.16864365185611 -0.74741755691357 0.58048043940216 -0.52846014951356 0.38575355843641"
SAFA-LOW_SIGN-0-20230525-21:57:05-777964,vector,GridFlexeScenario.node[20].veinsmobility,co2emission,,,"3 4 5 6 7 8 9 10 11 12 13 14 15 16 17 18 19 20 21 22 23 24 25 26 27 28 29 30 31 32 33 34 35 36 37 38 39 40 41","3.5625338215585 4.5304218814027 4.2475534767779 5.4511533251719 7.3884438981335 9.6920485499422 1.2923410272179 3.0636452247779 2.7874954668224 0.973 0.973 2.4874907901376 3.3527969842699 0.973 0.973 0.973 0.973 4.4229794174483 5.4605670444883 7.7314669080867 9.6360871394644 4.4178376382609 2.7802159102813 0.973 3.8042805026311 1.9376044278436 2.1940050026885 1.5788172368786 0.973 1.5308063183555 2.7053050449783 3.1327432978695 0.973 3.8101208397279 2.5754778695966 0.973 3.902362429259 0.973 3.2364671571825"
SAFA-LOW_SIGN-0-20230525-21:57:05-777964,vector,GridFlexeScenario.node[21].veinsmobility,acceleration,,,"3 4 5 6 7 8 9 10 11 12 13 14 15 16 17 18 19 20 21 22 23 24 25 26 27 28 29 30 31 32 33 34 35 36 37 38 39 40 41 42 43 44 45 46 47 48 49 50 51 52 53 54 55 56 57 58 59 60 61 62 63 64 65 66 67 68 69 70 71 72 73 74 75 76 77 78 79 80 81 82 83 84 85 86 87 88 89 90 91 92 93 94 95","2.2911964192521 1.5284379143734 1.3445260382257 1.3356185556389 2.0105159847299 1.8082447982393 1.4708650614438 0.17408711081371 -0.10452634792309 0.93125691460446 -0.84586679411586 0.56788227986544 0.23456951170228 -1.1786063517444 0.10613340260461 1.0567029727856 -0.6507250190014 -0.51980189199094 0.96937907773536 -0.63927528518252 0.84096964017954 -0.32694821541663 -0.47012992696837 0.46253467709757 -0.075764201884157 -0.14943291796371 -0.60047469788697 -0.070582634233869 0.62828532415442 -0.058251424389892 -0.060587868466973 -0.43595699020661 0.0093089347239594 0.83521458837204 0.073055943776854 -0.81890259324573 -2.124754880446 -3.9616901668836 -2.7507745751413 2.1793804230634 1.9504429571098 1.5444679247914 2.0974573333282 2.1327001586049 -1.1862407868495 0.18926812063437 -2.1384997889613 -3.6742461987073 1.3663295009639 2.5620959043736 2.0071090126177 0.81380393954267 -0.90294038199354 0.21682692908216 -0.076508479948926 -4.5 -4.5 1.3217998484382 1.6470476348652 1.6026524508838 1.5724166051485 2.0115044048056 1.6557002098177 -0.80026045977138 -0.9640110642308 -3.8630588258384 -4.5 1.6470972374314 1.7313524205238 1.8963016682304 1.987838094472 1.6776998082409 1.1853717983592 -0.13804340653587 -2.2558878034089 -3.380660990435 -3.7072237350512 2.2539269866422 2.5519744504476 1.4729206529446 1.5836796094198 1.0568048258935 -0.24413422632497 0.138143068715 -2.8527665653553 -4.471465660946 1.5418992447667 2.2560777051607 2.3577679520939 0.90144256706658 0.04851016115863 0.36499819455203 0.31147997302469"
SAFA-LOW_SIGN-0-20230525-21:57:05-777964,vector,GridFlexeScenario.node[21].veinsmobility,co2emission,,,"3 4 5 6 7 8 9 10 11 12 13 14 15 16 17 18 19 20 21 22 23 24 25 26 27 28 29 30 31 32 33 34 35 36 37 38 39 40 41 42 43 44 45 46 47 48 49 50 51 52 53 54 55 56 57 58 59 60 61 62 63 64 65 66 67 68 69 70 71 72 73 74 75 76 77 78 79 80 81 82 83 84 85 86 87 88 89 90 91 92 93 94 95","3.4451299100929 3.3778127678946 3.6524499523078 4.1527368691721 6.5857960579215 7.0295329942326 6.7189251792584 2.562313344156 1.6446318550486 5.3054697424851 0.973 3.9791573913739 2.8841476961936 0.973 2.3046146858792 5.7188843053356 0.973 0.973 5.3495514404143 0.973 4.9745296112506 0.973 0.973 3.5964498525946 1.7756856287335 1.5189660004375 0.973 1.7259782940631 4.0873823732713 1.8126387690705 1.7997899053254 0.973 1.9861435831337 4.8592274940061 2.2950781405079 0.973 0.973 0.973 0.973 4.9238656145953 5.6016229733512 5.4513474325244 8.0311165660251 9.437946770981 0.973 2.5801908569936 0.973 0.973 4.5294198749087 8.8695036923756 8.4924432297198 4.865187251272 0.973 2.7064828261979 1.7401016627358 0.973 0.973 3.2659476616241 4.4762991721106 5.1231600534756 5.7712258767514 8.046300252117 7.7847192946638 0.973 0.973 0.973 0.973 3.7269724230579 4.6731108143573 5.9703553047599 7.2877950176916 7.261416217298 6.1612147962898 1.5855162291525 0.973 0.973 0.973 5.3348330414779 7.5864349963012 5.7175358873785 6.757289125442 5.5165404638568 1.1945944512904 2.4574818609267 0.973 0.973 4.4568730060169 7.1968610257054 8.9821056948083 4.8835270816243 2.13848625722 3.2311883589359 3.1084854516939"
SAFA-LOW_SIGN-0-20230525-21:57:05-777964,vector,GridFlexeScenario.node[22].veinsmobility,acceleration,,,"3 4 5 6 7 8 9 10 11 12 13 14 15 16 17 18 19 20 21 22 23 24 25 26 27 28 29 30 31 32 33 34 35 36 37 38 39 40 41 42 43 44 45 46 47 48 49 50 51 52 53 54 55 56 57 58 59 60 61 62 63 64 65 66 67 68 69 70 71 72 73 74 75 76 77 78 79 80 81 82 83 84 85 86 87 88 89 90","1.4338872503722 1.4823798019206 1.4128849284956 1.3725404736586 1.4345508235507 1.686327641597 2.0770440255059 0.82197822875698 -0.35365637154318 0.49521167476196 0.35910585625097 -0.26190488310531 -0.28509743441828 0.33584244213998 -2.3941150611925 -3.0470823664569 -4.1353401992354 1.4684856106061 2.0045285689412 1.5929533046437 2.3569704439957 1.6529342174064 0.61475104323672 -0.44533695813734 0.12841239746194 0.21933189742267 0.30487929035444 -1.0326738077449 1.1204723274801 -0.60880998936482 -0.31896314842161 0.13725160486065 0.91449680530932 -0.38504680858459 -0.036234059021808 -0.54259819725994 0.70324424481951 -0.81856603929773 0.56685639347415 -0.70876766180154 0.64319843961857 -0.019140850869007 -0.51645888611674 -0.094730887445621 -0.33324501677473 -1.1421580316344 -0.60942411076106 -0.68152061504365 -0.049311318719054 -2.0280567865899 1.4322292658883 -0.63998033337088 -1.1489257610163 0.19865033371264 0.27885358778065 0.57894752759107 -0.5096462552221 1.1669162328265 -1.1735111331705 -0.1851210783405 0.58193255462093 0.51954684776804 -0.22625720291044 -1.122863352682 0.71628520048747 -1.0103052616433 1.6346019091379 -0.79334139272003 -0.64976350984242 0.038882314872938 1.1623453391595 0.52748557753914 -1.1220583773176 -0.19883664685489 0.33349273571846 1.0242280529882 -1.5061928358372 0.61953142661669 0.16433277025793 -0.94920186192901 0.50704019585475 2.4253687903984 1.5733370963018 1.4547164979335 -0.16437394656241 0.072447169572115 0.40374508462846 -1.2283137118444"
SAFA-LOW_SIGN-0-20230525-21:57:05-777964,vector,GridFlexeScenario.node[22].veinsmobility,co2emission,,,"3 4 5 6 7 8 9 10 11 12 13 14 15 16 17 18 19 20 21 22 23 24 25 26 27 28 29 30 31 32 33 34 35 36 37 38 39 40 41 42 43 44 45 46 47 48 49 50 51 52 53 54 55 56 57 58 59 60 61 62 63 64 65 66 67 68 69 70 71 72 73 74 75 76 77 78 79 80 81 82 83 84 85 86 87 88 89 90","2.5056643742989 3.1556397027084 3.6337693464138 4.1108010091236 4.8214749348862 6.1961698859573 8.4471038420526 4.7586247937287 0.973 3.7014741299699 3.3117768798561 1.1575667037188 0.973 3.1923757348365 0.973 0.973 0.973 3.543993397037 5.4119936036803 5.3404378102186 8.6368497559014 7.4211866412113 4.1696194219077 0.973 2.4598679703185 2.7987340903541 3.1443358326685 0.973 6.0141542030207 0.973 0.973 2.4655321297514 5.3339867092213 0.973 1.9376877214401 0.973 4.5164698054494 0.973 3.9829852898808 0.973 4.2260471132125 1.978876568174 0.973 1.6754605315036 0.973 0.973 0.973 0.973 1.6067580300657 0.973 5.1466881681954 0.973 0.973 1.976058166169 2.1769526219247 2.9288071779565 0.973 4.4788807487773 0.973 0.973 2.9101597761857 2.8751817498455 0.973 0.973 3.1795230272014 0.973 5.4756895428937 0.973 0.973 1.6393953539473 4.2880274627764 2.9497338025818 0.973 0.973 2.332076472079 4.1550609144162 0.973 2.9815270978794 1.9994161805325 0.973 2.6807398720457 8.3711936865331 6.7935902033125 7.080985424477 1.492525425949 2.3077927314776 3.5237703534932 0.973"
SAFA-LOW_SIGN-0-20230525-21:57:05-777964,vector,GridFlexeScenario.node[23].veinsmobility,acceleration,,,"3 4 5 6 7 8 9 10 11 12 13 14 15 16 17 18 19 20 21 22 23 24 25 26 27 28 29 30 31 32 33 34 35 36 37 38 39 40 41 42 43 44 45 46 47 48 49 50 51 52 53 54 55 56 57 58 59 60 61 62 63 64 65 66 67 68 69 70 71 72 73 74 75 76 77 78 79 80 81","1.4827357839793 1.4391225100961 2.3671004785923 1.613840791909 1.6228400300723 1.8104536509607 0.93392802060322 0.5277718794765 0.062004529661499 -9 1.9157469786936 1.8189390855609 2.2339735405985 1.4244526190683 0.81246698922478 0.15098190957215 0.53472452037968 -0.29879554277286 0.10419039539993 -0.45216512468178 0.56302318307571 0.1000994379865 0.49248415653128 -1.1332845270634 0.46044451785274 0.45905843428336 -0.15514029769693 -0.83110244518612 0.28468303484842 -0.10339620769955 -0.14596780529246 0.41519257831387 0.016322449385189 0.65620008893311 -0.090781623846851 -0.51425394916441 0.16591547075659 -0.36300053002778 0.63735172424931 -0.51418615675066 -0.04476875506807 0.47043653498404 -0.54994037500583 0.39965027864091 -0.64728839849122 -0.0014334099832922 0.8501366640674 -0.30847843752708 -0.075367499096318 -0.42073517641984 0.71588153541088 -0.76831265597139 1.0267922769301 0.14991959324107 -0.74635471694637 0.13125528120436 -0.37704974487424 0.015753052616491 0.27192863803357 -0.28323307826649 -0.15813104477711 0.4951619816944 -0.20517869147007 0.73222201270983 -0.90995790201705 0.51766867139377 0.43490543959197 0.026887769671157 -1.0961018810477 -3.9372622380829 -4.5 2.1848219760461 1.3907130017877 2.591879834584 2.5763530039694 -0.18228572052307 0.0012904618633911 0.84617195229512 0.089555949997155"
SAFA-LOW_SIGN-0-20230525-21:57:05-777964,vector,GridFlexeScenario.node[23].veinsmobility,co2emission,,,"3 4 5 6 7 8 9 10 11 12 13 14 15 16 17 18 19 20 21 22 23 24 25 26 27 28 29 30 31 32 33 34 35 36 37 38 39 40 41 42 43 44 45 46 47 48 49 50 51 52 53 54 55 56 57 58 59 60 61 62 63 64 65 66 67 68 69 70 71 72 73 74 75 76 77 78 79 80 81","2.4489499226635 2.9893787783138 5.5355429553511 4.9803333705485 5.7531162143346 7.161274763813 4.8918613741753 3.7301344550907 2.2097237110949 0.973 4.4948224442247 5.2547301042224 7.4623214803375 5.9953798040492 4.4494731154231 2.4166304965627 3.7422745463305 0.973 2.3110949275623 0.973 3.8151182031955 2.3237936986506 3.7160789718082 0.973 3.4651338574227 3.5572174407453 1.4962914198528 0.973 2.8574521145059 1.6197685411408 1.4771411288676 3.3038611948955 2.0250124918278 4.2511426046686 1.7247292413432 0.973 2.5358722045685 0.973 4.1454842993871 0.973 1.8228086476848 3.5702394382591 0.973 3.3063375115814 0.973 1.9300171191787 4.8431903872662 0.973 1.7358866023582 0.973 4.372741253386 0.973 5.4896012723259 2.5601080668155 0.973 2.4150212863996 0.973 2.0027971604967 2.8579114130722 0.973 1.4426676021338 3.5908740723176 1.3091260554852 4.5058208187377 0.973 3.6940303311703 3.5124251469651 2.1357729921718 0.973 0.973 0.973 4.9936739298621 4.2642357689652 8.4165706521253 10.20336159808 1.3733444590723 1.9523694900897 4.8731252597297 2.3437345924316"
SAFA-LOW_SIGN-0-20230525-21:57:05-777964,vector,GridFlexeScenario.node[24].veinsmobility,acceleration,,,"3 4 5 6 7 8 9 10 11 12 13 14 15 16 17 18 19 20 21 22 23 24 25 26 27 28 29 30 31 32 33 34 35 36 37 38 39 40 41 42 43 44 45 46 47 48 49 50 51 52 53 54 55 56 57 58 59 60 61 62 63 64 65 66 67 68 69 70 71 72 73 74 75 76 77 78 79 80 81 82 83","1.8044763513375 2.3003797754413 1.7447784148622 2.0656206130283 1.3384768957272 2.1959824980702 1.1626907973901 0.17743423767388 -0.10164393691812 0.55524752149358 -0.97747800108045 0.94394096226897 -0.72611952440348 0.46418518298306 -0.40689513331745 0.35037105493248 0.40748812549282 -0.056990923895501 -0.56296366895549 0.0058317887131132 0.14224470104091 0.3127410316607 -0.79614850333892 0.79980878881179 -0.34582105176523 0.41718707045075 -4.4215511784063 -4.5 -4.431656152918 -1.2199436034147 -1.1105308790777 -0.0098215581200276 -0.0068142202092738 -0.00079906100267313 -0.00015388016957898 0 1.9186654491583 2.4927499330835 2.2125954559306 1.3272837675177 1.7735651466763 1.4984938922571 1.6429729918949 2.5729507539654 -1.3741429407612 -4.5 -4.5 1.4798861247487 1.6588336160174 2.1366107009351 1.6305678370642 1.5651486193761 1.5274080940869 0.13531289475752 -4.5 -4.1354947095737 1.3474711390678 2.2780724939425 2.3314833425218 2.189026600332 0.95847970256334 -0.10603875794914 -2.5246609559155 -4.3918699700036 -4.0996174068837 1.6926647806307 2.2024031830952 1.8190344548319 2.3713803944876 2.3816361610778 -0.12649266871793 -0.89812584145477 -4.3253942675656 -3.3860971823451 1.397300893208 2.1554835203337 2.1150721865706 2.4574435293442 0.8512768925146 -0.15050821744371 0.77915528728627"
SAFA-LOW_SIGN-0-20230525-21:57:05-777964,vector,GridFlexeScenario.node[24].veinsmobility,co2emission,,,"3 4 5 6 7 8 9 10 11 12 13 14 15 16 17 18 19 20 21 22 23 24 25 26 27 28 29 30 31 32 33 34 35 36 37 38 39 40 41 42 43 44 45 46 47 48 49 50 51 52 53 54 55 56 57 58 59 60 61 62 63 64 65 66 67 68 69 70 71 72 73 74 75 76 77 78 79 80 81 82 83","3.1903233488003 5.1085798251823 5.0708969815175 6.8938607970376 5.6128943245142 9.4077748832527 6.387177977218 2.8294931147812 1.7930996901866 4.3332414170779 0.973 5.7951986563075 0.973 3.9208426034385 0.973 3.4862711679326 3.7850451287037 2.0121503333723 0.973 2.1857641822656 2.70542404721 3.3940508998213 0.973 5.2294413346695 0.973 3.803650931066 0.973 0.973 0.973 0.973 0.973 1.1103563030722 1.1100444049364 1.1100073935461 0.973 0.973 2.0903966886515 3.9809071384201 4.9885495212978 4.0834332588034 5.8207778718166 5.8351823953399 7.0219369617928 11.768375520848 0.973 0.973 0.973 3.7859304663328 4.8364883557921 7.0355083818549 6.5501791026668 7.0979630973982 7.6974161488664 2.663184061446 0.973 0.973 4.1063386798591 7.2931218641382 8.9303751008637 9.8736508539704 5.84032652197 1.8111619063646 0.973 0.973 0.973 3.9782215043373 6.0529530735112 6.2024953808576 9.1242866374499 10.76380645723 1.6790590490014 0.973 0.973 0.973 4.1061833433828 6.7780823601912 7.9321987124122 10.610249742537 5.3030059306963 1.6089783550611 5.2284825871624"
SAFA-LOW_SIGN-0-20230525-21:57:05-777964,vector,GridFlexeScenario.node[25].veinsmobility,acceleration,,,"3 4 5 6 7 8 9 10 11 12 13 14 15 16 17 18 19 20 21 22 23 24 25 26 27 28 29 30 31 32 33 34 35 36 37 38 39 40 41 42 43 44 45 46 47 48 49 50 51 52 53 54 55 56 57 58 59 60 61 62 63 64 65 66 67 68 69 70 71 72 73 74 75 76","1.9681667215191 2.0848777350271 2.5767042224528 2.5374351908918 2.5068282209337 1.9166256733937 -3.6865289277704 -3.0963935581502 -4.5 -3.8891687412884 -0.21168349584064 -0.078725293364457 -0.0037209645867306 -0.0039609163250755 -0.00033253871700452 0 0 1.8487568574958 1.3308432088466 2.3081422952702 1.8769018705236 1.3695416262606 1.838921348541 1.9230655725347 1.691057888791 -0.84921896689248 -2.1986795140976 -3.6844848430018 1.7786944993306 1.6184831429971 2.3768232671544 1.649604389607 1.5898722285148 -0.90267265804578 -4.0231026669189 -3.8132030960172 -4.0588418228367 1.8429370885016 2.2332950268406 2.2246041582897 1.4640425148653 2.5313124672277 2.5686557886395 -1.8447554638858 -4.1052553716193 -3.7277714053285 1.5433064717334 1.3637467617635 2.0823233666131 1.8093055987498 1.941332142381 0.0021049115318075 0.39870798515621 0.036204769904725 -0.55125567447394 0.76829512626864 0.05552893911954 0.16039887769148 -0.25432953624986 0.31140280540567 -0.74809880084358 0.53924326519482 -0.95165445553139 0.48462461207528 -1.3320113386611 -4.0284581896383 -4.4580998422345 2.0117989183404 1.6934566958109 1.4187564496882 2.1685530676972 1.8724571230588 1.2338754832397 -0.31855238766875"
SAFA-LOW_SIGN-0-20230525-21:57:05-777964,vector,GridFlexeScenario.node[25].veinsmobility,co2emission,,,"3 4 5 6 7 8 9 10 11 12 13 14 15 16 17 18 19 20 21 22 23 24 25 26 27 28 29 30 31 32 33 34 35 36 37 38 39 40 41 42 43 44 45 46 47 48 49 50 51 52 53 54 55 56 57 58 59 60 61 62 63 64 65 66 67 68 69 70 71 72 73 74 75 76","3.1261287497072 4.3965252215164 6.8617852595912 8.5229705992383 10.182381257675 9.3442811611215 0.973 0.973 0.973 0.973 0.973 1.1102345597042 1.1102032661121 1.1100157242326 0.973 0.973 0.973 2.0234821231741 2.2861568004612 4.4426198463933 4.8334447802465 4.4756901118033 6.4150262496816 7.6845384752357 7.8401206441714 0.973 0.973 0.973 5.586249712529 5.9844428035926 9.539699059931 8.0469954996706 8.6270144501454 0.973 0.973 0.973 0.973 3.8402341474172 5.6961296330186 7.0285354210496 5.8345795105255 10.555767528591 12.561459915961 0.973 0.973 0.973 4.6946241172419 4.8763233269071 7.7803675099233 7.9587560829003 9.5104750284979 2.2211301117528 3.7972967367021 2.4042607486482 0.973 5.299638083157 2.5154858759644 2.9535033105515 1.2920768981869 3.5641308203296 0.973 4.4186675027538 0.973 4.093346860567 0.973 0.973 0.973 5.445097037142 5.6381358121851 5.5901257512033 8.9338948512916 9.0241503104371 7.1976072082853 1.036628518556"
SAFA-LOW_SIGN-0-20230525-21:57:05-777964,vector,GridFlexeScenario.node[26].veinsmobility,acceleration,,,"3 4 5 6 7 8 9 10 11 12 13 14 15 16 17 18 19 20 21 22 23 24 25 26 27 28 29 30 31 32 33 34 35 36 37 38 39 40 41 42 43 44 45 46 47 48 49 50 51 52 53 54 55 56 57 58 59 60 61 62 63 64 65 66 67 68 69 70 71 72 73 74 75 76 77 78 79 80 81 82 83 84 85 86 87 88 89 90 91 92 93 94 95 96 97 98 99 100 101 102 103 104 105 106 107 108 109 110 111 112 113 114 115 116 117 118 119 120 121 122 123","2.2887285570381 2.1092279310804 2.2974531752989 1.6363098954229 0.27258656350896 -0.61065839459188 0.41175174661912 -0.1900228724815 -0.014100654073991 0.1040527242003 0.78319514326285 -0.15014211528469 -0.4049019977916 0.0047592000337318 -0.25476327766664 0.56363715096377 -2.9565636013438 -4.3360933279673 1.9595733025577 2.5011860015104 1.5188459897414 0.72077813799002 -0.22139175054617 0.92413727070671 0.093887598114089 -0.38276304169558 -0.79022356775787 -4.3167336685117 2.4053003768669 2.3479947164888 0.61495410207391 -1.0839334786404 1.0295300662983 -0.89873232410755 0.0232868273044 0.87277653228957 -1.7754738382122 -3.6811512426008 2.0904579698574 2.0711684456794 0.39537535948329 0.97992789107375 -0.056576695037075 -0.77936088892166 -0.18935705735348 0.11003505224362 -1.0931883551257 -3.9203215864953 2.2992246626178 1.7997850054642 1.8686593835318 -0.72052264248487 -0.17719489329029 0.91320526197087 -0.37089790431783 -0.17435194659047 0.15438906843774 -0.63679215761367 0.008247115090489 0.95066049611196 -0.52507208671886 0.033026904030702 0.36848296658136 0.23477134800051 -1.1223159173736 0.28559326878749 0.28547430259641 0.1671197935706 -0.44106881588232 0.47735997575801 0.13392810095102 0.010884167463519 0.25082042634021 -0.54167170911096 0.25474507904146 -0.66690379292704 -0.25023775009904 0.049370357883163 0.63261455355678 0.43078335125465 -1.1443713580491 0.091876474930904 0.58533553143498 -0.011306244810113 0.11110457296018 0.43704981938936 -0.80173586264718 -0.32916733231396 0.8554599276511 -0.65393089002464 -0.30447560595348 0.22134114217479 0.37020479533821 0.17403629329056 0.44243384716101 -1.1419297850924 0.52377246939577 0.60349129594397 -0.89354362289887 0.2905556792859 0.045001823990606 0.14651622059755 -0.60236252716277 0.66863309394103 -0.55767085980624 0.17955455624033 0.55584805523977 -0.46562333868351 0.66092996413354 -0.35039863572456 -0.4621007328853 -3.1929956062623 2.5742335595423 1.1420782044689 -0.63996275523678 -0.27700783542823 0.52106259770226 0.46878832341172 0.26668625776656 -0.44995822303463 -0.52522026333027"
SAFA-LOW_SIGN-0-20230525-21:57:05-777964,vector,GridFlexeScenario.node[26].veinsmobility,co2emission,,,"3 4 5 6 7 8 9 10 11 12 13 14 15 16 17 18 19 20 21 22 23 24 25 26 27 28 29 30 31 32 33 34 35 36 37 38 39 40 41 42 43 44 45 46 47 48 49 50 51 52 53 54 55 56 57 58 59 60 61 62 63 64 65 66 67 68 69 70 71 72 73 74 75 76 77 78 79 80 81 82 83 84 85 86 87 88 89 90 91 92 93 94 95 96 97 98 99 100 101 102 103 104 105 106 107 108 109 110 111 112 113 114 115 116 117 118 119 120 121 122 123","4.0444059990608 5.0282310337064 6.770303838382 6.0620852533249 2.5143314614844 0.973 2.853512445105 1.2528035142241 1.7096456138127 2.0278167316283 4.023613261544 1.3903053863245 0.973 1.7865245588433 0.973 3.3525285846384 0.973 0.973 4.3057782243293 6.7680948912563 5.3981056588487 3.633679215852 0.973 4.3797781174323 2.0802588217996 0.973 0.973 0.973 6.538120618644 7.9237838624692 3.5132280186007 0.973 4.6456664605231 0.973 1.789642788138 4.2119044564555 0.973 0.973 5.6262377855767 6.7703883775125 2.7342133366608 4.5335836765564 1.6471876385412 0.973 1.2447399192744 2.0149571520967 0.973 0.973 5.9198619002716 5.8741825573582 7.0258450806514 0.973 1.2816582706951 4.3646478722212 0.973 1.3033014213608 2.1970785007947 0.973 1.7503042665309 4.4476841839411 0.973 1.8540595001891 2.8093190836191 2.4751729452888 0.973 2.490542579859 2.5331168891772 2.2375214774525 0.973 3.0859759907891 2.1672867953791 1.8295391081308 2.5271730475063 0.973 2.4961769200844 0.973 0.973 1.8510000921458 3.478530313653 3.0165859994464 0.973 1.959958850484 3.3432172248911 1.7426480772101 2.0826883191998 3.0474056022529 0.973 0.973 4.1431340603584 0.973 0.973 2.303358678014 2.748347488916 2.2490269674545 3.0575651136114 0.973 3.1558265531339 3.5058239617458 0.973 2.5366432229407 1.8887743217478 2.1767160018663 0.973 3.6034506677888 0.973 2.2268729044919 3.335697024304 0.973 3.6735163842634 0.973 0.973 0.973 8.0405461925296 4.9201616034351 0.973 0.973 3.1374867071228 3.0912322599263 2.5742696578334 0.973 0.973"
SAFA-LOW_SIGN-0-20230525-21:57:05-777964,vector,GridFlexeScenario.node[27].veinsmobility,acceleration,,,"3 4 5 6 7 8 9 10 11 12 13 14 15 16 17 18 19 20 21 22 23 24 25 26 27 28 29 30 31 32 33 34 35 36 37 38 39 40 41 42 43 44 45 46 47 48 49 50 51 52 53 54 55 56 57 58 59 60 61 62 63 64 65 66 67 68 69 70 71","1.679407831165 2.221823833324 1.9359241187572 1.4391689548036 1.4348189815413 2.4367390892236 0.40402938562467 0.20250837185886 -0.50614541966934 -0.47504031800199 0.26306771214586 -0.23919834026601 0.77601387829054 -0.74477013563737 0.12390956694726 -0.044795773178338 -0.27881600118708 0.18425069989171 -0.040771825751291 -0.03440399528481 0.86619138617534 -0.70027570475359 0.85697333167773 -0.94632119503804 0.95579049468506 -0.7386050243862 0.22149423551746 0.32223648799118 -0.94784238005523 0.027885398780926 0.10895721872803 0.44539332620334 0.0044949024217207 0.10883983464446 0.11639375751838 -0.89129236685112 0.18003349683713 -0.067892529652454 0.019037990272047 0.86948494354728 -0.70697563523427 0.57234978612978 -0.48352978399489 0.6249974271981 -0.87576474442612 1.1059487933526 -0.83600388506893 0.32911151421722 0.23929702963214 -0.89226146838628 0.58473540176638 0.071445250883698 -0.74858413040638 0.21430860620458 0.63733991882764 -0.48820875450037 0.19234091120306 0.70503074263688 -1.0145922618452 0.86587177412584 -0.1145938425092 -0.58252137412783 -0.18813034652267 0.1587777341716 0.62484009452164 -0.17236386218574 -0.75862182464916 -0.0021811835467815 0.86920892253984"
SAFA-LOW_SIGN-0-20230525-21:57:05-777964,vector,GridFlexeScenario.node[27].veinsmobility,co2emission,,,"3 4 5 6 7 8 9 10 11 12 13 14 15 16 17 18 19 20 21 22 23 24 25 26 27 28 29 30 31 32 33 34 35 36 37 38 39 40 41 42 43 44 45 46 47 48 49 50 51 52 53 54 55 56 57 58 59 60 61 62 63 64 65 66 67 68 69 70 71","2.7283057293664 4.5047018749162 5.1273361136876 4.8000505981179 5.3946767692888 9.5961127919834 3.2904754913059 2.6678783900853 0.973 0.973 2.7516544049256 1.1790940314693 4.5010298128845 0.973 2.3079189418355 1.7823083268257 0.973 2.4753801043589 1.7834420502998 1.7999672131069 4.802952386306 0.973 4.8209027624734 0.973 5.1489743079584 0.973 2.6544138646437 3.0297261611107 0.973 1.9812905232514 2.2391918068524 3.3544635186192 1.9636226411824 2.3063244249579 2.3449233620646 0.973 2.450938373835 1.6922263288381 1.9568664519419 4.7966526590078 0.973 3.8030166109106 0.973 4.0068831332107 0.973 5.6488227609145 0.973 2.9996686911391 2.7518006184367 0.973 3.7944018856758 2.1826561474564 0.973 2.5579557837397 4.0040372456026 0.973 2.5388937434567 4.3303490895547 0.973 4.8147181120845 1.6096710702037 0.973 1.3334230340478 2.4114044184865 4.0034837607036 1.4139771319767 0.973 1.8863764692454 4.774626977066"
SAFA-LOW_SIGN-0-20230525-21:57:05-777964,vector,GridFlexeScenario.node[28].veinsmobility,acceleration,,,"3 4 5 6 7 8 9 10 11 12 13 14 15 16 17 18 19 20 21 22 23 24 25 26 27 28 29 30 31 32 33 34 35 36 37 38 39 40 41 42 43 44 45 46 47 48 49 50 51 52 53 54 55 56 57 58 59 60 61 62 63 64 65 66 67 68 69 70 71 72 73 74 75 76 77 78 79 80 81 82 83","1.5858694023918 2.4794851154555 1.7772395106964 2.5819418966537 1.3829939074349 1.4004677067998 -0.74820306708047 -4.2544972697297 -4.5 2.5825532079209 1.3682811009465 2.5007992214756 2.304459202569 0.28725987125376 0.5992305384716 -0.15526809638832 -0.70175777263939 0.33118503121659 0.39139684510883 -0.43756557584275 -0.21098888912238 0.13390439234208 0.52957199637313 0.2875724471407 0.10145392147824 -0.38741000744048 0.38099079555832 -0.32118461623322 -0.82534299755935 0.22764737305697 0.58583597894758 0.14772235404234 0.22327908282168 -0.71273731996771 0.042141616367735 -0.31950192004442 0.38998359541874 0.0065014397026957 -0.0019937254488465 0.40492905555293 -0.7851474627154 1.0862420126097 -0.97774037425406 -0.31498050650116 0.14549341881648 1.1503237816272 -1.2686332703568 0.50228486699052 -0.29367655327078 0.47882139936555 -0.037359008891507 -0.47478290090803 0.56369260793805 -4.5 -4.5 1.6051470067352 1.341724698199 1.8242310995702 1.8645053305663 2.3061843959149 0.29958263274961 0.14935632725246 -2.8501137375246 -3.2897902739816 1.8494995088084 2.0122388571268 1.6595221413063 -0.21389883521479 0.62956926780753 -0.062581352679992 -1.355715560592 -4.3367916384789 -3.8083735551569 2.2338577961316 1.3595112568699 2.489706355962 1.3550585165387 2.1770619624304 -0.23396451342851 0.24097590660676 0.0012207801220931"
SAFA-LOW_SIGN-0-20230525-21:57:05-777964,vector,GridFlexeScenario.node[28].veinsmobility,co2emission,,,"3 4 5 6 7 8 9 10 11 12 13 14 15 16 17 18 19 20 21 22 23 24 25 26 27 28 29 30 31 32 33 34 35 36 37 38 39 40 41 42 43 44 45 46 47 48 49 50 51 52 53 54 55 56 57 58 59 60 61 62 63 64 65 66 67 68 69 70 71 72 73 74 75 76 77 78 79 80 81 82 83","2.8966997476811 5.4088276095273 5.1640743713502 8.5903073437912 5.9991839001905 6.6576961748489 0.973 0.973 0.973 5.7251496531457 4.2628802610433 8.1927896664503 9.1672714521412 2.889433573138 4.0354389651704 1.498454305649 0.973 3.0432260260224 3.3130351806603 0.973 1.2841710024793 2.391488660486 3.7747646730197 3.0204426355527 2.4025049983142 0.973 3.3556741046434 0.973 0.973 2.6897863606495 3.9735977012274 2.5338821207936 2.8234303066151 0.973 2.1287081560353 0.973 3.2763935360965 2.0202717333945 1.9922198962474 3.4067027593135 0.973 5.8168603178213 0.973 0.973 2.4170825752188 6.0390310413393 0.973 3.6328198454108 0.973 3.5960623035374 1.8845076966572 0.973 3.889111469505 0.973 0.973 3.9132851882372 4.0249188459304 5.851639040848 6.9290866555928 9.6387955144319 3.0538408404176 2.566916094907 0.973 0.973 6.081063234317 7.6078921961898 7.4150922344094 1.2851892180008 4.1554938640784 1.8196683474312 0.973 0.973 0.973 5.0325499920559 4.1644810742032 8.0168910897919 5.7031728962441 9.3981468723392 1.2398441861908 2.856587224162 2.0460945636622"
SAFA-LOW_SIGN-0-20230525-21:57:05-777964,vector,GridFlexeScenario.node[29].veinsmobility,acceleration,,,"3 4 5 6 7 8 9 10 11 12 13 14 15 16 17 18 19 20 21 22 23 24 25 26 27 28 29 30 31 32 33 34 35 36 37 38 39 40 41 42 43 44 45 46 47 48 49 50 51 52 53 54 55 56 57 58 59 60 61 62 63 64 65 66 67 68 69 70 71 72 73 74 75 76 77 78 79 80 81 82 83 84 85 86 87","1.7747161863372 2.276243982045 1.6145013724919 2.192999984487 1.381591434055 2.5442749146605 1.7840879237062 -0.61341162275057 0.59503388677258 0.071914110123181 0.22171132264193 0.045320957503282 -0.99825910062063 1.1742239663145 -0.30019540705253 -0.32819668923039 -0.36540050569456 1.0364330671029 -0.15617613256909 -0.083872324274854 -0.27288783013355 -0.25705863568001 -0.42745338755194 1.2195210544858 -0.13679301948287 -0.65513210007921 -0.26051637658384 0.37200470308307 -0.47584401469212 0.14261586521752 -0.14201722533908 0.67267643103842 -0.71591773743276 0.99927303146105 -0.91377248186618 -0.12403536341153 0.048274370841682 1.1778502511559 -0.71800018136855 -1.3177843889075 -2.9910891927934 -4.5 2.5170430364553 2.1991455138661 1.9857024173252 2.1662423880305 -0.54153595010201 -0.074021438579075 -1.4929546318594 -4.5 -4.1857628993991 2.3728988956427 2.4965751551557 2.5583893903065 2.0079178321641 1.0132240495592 -0.25795117313974 -0.92810422341742 -3.8274287951024 -4.0411349811591 2.3649441278074 1.9066577259684 1.4725483803544 1.3273104983848 2.4788739304058 0.45604210388628 -2.7326053976313 -3.5888669468462 -4.5 2.028158089146 1.5529173417017 1.3167512940476 1.3913689120207 2.3596004091203 1.6080476597416 0.31122902722564 -4.4018260814841 -4.0162711070036 1.5495525628561 1.8847460724413 1.5436174413655 1.315259824018 2.2194128550831 -0.42765624630265 -0.0061710401438173"
SAFA-LOW_SIGN-0-20230525-21:57:05-777964,vector,GridFlexeScenario.node[29].veinsmobility,co2emission,,,"3 4 5 6 7 8 9 10 11 12 13 14 15 16 17 18 19 20 21 22 23 24 25 26 27 28 29 30 31 32 33 34 35 36 37 38 39 40 41 42 43 44 45 46 47 48 49 50 51 52 53 54 55 56 57 58 59 60 61 62 63 64 65 66 67 68 69 70 71 72 73 74 75 76 77 78 79 80 81 82 83 84 85 86 87","2.7106411331282 4.4877506064578 4.3142901882948 6.6319473140997 5.3520837197836 10.170529938106 8.675727740763 0.973 4.3297859098683 2.4314856242069 3.0172816881221 2.367255669102 0.973 6.6462000812709 1.0738984584018 0.973 0.973 6.1422433876186 1.6208391675464 1.8835669399239 1.166893314495 1.2121801890666 0.973 6.8435505520765 1.6968086199359 0.973 1.1877538387232 3.4962357878934 0.973 2.6173916202646 1.5988169170144 4.6394099413378 0.973 5.9384351264217 0.973 1.655618270146 2.2623448571278 6.6812348277344 0.973 0.973 0.973 0.973 6.8609188806274 7.5254554744509 8.0892701334702 10.002041859423 0.973 1.8258173655785 0.973 0.973 0.973 5.2414332859904 7.1044726197411 9.018121435159 8.6275211408072 5.7004776558697 1.1869374896502 0.973 0.973 0.973 6.1064308025127 6.2328959893573 5.8358343761112 5.9794025746044 11.241926209538 3.9384221788326 0.973 0.973 0.973 4.8204003340434 4.7166559068714 4.7495944659726 5.5000453051443 9.6484153948229 7.9995784273177 3.3441921289326 0.973 0.973 4.7621410509837 6.4448066492177 6.2912683946808 6.1717965964788 10.484669382198 0.973 2.1290137449175"
SAFA-LOW_SIGN-0-20230525-21:57:05-777964,vector,GridFlexeScenario.node[30].veinsmobility,acceleration,,,"3 4 5 6 7 8 9 10 11 12 13 14 15 16 17 18 19 20 21 22 23 24 25 26 27 28 29 30 31 32 33 34 35 36 37 38 39 40 41 42 43 44 45 46 47 48 49 50 51 52 53 54 55 56 57 58 59 60 61 62 63 64 65 66 67 68 69 70 71 72 73 74 75 76 77 78 79 80 81 82 83 84 85 86 87 88 89 90 91 92 93 94 95 96 97 98 99 100 101 102 103 104 105 106 107 108 109 110 111 112 113 114 115 116 117 118 119 120 121 122 123 124 125 126 127 128 129 130 131 132 133 134 135 136 137","2.3478866785532 2.1277886533644 2.5967283024685 2.359660308552 1.311040297593 1.1293568085852 0.36660318616778 0.29597727053333 -1.2368354044622 0.096791669493541 1.1389363577822 -0.47080657803453 -0.24065176465083 -1.4090088254444 -3.1618924222033 -4.5 -4.1598236114076 1.8619261987042 2.1126609808765 1.5393863162491 2.3961414442165 1.4999558767304 2.1575607854174 1.3151878697138 0.31298952847719 0.53158367285505 0.13664274802431 -0.51132044580299 -0.50281672177371 0.69985291550402 -0.53118254155852 0.34050415989477 0.048100270912983 -0.28441448004451 -0.20843819675502 0.15035442037042 -0.40398477709387 0.20059198776726 0.68471797052771 -0.64342176073696 0.20772913382389 0.84408776401542 -0.28639066489413 -0.34609135484789 -0.43004027104471 -0.19193003452383 0.96661915460136 -0.22350263821427 -0.74044309824239 1.0270980504574 -0.62631849241443 -0.3888605030952 0.0038260520203046 -0.031084192846901 -1.4763224096496 -4.5 -3.7504510398595 2.4854107742663 1.4586402140092 2.4488450704608 1.686178293312 1.9874012826709 0.55103552931515 0.30762583867181 -2.7079730521286 -3.9098968255799 2.3170658689225 1.3999055969762 2.4525414166041 -0.22559101259298 0.52595556073356 -0.65200940971263 -0.72298398955599 -4.5 1.5748596751597 1.3811784313526 2.1517044502776 -0.17755702087316 -0.068468737928196 0.0049524232745171 -0.63792951337214 -3.7397290637096 -4.4871194943553 1.8009580820333 1.6362425521947 2.5378824048908 2.3417262894101 0.62412103421983 0.20128309209831 0.32412686855532 -1.6612197322721 -4.5 1.5174115794012 2.2233573443722 1.3547716129804 1.0611307099877 -0.52642101482488 0.69466975727119 -0.69429102009384 -4.5 -4.5 2.0547630078392 1.5694826862076 2.0654626846779 2.451820328203 1.9127412639348 -0.97737356775906 -0.031670172838496 -1.4828985019328 -4.5 1.7858267050469 2.4552493747557 2.0778670931002 0.5872346864289 -0.6974457454402 0.17636851619463 -0.81781385456594 -4.2902221604483 -4.5 1.7390986410435 1.8540715334471 1.7964528246317 1.6959209116409 1.8334430977469 0.20168550451668 0.30156656911131 0.57473228233866 -0.072466117935255 0.10704219276086 -0.59185588136315 0.59045061394572 0.011616061837413 -0.10982700011227 -0.82946632476524 0.76339626491536"
SAFA-LOW_SIGN-0-20230525-21:57:05-777964,vector,GridFlexeScenario.node[30].veinsmobility,co2emission,,,"3 4 5 6 7 8 9 10 11 12 13 14 15 16 17 18 19 20 21 22 23 24 25 26 27 28 29 30 31 32 33 34 35 36 37 38 39 40 41 42 43 44 45 46 47 48 49 50 51 52 53 54 55 56 57 58 59 60 61 62 63 64 65 66 67 68 69 70 71 72 73 74 75 76 77 78 79 80 81 82 83 84 85 86 87 88 89 90 91 92 93 94 95 96 97 98 99 100 101 102 103 104 105 106 107 108 109 110 111 112 113 114 115 116 117 118 119 120 121 122 123 124 125 126 127 128 129 130 131 132 133 134 135 136 137","3.8208455939494 4.7989722357191 7.331722189765 8.3357922750778 5.9642181460411 5.8216719375947 3.332005335441 3.1412255969518 0.973 2.2971930631668 6.1045641775865 0.973 1.2214327973176 0.973 0.973 0.973 0.973 2.3575639274883 3.6943138444316 3.7138421930666 6.5211960851326 5.3239959036406 8.2179459755639 6.2792715016179 3.0667286703664 3.9189736185575 2.5699384429806 0.973 0.973 4.4532602223421 0.973 3.1885554055639 2.2071629153533 0.973 1.313289220362 2.506242848507 0.973 2.6421523857056 4.4004732926663 0.973 2.7026886800111 5.0717783147329 1.083464707936 0.973 0.973 1.35605884879 5.4053068863127 1.2890932483249 0.973 5.6361907392179 0.973 0.973 1.987476170597 1.8722393960795 0.973 0.973 0.973 5.0733980369493 4.1680659438497 7.5857712939256 6.5695375455177 8.5542994463722 3.950845571592 3.1717387530343 0.973 0.973 7.4151819710073 5.7401521028253 10.371178624577 1.2709009656552 3.9018608031084 0.973 0.973 0.973 5.5180284876692 5.6182436998392 9.0607000857218 1.407409564839 1.7551251680056 1.9921888367256 0.973 0.973 0.973 4.1768403559356 4.673622822948 8.1353139113705 9.1626438233481 4.006901905209 2.6659115533443 3.1281898568168 0.973 0.973 5.048186795438 8.0020300199529 6.1469662799584 5.6090201533319 0.973 4.4205631012229 0.973 0.973 0.973 4.668033134792 4.6003111865686 6.7403452614863 9.339164443986 8.7752275034858 0.973 1.8846712140177 0.973 0.973 5.6324769504099 8.7787984627828 8.9453595462618 4.121976839509 0.973 2.6184717036412 0.973 0.973 0.973 3.9457306176576 5.0555282793914 5.8490383557409 6.4417531801138 7.7940404639569 2.630873591493 3.0053958919007 4.0463284387472 1.8123632756907 2.4410567516947 0.973 4.1086308300882 2.1129060885732 1.6849969091083 0.973 4.6579204332478"
SAFA-LOW_SIGN-0-20230525-21:57:05-777964,vector,GridFlexeScenario.node[31].veinsmobility,acceleration,,,"3 4 5 6 7 8 9 10 11 12 13 14 15 16 17 18 19 20 21 22 23 24 25 26 27 28 29 30 31 32 33 34 35 36 37 38 39 40 41 42 43 44 45 46 47 48 49 50 51 52 53 54 55 56 57 58 59 60 61 62 63 64 65","2.5623109196546 1.3544627618045 2.1809670126531 1.5985931934323 1.5273410975339 -0.48806445763912 0.44258065535687 0.56973524466157 -0.1777838017093 -0.52347755904775 0.024817116628402 0.83312865362968 -0.66816778210923 -0.14979291264899 -0.30594346907456 0.16564838576596 -3.0510247675151 1.5504331293283 2.0610527287617 -0.15599072361365 0.21861601208802 -0.42654255491216 -0.40453162360936 1.1219543868909 0.12086821785197 -0.41983849497046 -0.48253905416932 0.31204669803847 -0.44508955127094 0.50318822343834 -0.38706288905814 0.44967848542147 -0.16647908543237 -1.8097506057774 -4.5 2.3977003718959 2.2481292981422 1.5094866523822 0.81381745000835 -0.16682595834136 -0.86057788168546 0.44515271722339 0.41335585350171 -4.203824544567 -3.1299070362825 1.7356935746036 2.1112081772881 1.6710514789214 1.2934301112525 0.52048661643639 -0.30052192443982 -0.39103071813006 0.30199057664722 0.010164933884516 -0.23887888470199 -0.35517707469407 -0.075558964069932 0.62945530733559 -0.67829751523677 0.40009611241985 0.44310894790106 -0.19123619699385 0.3188693809323"
SAFA-LOW_SIGN-0-20230525-21:57:05-777964,vector,GridFlexeScenario.node[31].veinsmobility,co2emission,,,"3 4 5 6 7 8 9 10 11 12 13 14 15 16 17 18 19 20 21 22 23 24 25 26 27 28 29 30 31 32 33 34 35 36 37 38 39 40 41 42 43 44 45 46 47 48 49 50 51 52 53 54 55 56 57 58 59 60 61 62 63 64 65","4.3094247154448 3.4337183036189 5.9411428135615 5.5025659015705 6.0164585823001 0.973 3.0139524307436 3.4907887724199 1.3253559171662 0.973 1.8559549137194 4.2963306261872 0.973 1.3811773184784 0.973 2.2240573891092 0.973 5.2749941096669 7.6542873677589 1.3766827521377 2.4523748733974 0.973 0.973 5.1249422206348 2.2227565415899 0.973 0.973 2.6891889318983 0.973 3.2364516966039 0.973 3.0980510262624 1.3471553067923 0.973 0.973 5.9480914180676 7.0467650659654 5.9523828203264 4.2683769598251 1.3692181842789 0.973 3.0679642827598 3.0559123541999 0.973 0.973 4.1514792579896 5.9459621219109 5.8308649219702 5.4064089873212 3.3669810789456 0.973 0.973 2.6694835854347 1.8494711717595 0.973 0.973 1.5641060386747 3.5835221951227 0.973 2.8895397148685 3.0925211502031 1.2797884523901 2.7599430531876"
SAFA-LOW_SIGN-0-20230525-21:57:05-777964,vector,GridFlexeScenario.node[32].veinsmobility,acceleration,,,"3 4 5 6 7 8 9 10 11 12 13 14 15 16 17 18 19 20 21 22 23 24 25 26 27 28 29 30 31 32 33 34 35 36 37 38 39 40 41 42 43 44 45 46 47 48 49 50 51 52 53 54 55 56 57 58 59 60 61 62 63 64 65 66 67 68 69 70 71 72 73 74 75 76 77 78 79 80 81 82 83 84 85 86 87 88 89 90 91 92 93 94 95 96","1.5423454139149 2.3674352996983 1.8312385037309 2.529327815515 2.4557177811861 0.44260089068811 -0.5941953298403 0.70617410996929 -0.84661446930841 0.41262577429879 -0.03676727344282 0.010092271654866 0.35352720897645 0.38709960835986 -1.062419603928 -0.73679869176453 -4.0045509180054 2.108789717569 1.7972740404308 1.2532514410942 0.43517440482974 -0.23914859362412 0.11556086523924 0.19137903554365 -1.7566178003488 -4.5 1.5038079007994 1.355286316108 1.6063156169606 0.86683620486167 0.99974714734126 -0.21214140797965 0.090911229839548 -1.2344445216573 -3.8470656686579 2.215096086869 1.3660793000599 0.82701318454803 0.68615100851748 -1.037193455454 0.70910790602211 0.41363630422857 -1.9569236124694 -4.5 1.9250254438492 2.0685142265167 2.0250678197248 -0.025870472303083 -0.48312880494632 0.69331030680332 -0.13498632565606 -2.179707092677 -3.8110372183844 2.4382543417159 2.1262548605213 1.479138754077 -0.39171679737046 0.059399904892778 0.10825198318344 -0.067246252205223 -1.4632014216286 -3.9635183826089 1.3330999397673 1.8473797041923 1.9529542575125 0.17755031226096 -0.2062506502727 0.20702579608187 0.47412005718797 -0.47847676749807 -0.25832991793286 0.7495576668065 -0.4224511250155 0.25259474311024 -0.35308814190794 -0.3099136590492 0.24193820541259 0.20213160447311 0.35535205511842 -0.78300660096575 1.1965342528187 -1.1909637794131 0.53623617643025 -0.52677545926999 0.87531333134975 -0.93750041357707 1.0425084794872 -0.47099560522474 -0.44127637161873 -0.095744791650214 0.45708943807986 -0.48703100848943 0.75754117378965 0.32994805106427"
SAFA-LOW_SIGN-0-20230525-21:57:05-777964,vector,GridFlexeScenario.node[32].veinsmobility,co2emission,,,"3 4 5 6 7 8 9 10 11 12 13 14 15 16 17 18 19 20 21 22 23 24 25 26 27 28 29 30 31 32 33 34 35 36 37 38 39 40 41 42 43 44 45 46 47 48 49 50 51 52 53 54 55 56 57 58 59 60 61 62 63 64 65 66 67 68 69 70 71 72 73 74 75 76 77 78 79 80 81 82 83 84 85 86 87 88 89 90 91 92 93 94 95 96","2.3887566924949 4.4699831115451 4.6883020042047 7.620802302426 9.1019761525185 3.2596023758489 0.973 4.0935919923217 0.973 3.1065995788156 1.7667901613425 1.9067038116572 2.9885830443487 3.1636354177632 0.973 0.973 0.973 6.3954603365952 6.6103455011194 5.6345109065861 3.2731410013328 1.1767197575494 2.2685069830879 2.5277832933471 0.973 0.973 4.5123813079944 4.7576630605121 6.0803396577404 4.3528122889774 5.069271012781 1.2658947324599 2.2097307901762 0.973 0.973 7.0252260935888 5.5373436261257 4.2968416068111 4.0592695588911 0.973 4.0439401395165 3.2298055662294 0.973 0.973 5.4862867779523 6.9606051670975 8.0112569818201 1.8158335672567 0.973 4.0375771818034 1.4914760509147 0.973 0.973 6.9176566323585 7.4912556578872 6.408573701005 0.973 2.0513126465001 2.2087471558314 1.6789407771517 0.973 0.973 4.2092862685318 6.1862617672679 7.5230036091649 2.391622755372 1.2527575601274 2.4785726724881 3.3630026373765 0.973 0.973 4.2095197171021 0.973 2.6609046442084 0.973 0.973 2.5660797640828 2.4777574327859 2.9957986065252 0.973 5.7244267271375 0.973 3.4951767632349 0.973 4.6172886120059 0.973 5.1687575560594 0.973 0.973 1.5640862756354 3.2383610898917 0.973 4.2060403853565 2.9635384606259"
SAFA-LOW_SIGN-0-20230525-21:57:05-777964,vector,GridFlexeScenario.node[33].veinsmobility,acceleration,,,"3 4 5 6 7 8 9 10 11 12 13 14 15 16 17 18 19 20 21 22 23 24 25 26 27 28 29 30 31 32 33 34 35 36 37 38 39 40 41 42 43 44 45 46 47 48 49 50 51 52 53 54 55 56 57 58 59 60 61 62 63 64 65 66 67 68 69 70 71 72 73 74 75 76 77","1.4645966956159 2.4876354420092 1.6593176549533 2.1443782452494 1.8672998394715 -0.33991446057335 0.27678614696488 -0.8364586787764 0.45905561179388 0.11570794736035 -0.08967874024529 -0.80735621890053 0.98157043193933 -0.095343826524914 -0.49969093862455 0.48867271607742 -1.147437567228 -4.5 1.909713353985 2.311407726421 1.2727058052891 -0.49815715001896 0.61063345014118 0.19920045596082 -0.13520636996254 -0.23048534248955 -0.98872104068406 -4.5 2.1877563935006 1.4744299653452 1.852373908927 -0.018400255055168 -0.42341909604147 0.67954831121024 0.046315629733726 -0.87243938872125 -0.32565872262203 -4.5 1.3827012511436 2.4521564054303 0.97851770564884 0.48509152599145 -0.52255406107288 -0.040273856581189 -0.04114323600661 0.31806977586821 0.47063768389635 0.026356641622261 -0.19291322610807 -0.1637792766327 -0.17541063227691 -0.19110263225157 0.26410768132191 -0.21916770117823 0.10759829583112 0.20967825183179 0.52415035034064 -0.070412717037835 -0.82206608182751 0.061355013842695 0.14665564158931 -0.2311100573279 0.33481679940596 -0.32088445983827 0.71222974706907 0.43070312263444 -0.7271321730921 0.029277347982861 -0.038294007792137 0.29868632105645 -0.34424781701528 0.13277634696569 -0.18798292418942 -0.2678966072388 0.71933871151414"
SAFA-LOW_SIGN-0-20230525-21:57:05-777964,vector,GridFlexeScenario.node[33].veinsmobility,co2emission,,,"3 4 5 6 7 8 9 10 11 12 13 14 15 16 17 18 19 20 21 22 23 24 25 26 27 28 29 30 31 32 33 34 35 36 37 38 39 40 41 42 43 44 45 46 47 48 49 50 51 52 53 54 55 56 57 58 59 60 61 62 63 64 65 66 67 68 69 70 71 72 73 74 75 76 77","2.5119203568517 4.9981939655857 4.5709870606611 6.7199979528944 7.0571106960867 0.973 2.5845194405801 0.973 3.0196616514858 2.1055562082101 1.5397734606336 0.973 4.494480857655 1.5292108898324 0.973 3.1185006683704 0.973 0.973 4.9933835910639 7.1731372099966 5.1931097172208 0.973 3.4410459371818 2.3513078772727 1.421186518085 0.973 0.973 0.973 5.6354875221964 4.9214751225777 6.7348654943109 1.7222935476949 0.973 3.6519993937153 1.9239274560127 0.973 0.973 0.973 3.8449243357356 7.2852834754073 4.2040122413662 3.0493984036386 0.973 1.6171571840997 1.6121567705983 2.5616129657957 3.047247974958 1.8521281258256 1.2527944769792 1.323285918636 1.2861808337718 1.2394499020841 2.4277389242424 0.973 2.010408109169 2.299573261806 3.2312447525371 1.5968474516942 0.973 1.8826776591626 2.1162376745896 0.973 2.6176323032323 0.973 3.6984389980996 3.0206273064899 0.973 1.8338412311273 1.6533101644894 2.5827549349192 0.973 2.1116902512252 1.2572974185477 0.973 3.7291968143959"
SAFA-LOW_SIGN-0-20230525-21:57:05-777964,vector,GridFlexeScenario.node[34].veinsmobility,acceleration,,,"3 4 5 6 7 8 9 10 11 12 13 14 15 16 17 18 19 20 21 22 23 24 25 26 27 28 29 30 31 32 33 34 35 36 37 38 39 40 41 42 43 44 45 46 47 48 49 50 51 52 53 54 55 56 57 58 59 60 61 62","2.4541780449217 1.6834606030956 2.4114399921848 1.8379223906668 1.9512531643453 -0.048572992044502 -0.96276871536393 1.053040487133 -0.51748295279685 0.26723088291474 -0.4246169290971 -0.25622075553983 0.37581002123188 -0.20004907608964 0.71297986852005 -0.47317559288349 -0.019522035261616 -0.095184519467875 0.25737916545477 -0.24302317248657 0.49796881384682 -0.90713462708518 0.040373584139161 -0.013758909166791 1.0967712174403 -0.83810635067057 0.1155456216773 -0.24041660814546 -0.20691881177481 0.87505548808258 -0.96694403691217 0.39899925033096 0.0359934884822 0.13381625348702 -0.033282980555668 -0.33466290940996 0.15574893085286 0.20631751376204 0.52712732397486 -0.73903567604721 0.61965780800674 -0.13230438011233 -0.46661834295373 0.45429300025571 -0.10827238259371 -0.040007476229221 -0.45392271354794 0.24491220491473 0.61583515629172 -0.30425187924411 -0.62089114540722 -0.11585812559351 1.2020788931055 -0.61687989358325 -0.31982946926728 0.81950067710132 -0.55135184130631 0.0065839792834588 -0.50345710150432 0.54939594448079"
SAFA-LOW_SIGN-0-20230525-21:57:05-777964,vector,GridFlexeScenario.node[34].veinsmobility,co2emission,,,"3 4 5 6 7 8 9 10 11 12 13 14 15 16 17 18 19 20 21 22 23 24 25 26 27 28 29 30 31 32 33 34 35 36 37 38 39 40 41 42 43 44 45 46 47 48 49 50 51 52 53 54 55 56 57 58 59 60 61 62","3.8145084421514 3.8074997231609 6.3945130285964 6.1919594953202 7.547991576222 1.7120577114323 0.973 4.9427797601367 0.973 2.6049800926312 0.973 0.973 2.8621849613874 1.2467313652569 3.9365819430265 0.973 1.7598242335335 1.5422284252571 2.5584692643902 0.973 3.2938083871691 0.973 1.8851676250366 1.7385078878312 5.105543580642 0.973 2.1275811575243 0.973 1.2173414344381 4.3631065738362 0.973 2.8890967174705 1.8970170120299 2.1817717034701 1.7141535258113 0.973 2.2169118415111 2.3827564395719 3.3879040951886 0.973 3.628690761546 1.4557385237928 0.973 3.1239826254995 1.516892130533 1.7062745899919 0.973 2.4765647518763 3.6446352238502 0.973 0.973 1.4576909599599 5.4100985193362 0.973 0.973 4.2493283897902 0.973 1.8289648313449 0.973 3.3516170101941"
SAFA-LOW_SIGN-0-20230525-21:57:05-777964,vector,GridFlexeScenario.node[35].veinsmobility,acceleration,,,"3 4 5 6 7 8 9 10 11 12 13 14 15 16 17 18 19 20 21 22 23 24 25 26 27 28 29 30 31 32 33 34 35 36 37 38 39 40 41 42 43 44 45 46 47 48 49 50 51 52","2.3615347760264 1.5864017033251 1.8240947901271 2.0204174152343 2.4700326033402 -0.064389502369414 0.16320235948078 -0.249105588524 -4.5 2.5266649506055 1.7034126528772 0.66257077729363 -0.3898339483887 0.60771913910285 -0.64351867912337 0.31471006902866 -0.022488266912399 -4.5 -4.5 -2.8207153965136 -0.059547645203661 -0.049206721065145 1.7046559911221 1.8934048956726 2.4541756077437 2.153115714388 2.0737677466124 0.89234456424691 0.70228371154517 0.25144271943718 -0.67634211238474 0.47240414321625 -4.1232300006086 2.3720001196489 2.0938926731216 -0.31120431795716 -0.72316754334606 0.59726870458107 -0.027491795737296 -0.68532350060996 -0.017360630147074 -2.8585695199436 2.1821699410211 1.697168087731 0.14581815251149 -1.0505882982863 0.43549157970119 0.055616522859783 0.010472366097382 -0.61546003154945"
SAFA-LOW_SIGN-0-20230525-21:57:05-777964,vector,GridFlexeScenario.node[35].veinsmobility,co2emission,,,"3 4 5 6 7 8 9 10 11 12 13 14 15 16 17 18 19 20 21 22 23 24 25 26 27 28 29 30 31 32 33 34 35 36 37 38 39 40 41 42 43 44 45 46 47 48 49 50 51 52","3.5394022677047 3.4989215941313 4.7255798481139 6.1931459646432 8.8736946526502 1.6452391391675 2.3110497353831 0.973 0.973 7.5711116347416 6.4801002880859 3.7818635333175 0.973 3.6736942126822 0.973 2.7518371228048 1.7781870061181 0.973 0.973 0.973 1.1118861542662 1.1102346444078 1.8959665299757 2.9329841103313 5.0062643033788 5.8184035661304 6.847198753739 4.1821087419422 3.8487259286285 2.5953218147431 0.973 3.2001169695198 0.973 7.5156707149701 8.0645592955354 0.973 0.973 3.5372057521768 1.753295201869 0.973 1.7256041827077 0.973 7.2011244007451 6.818348303916 2.3037084047001 0.973 3.0416436291881 1.9802004654749 1.8537265506775 0.973"
SAFA-LOW_SIGN-0-20230525-21:57:05-777964,vector,GridFlexeScenario.node[36].veinsmobility,acceleration,,,"3 4 5 6 7 8 9 10 11 12 13 14 15 16 17 18 19 20 21 22 23 24 25 26 27 28 29 30 31 32 33 34 35 36 37 38 39 40 41 42 43 44 45 46 47 48 49 50 51 52 53 54 55 56 57 58 59 60 61 62 63 64 65 66 67 68 69 70 71 72 73 74 75 76 77 78 79 80 81 82 83 84 85 86 87","2.5662959037116 1.8854387812782 2.0340808888432 2.0535218579695 2.1705647335853 1.00026910076 -0.53900903458707 0.41550118098967 0.013026867085136 0.33264308962971 -0.66111010494642 0.069151467713526 0.028892279602587 -0.4929631464649 0.51270182300359 0.052386204083449 0.0030282040126632 0.13034860859625 -0.70986183094792 0.65672308155336 0.17408814658411 -0.97898871549405 0.74342222181149 -0.012634247145616 -0.11898301008623 0.15254156428855 -0.013892067107372 0.22033739439212 -0.67129046006594 -0.27814959341195 1.2307259018533 -1.097111511603 0.66707386539783 -0.057199338637293 -0.067778553138487 -0.69634919783566 -0.50388967678438 -4.1802900801787 -4.1321377823944 1.5649926036596 1.8090113573242 1.9023817824433 1.9625977421412 1.3320558720035 0.82018072819148 -0.42567750925664 0.89427347872406 -4.5 -4.5 1.7994414923014 2.0551424052101 1.3277961542364 1.5588160217507 1.7974568237318 -0.20592266912572 -0.054279053304345 -0.84643672145464 -4.0087797454791 -3.538424645339 1.9014148032991 1.8923211365938 2.5061706359731 2.2680584041867 0.33350078663147 -0.76220327867195 1.1715836150339 -3.3490077963453 -3.5085678461241 2.4877173883375 2.2509714382002 1.5902625116408 0.027420650841668 -0.68394223479554 -0.046612634323537 0.70635062861256 -4.3011265066003 -4.5 1.9979064625921 1.4004748178879 1.9126631693682 1.6992013765965 2.2673423124494 -0.93656088567804 0.052630711882376 0.35222190429922"
SAFA-LOW_SIGN-0-20230525-21:57:05-777964,vector,GridFlexeScenario.node[36].veinsmobility,co2emission,,,"3 4 5 6 7 8 9 10 11 12 13 14 15 16 17 18 19 20 21 22 23 24 25 26 27 28 29 30 31 32 33 34 35 36 37 38 39 40 41 42 43 44 45 46 47 48 49 50 51 52 53 54 55 56 57 58 59 60 61 62 63 64 65 66 67 68 69 70 71 72 73 74 75 76 77 78 79 80 81 82 83 84 85 86 87","4.1855568409036 4.3947245266368 5.7542111876211 6.9615305362215 8.5818863316035 5.3258281215516 0.973 3.3642539224166 2.0445164443482 3.1548933040598 0.973 2.1989801557579 2.0722535903106 0.973 3.6393317379019 2.156138569451 1.9961551726406 2.4267139235078 0.973 4.1392805097806 2.5873301377108 0.973 4.4054052183214 1.9455777753222 1.5917984786575 2.4867568665953 1.9433660984871 2.7390950830509 0.973 0.973 6.1921206583534 0.973 4.1775496475782 1.8036849330583 1.763651594 0.973 0.973 0.973 0.973 3.4647940132895 4.6848419788553 5.8493854459301 7.0626830740706 5.9084617349467 4.6053894837436 0.973 4.9908126761856 0.973 0.973 4.3139673767991 5.8706017513169 4.8754751610792 6.1417973652557 7.7477172598034 1.300745294375 1.7759918659412 0.973 0.973 0.973 4.4691556780273 5.4388766429565 8.3929618623243 9.2045692375871 3.0880013174041 0.973 5.9878464907545 0.973 0.973 7.4238485884977 8.2769713786059 7.1437397974631 2.0765391970832 0.973 1.7739625342705 4.2770664176176 0.973 0.973 4.6659649130058 4.2682173339919 6.2805078364514 6.600475442633 9.6504913080486 0.973 2.111114595689 3.1178281890601"
SAFA-LOW_SIGN-0-20230525-21:57:05-777964,vector,GridFlexeScenario.node[37].veinsmobility,acceleration,,,"3 4 5 6 7 8 9 10 11 12 13 14 15 16 17 18 19 20 21 22 23 24 25 26 27 28 29 30 31 32 33 34 35 36 37 38 39 40 41 42 43 44 45 46 47 48 49 50 51 52 53 54 55 56 57 58 59 60 61 62 63 64 65 66 67 68 69 70 71 72 73 74 75 76 77 78 79 80 81 82 83 84 85","2.419006142416 1.9966723748483 1.91868874582 2.3493664612062 1.5840872908303 0.22675774737727 0.35388939930126 -0.40353552151937 -0.30952287092805 0.92405427922495 -0.51444304415491 -0.46546835389454 1.0565015236149 -1.0500587323681 -0.048940339428373 0.084801948792302 -0.0076964284759029 0.024639545264655 0.29663275035564 0.0084272471256561 0.32997752844822 0.45285553163849 -0.18623174880631 -0.21328583559953 -0.75540053935256 0.87829785593785 -0.32246915011201 -0.0540276450105 0.58788000040222 -0.56934407001827 0.10522626780439 -0.33280068805907 -0.23007837734185 0.23104144313838 0.34589552432299 -0.042120573157444 -0.38939313031733 0.5068359549623 0.31831795880571 -0.038460669061168 -0.39398049900774 -0.37312748485711 0.30350724719465 0.29405571878888 -0.7566874952754 0.070708076260052 -0.081485899887047 0.61865066022146 -0.58786860783584 0.55869975818369 0.23481093729332 -0.54177772726398 0.47007718198001 -0.10210022223182 -0.51823337238748 0.97027112061624 -1.176154254307 0.49052081075497 -0.17255996058229 -0.19680008802097 0.034140117187054 0.44163572522812 0.4498421053635 -0.63419169560075 -0.089641394396313 0.55851627970114 -0.27366069555283 -0.18175925498362 -0.020749090844767 0.60040879782755 0.12448692449834 -0.61307028222363 -0.052346525480971 0.25584485775325 -0.52178147381637 -0.29803663513158 0.05274723393377 1.1360355898505 -0.20589402320329 -0.085314110014586 0.39602148064878 -1.0175702715525 0.2828672954347"
SAFA-LOW_SIGN-0-20230525-21:57:05-777964,vector,GridFlexeScenario.node[37].veinsmobility,co2emission,,,"3 4 5 6 7 8 9 10 11 12 13 14 15 16 17 18 19 20 21 22 23 24 25 26 27 28 29 30 31 32 33 34 35 36 37 38 39 40 41 42 43 44 45 46 47 48 49 50 51 52 53 54 55 56 57 58 59 60 61 62 63 64 65 66 67 68 69 70 71 72 73 74 75 76 77 78 79 80 81 82 83 84 85","3.5080919087954 4.1922099697649 5.0875702188336 7.3826493462075 6.260937777186 2.4853229463833 2.910385393692 0.973 0.973 4.6556689925728 0.973 0.973 5.0789800535464 0.973 1.6630082953017 2.0396546804442 1.7827903229528 1.8745406099806 2.675779063255 1.8564027474151 2.8273557126219 3.2775255480812 1.3283533397193 1.2391454758638 0.973 4.4855058891598 0.973 1.6881954352924 3.6722586331488 0.973 2.1607290931071 0.973 1.1677893694087 2.4791770677236 2.8631934810953 1.7299351298417 0.973 3.3477748027127 2.848524353815 1.7725368334883 0.973 0.973 2.722244280369 2.741967135901 0.973 2.0097276092742 1.5795307947391 3.6662537667279 0.973 3.4846173557359 2.5751267255834 0.973 3.25941819805 1.5629860110256 0.973 4.8503275274695 0.973 3.2503242384967 1.3378564404664 1.2616782858166 1.9076640646708 3.1305940731168 3.2435549828881 0.973 1.572905737399 3.5330151167546 0.973 1.3164653175868 1.7747429302447 3.6865342913462 2.2755402059502 0.973 1.6890706315848 2.6107658747695 0.973 0.973 1.9399379513897 5.3221935763211 1.2654033882979 1.6172602624298 3.1093980082622 0.973 2.6490636896137"
SAFA-LOW_SIGN-0-20230525-21:57:05-777964,vector,GridFlexeScenario.node[38].veinsmobility,acceleration,,,"3 4 5 6 7 8 9 10 11 12 13 14 15 16 17 18 19 20 21 22 23 24 25 26 27 28 29 30 31 32 33 34 35 36 37 38 39 40 41 42 43 44 45 46 47 48 49 50 51 52 53 54","1.3331719839247 1.6526449820027 2.1430918511003 1.680113321566 1.5605140247615 1.2022254977382 0.30025091762655 -1.5393013083461 -3.4438837130554 2.2672098373296 1.7380377209745 1.4713694787903 -0.34243683179375 -0.78922782815062 1.1011459051166 -0.8599734445801 -0.17813955009915 0.50110926092602 -0.4241987563204 0.52240704856813 0.092245297273621 -0.10336375739426 0.45416638141032 -0.30819881462958 -0.70076053186786 0.99836743911728 -1.1105601669755 0.065339990938083 0.99949173186906 -0.87482870006934 0.51509255059063 -0.06557800322771 -0.7036677768454 -0.0045146250398833 0.61231059336569 0.29871924535837 -0.030974542838521 -0.86955180491786 0.063948540552518 0.44855133173987 -0.19181573232636 -3.6394577901608 -3.4197697390919 1.9698545441963 1.7825757208047 1.861542067118 1.1724226018328 1.1109287468717 -0.020921209733935 -0.36544591251295 -0.53288978538476 -0.11941200487781"
SAFA-LOW_SIGN-0-20230525-21:57:05-777964,vector,GridFlexeScenario.node[38].veinsmobility,co2emission,,,"3 4 5 6 7 8 9 10 11 12 13 14 15 16 17 18 19 20 21 22 23 24 25 26 27 28 29 30 31 32 33 34 35 36 37 38 39 40 41 42 43 44 45 46 47 48 49 50 51 52 53 54","2.5139350231254 3.5532000390671 5.4316470408707 5.380204265048 5.8191169451626 5.3345036626747 2.769270950451 0.973 0.973 6.9055247904811 6.5449962830207 6.4681141622445 0.973 0.973 5.3134930333397 0.973 1.3222020603539 3.3502382567241 0.973 3.4343359976322 2.1645977882312 1.5713060604912 3.3205200092929 0.973 0.973 4.9946360845465 0.973 2.0102586231262 4.9828154669672 0.973 3.4183638272464 1.6816085679068 0.973 1.8013109773122 3.6699415457541 2.7954222317259 1.7985944808753 0.973 2.0002708924332 3.1702708182412 1.2909864442797 0.973 0.973 4.7186625277989 5.2912550277463 6.4276364320401 5.1135660205924 5.3377603126805 1.8522621367063 0.973 0.973 1.4875226955534"
SAFA-LOW_SIGN-0-20230525-21:57:05-777964,vector,GridFlexeScenario.node[39].veinsmobility,acceleration,,,"3 4 5 6 7 8 9 10 11 12 13 14 15 16 17 18 19 20 21 22 23 24 25 26 27 28 29 30 31 32 33 34 35 36 37 38 39 40 41 42 43 44 45 46 47 48 49 50","1.3640713949688 1.6484078801703 1.8217439678498 2.397175769927 2.397207119083 0.40354737060887 -1.0505202988395 0.34457947844639 -4.1746344399936 -2.7386035434115 1.3391171988798 2.1753469938878 2.4547363336431 1.4006182621908 -0.86805016030558 0.8495279643219 -0.58971488492098 0.21695819557644 -0.56363065454643 1.006062491308 0.040046936296857 0.046593722281978 -0.48583114475477 0.44343538386747 -0.50891759649385 0.27530074263923 -0.41670338443946 -2.2322225520361 -4.5 2.1740056167357 2.1833249288378 1.4963791090995 0.95156087672544 -0.45616149615962 0.76191462925635 -0.73984457822517 0.66134869686794 -1.99370080822 -4.3602650764282 1.5619601772632 1.7295040416298 2.1699089774163 0.97685508308089 -0.015601529274136 0.4251077544177 -0.79091230621561 0.5020402735332 -0.49942316776142"
SAFA-LOW_SIGN-0-20230525-21:57:05-777964,vector,GridFlexeScenario.node[39].veinsmobility,co2emission,,,"3 4 5 6 7 8 9 10 11 12 13 14 15 16 17 18 19 20 21 22 23 24 25 26 27 28 29 30 31 32 33 34 35 36 37 38 39 40 41 42 43 44 45 46 47 48 49 50","2.4247111969187 3.4059163417038 4.5262686433835 7.0346525616323 8.609461222601 3.042570125329 0.973 2.7500785876246 0.973 0.973 3.3044321227633 5.7612168596255 7.9320015960771 5.8548159488263 0.973 4.2694788135365 0.973 2.4071891642504 0.973 4.7405451216022 1.9630645334062 1.9866110277165 0.973 3.1292273427937 0.973 2.607435977982 0.973 0.973 0.973 5.0197499391114 6.3268912071095 5.4935539087632 4.4155138176241 0.973 3.9760690995776 0.973 3.6727584539389 0.973 0.973 4.0483781265199 5.1578863383807 7.3642383392396 4.5850161539693 1.7791907225281 3.1037221809529 0.973 3.2683177849394 0.973"
SAFA-LOW_SIGN-0-20230525-21:57:05-777964,vector,GridFlexeScenario.node[40].veinsmobility,acceleration,,,"3 4 5 6 7 8 9 10 11 12 13 14 15 16 17 18 19 20 21 22 23 24 25 26 27 28 29 30 31 32 33 34 35 36 37 38 39 40 41 42 43 44 45 46 47 48 49 50 51 52 53 54 55 56 57 58 59 60 61 62 63 64 65 66 67 68","1.3036597494269 1.6635781639256 1.3876754304394 2.5998513045954 2.433438217896 2.2069676619256 0.38069318382792 -2.9591124336313 -4.5 2.4799598257989 1.531012468203 1.9665597700514 1.4904332697159 1.1638586687782 -0.026940466836095 0.17012820807286 -0.20762225696817 0.88834218310658 -0.078237937903031 -0.19235229650512 -0.30006772095803 -0.061541884741745 -0.27205727333203 0.67912588336039 0.41652202866971 -0.52982028040569 0.58486307938583 -0.91314231727738 -2.9496593915054 -4.5 -4.5 -3.0998129262001 2.0253044708632 1.6272062411997 2.0840537242824 2.3617666245438 1.9125066790497 1.3327226929367 2.0756439393619 1.234870232048 -1.8192164959986 -4.5 -3.2541467804703 2.3132396825124 1.5896660947707 1.8764349765843 2.060231354041 2.4944521288155 -0.98636874864321 -0.63207399156279 -4.5 -4.5 1.4815205401741 1.3127084472915 1.4115459870081 1.534184344043 1.9850660084514 2.0628387846518 0.64110436019187 -0.16018210777547 -0.028650084882974 0.34459048388526 0.16638863440603 0.37740512308665 -1.0383631153731 0.96333420514129"
SAFA-LOW_SIGN-0-20230525-21:57:05-777964,vector,GridFlexeScenario.node[40].veinsmobility,co2emission,,,"3 4 5 6 7 8 9 10 11 12 13 14 15 16 17 18 19 20 21 22 23 24 25 26 27 28 29 30 31 32 33 34 35 36 37 38 39 40 41 42 43 44 45 46 47 48 49 50 51 52 53 54 55 56 57 58 59 60 61 62 63 64 65 66 67 68","2.3318018476891 3.3788120492087 3.5883409052403 7.2593925959882 8.5133369672326 9.2654963635452 3.3298657977019 0.973 0.973 7.0270251873979 5.6360352471686 7.8471908911327 7.0872416948439 6.4336441369336 2.0668105692171 2.8139077205502 1.4035084463529 5.6957918590843 1.9537443219399 1.5012716699884 1.0791182665507 1.9616985702659 1.167636112502 4.8240069694153 3.9152401890186 0.973 4.5878009304584 0.973 0.973 0.973 0.973 0.973 2.3659345681551 2.862680317038 4.4613769986156 6.3590950931165 6.4687038538888 5.5630294527878 8.8816273696293 6.5964776136574 0.973 0.973 0.973 5.8213556737627 5.1948501647568 6.831153815091 8.5336831679887 11.683874856253 0.973 0.973 0.973 0.973 3.8081048186354 4.0377011143513 4.8033340063842 5.7632521833023 8.0650434331146 9.5407950363051 4.6072002783987 1.5942264496923 2.0786779784034 3.5277320093495 2.8798549669591 3.7659736070313 0.973 6.0325668355048"
SAFA-LOW_SIGN-0-20230525-21:57:05-777964,vector,GridFlexeScenario.node[41].veinsmobility,acceleration,,,"3 4 5 6 7 8 9 10 11 12 13 14 15 16 17 18 19 20 21 22 23 24 25 26 27 28 29 30 31 32 33 34 35 36 37 38 39 40 41 42 43 44 45 46 47 48 49 50 51 52 53 54","2.2041026292834 1.8855918606976 1.7270764273591 2.2341185115278 0.49245487067827 0.4457036151085 -1.1439517272636 0.66661782586016 -0.61122239336837 0.57438236658927 -0.01048579781782 -0.23534964749124 0.38907425166108 0.2965850189561 -0.62396904975176 0.39298220369965 -0.78655070005916 0.27988593203481 -0.0074133628979336 0.27794536533766 -0.35140588188078 -0.26868159377482 0.93725279180799 0.17122148098424 -0.37976303079631 -0.26115077082068 0.73242963412777 -0.14699877488892 -0.2115704899421 -0.62647085325718 -4.5 2.0209663466085 2.1000355886295 0.54022953536753 -0.16257359932643 0.35299035513308 0.25050439711195 0.12318941594567 -0.37881389856338 -0.55566969509237 1.2485892661382 -0.18921303986572 -0.019960289937444 -0.030029987427406 0.054473208799028 -0.9870815328788 0.54845692720264 -0.25863193974365 -0.10895181619562 -0.2464729574509 1.0361155738123 -0.38393441750668"
SAFA-LOW_SIGN-0-20230525-21:57:05-777964,vector,GridFlexeScenario.node[41].veinsmobility,co2emission,,,"3 4 5 6 7 8 9 10 11 12 13 14 15 16 17 18 19 20 21 22 23 24 25 26 27 28 29 30 31 32 33 34 35 36 37 38 39 40 41 42 43 44 45 46 47 48 49 50 51 52 53 54","3.1526784048719 3.840984155875 4.4556280731115 6.6800760107389 2.8439406696909 2.8148037936887 0.973 3.2502411451474 0.973 3.0239626652835 1.6433915926422 0.973 2.6109869843379 2.4334542865915 0.973 2.6315239942753 0.973 2.2870626499884 1.6293618194156 2.3207442130066 0.973 0.973 3.9674287746211 2.1269314721455 0.973 0.973 3.5365470481207 1.3385109624603 0.973 0.973 0.973 4.8216335753064 6.1536360315173 2.8879930525755 1.2703985946104 2.4887601487887 2.2828932411923 1.9903539194463 0.973 0.973 4.8436231163033 1.2351769137162 1.6500758911206 1.6232616816592 1.8350198239198 0.973 2.9594183848257 0.973 1.3936083185725 0.973 4.2453867015993 0.973"
SAFA-LOW_SIGN-0-20230525-21:57:05-777964,vector,GridFlexeScenario.node[42].veinsmobility,acceleration,,,"3 4 5 6 7 8 9 10 11 12 13 14 15 16 17 18 19 20 21 22 23 24 25 26 27 28 29 30 31 32 33 34 35 36 37 38 39 40 41 42 43 44 45 46 47 48 49 50 51 52 53 54 55 56 57 58 59","1.8704847994959 2.0086619690293 2.1421726130415 1.8383931982564 1.9035253319889 -0.32162631642805 0.73178831033874 -0.27798792151734 -3.1465587622299 -3.8467973277891 2.5380749132019 1.8354299662868 1.4463647838216 0.62835135925888 -0.073708114400507 0.08174600841012 -0.078971386840568 0.17737261720467 -0.029132920709362 1.0430651794848 -1.0278082684148 0.41737533791456 -0.48509252998047 0.90578963048756 -0.8715106994845 0.13272580881603 0.10924501034897 -2.7805700747476 -3.3134874025709 2.2659410497639 2.5096233875025 2.0673015621554 -0.96735943199601 0.95940798607189 -0.71673350771889 0.12745342056733 -0.39030752428807 -1.167142064028 -4.5 1.4548490016488 1.3722257165937 2.2276340794051 0.99479964282044 0.23295001778752 0.45473463525996 -0.60778218246996 -0.44273576817941 -0.72890938360658 -3.4582738431636 1.3400294647086 2.5151275452692 1.0429263760889 -0.18232956463471 0.40550771099515 0.025561121525243 -0.11075495050754 0.070937185222283"
SAFA-LOW_SIGN-0-20230525-21:57:05-777964,vector,GridFlexeScenario.node[42].veinsmobility,co2emission,,,"3 4 5 6 7 8 9 10 11 12 13 14 15 16 17 18 19 20 21 22 23 24 25 26 27 28 29 30 31 32 33 34 35 36 37 38 39 40 41 42 43 44 45 46 47 48 49 50 51 52 53 54 55 56 57 58 59","2.7951674848699 3.9874891749311 5.3947339232482 5.78376426672 6.9519826265961 0.973 3.8786320083428 0.973 0.973 0.973 5.7203385065315 5.4771946389347 5.2645875412311 3.3943538389924 1.5540040036966 1.9659219651488 1.5405056724569 2.2283449196325 1.6809183967337 4.8548680490365 0.973 2.9360253792648 0.973 4.4008734953923 0.973 2.1201748988601 2.0695665184857 0.973 0.973 5.498322720471 7.6188276699402 7.7682621025737 0.973 4.5885283686293 0.973 2.1357607954361 0.973 0.973 0.973 3.8100084499261 4.2174075725374 7.2371950073227 4.4957152384308 2.4547298830071 3.1600513643774 0.973 0.973 0.973 0.973 4.1596203375305 8.1561624166597 4.7436769372229 1.2983008810625 2.9963158253293 1.9122076575884 1.5148710154273 2.0380882804313"
SAFA-LOW_SIGN-0-20230525-21:57:05-777964,vector,GridFlexeScenario.node[43].veinsmobility,acceleration,,,"3 4 5 6 7 8 9 10 11 12 13 14 15 16 17 18 19 20 21 22 23 24 25 26 27 28 29 30 31 32 33 34 35","2.0496117572067 2.0565801601624 2.0179082883755 2.4680079158628 0.64202040940796 0.54804935185239 -0.089429757627657 -0.5215864774771 0.07585895974189 -0.13998638377525 0.83282208223827 0.070988026959823 -1.0386442126241 0.80072976546362 -0.83861589008011 0.98370102224872 -0.45582728949375 -0.084083967399785 0.04859585829545 0.54345306681935 -0.24994320538826 -0.3212759553222 0.12418260897975 0.4239672646625 -0.091088410443625 0.3579340252094 -0.42636894017924 -0.36830830639228 0.62683055829257 -0.32166606029496 -0.22878011148423 0.7015537727857 -0.44993882852141"
SAFA-LOW_SIGN-0-20230525-21:57:05-777964,vector,GridFlexeScenario.node[43].veinsmobility,co2emission,,,"3 4 5 6 7 8 9 10 11 12 13 14 15 16 17 18 19 20 21 22 23 24 25 26 27 28 29 30 31 32 33 34 35","3.5008607506778 4.6437312074638 5.6936042695403 8.2640897806095 3.6037186753113 3.46164357083 1.5924323209918 0.973 2.0250735750975 1.4148638995774 4.3397345402889 2.0917426095907 0.973 4.1975633841413 0.973 4.7793092242859 0.973 1.5868297163784 1.9664741181254 3.489678555051 0.973 0.973 2.1921915857808 3.1305979637694 1.5985573063471 2.9822840087582 0.973 0.973 3.7554937710575 0.973 1.1817180460384 4.0179921075742 0.973"
SAFA-LOW_SIGN-0-20230525-21:57:05-777964,vector,GridFlexeScenario.node[44].veinsmobility,acceleration,,,"3 4 5 6 7 8 9 10 11 12 13 14 15 16 17 18 19 20 21 22 23 24 25 26 27 28 29 30 31 32 33 34 35 36 37 38 39 40 41 42 43 44 45 46 47 48 49 50 51 52 53 54 55 56 57 58 59 60 61 62 63 64 65 66 67 68 69 70 71 72 73 74 75 76 77","1.7105175084434 1.4074581356952 2.3335857372964 1.3134077784605 1.66553854011 2.486195131531 1.3202251809128 -3.8820362704573 -4.5 2.3628269135253 1.6614015971543 1.5178245727206 1.3798814715585 2.3239591546124 0.69938169821177 -0.2353600630071 -0.0020534057402983 -0.27733172555454 -0.47992262972985 0.32173682956491 0.28810274403077 0.14180305059999 0.13907394451089 -0.16024854327552 0.24789357860573 -0.2668076623464 -0.85626129521988 0.5963269301923 0.36527577617671 0.13400017144158 -0.56639452734962 0.56970445516054 -0.77028752628248 0.7271523936186 -0.81210168211255 0.077933879662304 0.75370209412649 -0.86933329519816 -0.14605040207971 0.11380950340536 0.95379532848019 -0.26417385137174 -0.12039112935308 0.050358632067217 0.23633704450913 -0.8653882660903 0.47507466217503 0.075661028316246 -0.17280608499423 -0.085382217215374 -0.043450022907928 -0.43879398077261 0.36408428759314 0.60422750501893 -0.97716407577973 0.66717410085257 -0.35385936044622 0.35256813219748 -0.44517058744095 0.46904157320969 -0.12103868168779 -0.27421444407664 -0.19081102837808 -0.20910393137019 0.14126295293681 0.23701496894937 -3.1306473970187 -4.3483587307041 2.4588298490038 1.5571782717016 1.6426713684108 1.6781287225196 0.46873150552926 -0.12795425641816 -0.045520151406526"
SAFA-LOW_SIGN-0-20230525-21:57:05-777964,vector,GridFlexeScenario.node[44].veinsmobility,co2emission,,,"3 4 5 6 7 8 9 10 11 12 13 14 15 16 17 18 19 20 21 22 23 24 25 26 27 28 29 30 31 32 33 34 35 36 37 38 39 40 41 42 43 44 45 46 47 48 49 50 51 52 53 54 55 56 57 58 59 60 61 62 63 64 65 66 67 68 69 70 71 72 73 74 75 76 77","2.9462154245009 3.2097930893278 5.8641536911943 4.4717140303888 6.0318761286116 9.8552717159022 6.7052585363786 0.973 0.973 6.4057095656157 5.7572465543422 6.084769757872 6.2809402168602 10.792062578089 4.975676765281 1.3421442425438 2.2319387656267 1.1681628641555 0.973 3.3828073477315 3.3112181268392 2.7798096689274 2.7905069896351 1.626408636079 3.2247721200784 1.2196365106793 0.973 4.4349080656306 3.6453544386577 2.7801015985047 0.973 4.4632250965185 0.973 5.0585629478799 0.973 2.4593132644952 5.1666926229917 0.973 1.6162960114541 2.5705148305026 5.956523422109 1.2300345039714 1.7665698388376 2.4178088914609 3.163621121063 0.973 3.9912191945128 2.5031174770091 1.5538392331314 1.8717352443294 2.0226998718851 0.973 3.514195482081 4.5553063120856 0.973 4.7100201763237 0.973 3.5301358246592 0.973 3.9722741179421 1.7461488307463 1.1624964492273 1.4552575975809 1.3767534847278 2.6454942104298 3.0297922445333 0.973 0.973 7.7067145378239 6.2135649102875 7.2556861392849 8.2230041617162 3.9505001152133 1.7122873623611 2.0128233176681"
SAFA-LOW_SIGN-0-20230525-21:57:05-777964,vector,GridFlexeScenario.node[45].veinsmobility,acceleration,,,"3 4 5 6 7 8 9 10 11 12 13 14 15 16 17 18 19 20 21 22 23 24 25 26 27 28 29 30 31 32 33 34 35 36 37 38 39 40 41 42 43 44 45 46 47 48 49 50 51 52 53 54","2.5282658430282 1.4680480054813 1.5192738080164 2.3312650997657 2.1271420360077 -0.58714711433616 -0.079084321227857 -1.6700724306069 -3.6643655238673 1.8047329799505 2.0457452738192 2.4220078368206 0.048861617177648 -0.89451719834469 -0.012607147917151 1.1042630213313 -2.0480685346956 -2.7723888647975 1.5125712787267 2.0847704734653 0.87804464615984 0.34095593437087 -0.74004282928072 -0.33469953306485 0.11052838859614 -0.63902096001619 -4.1034022127045 1.7820773049092 1.1456423993003 1.5130233705673 -0.88727124846845 0.44184276224066 0.49987246606001 -0.23306325361309 0.33668349670594 0.55166992582153 -0.27786349011533 0.56115756384097 0.171933301026 -0.97607895524707 0.87047790503129 -0.29301064189058 -0.060189380473457 0.2763331142487 -0.55907003034372 0.60311471440364 -0.86799216473009 0.58781431342941 -0.43617589946371 0.044728328241035 -0.23848974648863 0.72814325874206"
SAFA-LOW_SIGN-0-20230525-21:57:05-777964,vector,GridFlexeScenario.node[45].veinsmobility,co2emission,,,"3 4 5 6 7 8 9 10 11 12 13 14 15 16 17 18 19 20 21 22 23 24 25 26 27 28 29 30 31 32 33 34 35 36 37 38 39 40 41 42 43 44 45 46 47 48 49 50 51 52 53 54","4.3028099185033 3.6691382405569 4.3976852105104 7.4041350085593 8.1719458698028 0.973 1.5939652984551 0.973 0.973 5.0675766908987 6.6920088794963 9.228375322102 2.0516224213551 0.973 1.7867281830793 5.3287938667578 0.973 0.973 5.1084728919001 7.630265952555 4.5258560700532 2.9728281711197 0.973 0.973 2.1492970800506 0.973 0.973 5.414120664637 4.452885502237 6.0135340941391 0.973 2.9514708332302 3.2086788043549 0.973 2.7702501932988 3.4978530620387 0.973 3.5898677388731 2.4378660962476 0.973 4.5436664629122 0.973 1.6922626784486 2.7283654466733 0.973 3.7244772818922 0.973 3.6129803333584 0.973 1.9668389796868 0.973 4.0543742659977"
SAFA-LOW_SIGN-0-20230525-21:57:05-777964,vector,GridFlexeScenario.node[46].veinsmobility,acceleration,,,"3 4 5 6 7 8 9 10 11 12 13 14 15 16 17 18 19 20 21 22 23 24 25 26 27 28 29 30 31 32 33 34 35 36 37 38 39 40 41 42 43 44 45 46 47 48 49 50 51 52 53 54 55 56","1.3408971355064 1.470047099865 1.9098876064643 2.0509439486312 2.0403905372834 2.0774973521242 1.978090670798 -1.566567401448 -4.5 1.5362542288844 1.5965377996909 2.536921401252 0.57460725673092 0.72325845414307 -0.26265563655179 0.32424148796126 0.07632706107106 -0.44280301274266 -0.70872551212087 0.76414192304946 -0.71665398040786 0.74574629778508 0.33384124625008 -0.22807904353831 -0.54598864214495 0.83437547753565 -0.006982276588678 -0.20098392334767 -2.9393095459305 -3.7200511149364 -4.5 1.8266929396661 1.9719618899049 1.9041078659706 2.0859503073618 1.9361293462804 0.44936325908451 0.15258514564484 -3.2052210168129 -3.3121202451177 1.594018972246 2.2205611141864 1.9180873884819 1.2872752492463 0.27803837582469 -0.39628769331612 -0.49341254974716 0.59378437718842 -0.026237758365459 0.59380515767261 -1.2419952036813 1.0832615278894 -0.68856625377666 0.45120075191371"
SAFA-LOW_SIGN-0-20230525-21:57:05-777964,vector,GridFlexeScenario.node[46].veinsmobility,co2emission,,,"3 4 5 6 7 8 9 10 11 12 13 14 15 16 17 18 19 20 21 22 23 24 25 26 27 28 29 30 31 32 33 34 35 36 37 38 39 40 41 42 43 44 45 46 47 48 49 50 51 52 53 54 55 56","2.1539691195427 2.838194272006 4.2772652351125 5.6299608719962 6.7594180381623 8.0656192556474 8.9058494281532 0.973 0.973 5.2989061110221 6.1824335335361 10.552345084834 4.1015360160881 4.8266551352739 1.1944941475424 3.373533208029 2.4697626113292 0.973 0.973 4.9029879174214 0.973 4.8450051086948 3.4189690449669 1.3275341896741 0.973 5.2892185665771 2.1643845074471 1.4313637315444 0.973 0.973 0.973 3.9942491016491 5.2577588299011 6.1361448394891 7.7798209584014 8.4375750939156 3.600291195672 2.605266346477 0.973 0.973 5.271025192201 8.061177889011 8.2749763437059 6.7438804047637 3.1767172695525 0.973 0.973 4.2542667583797 2.0324109966319 4.3989789189045 0.973 6.1583201520608 0.973 3.7814574297192"
SAFA-LOW_SIGN-0-20230525-21:57:05-777964,vector,GridFlexeScenario.node[47].veinsmobility,acceleration,,,"3 4 5 6 7 8 9 10 11 12 13 14 15 16 17 18 19 20 21 22 23 24 25 26 27 28 29 30 31 32 33 34 35 36 37 38 39 40 41 42 43 44 45 46 47 48 49 50 51 52 53 54 55 56 57 58 59 60 61 62 63 64 65 66 67 68 69 70 71 72 73 74 75 76 77 78 79 80 81 82 83 84 85 86 87 88 89 90 91 92 93 94 95 96 97 98 99 100 101 102 103","1.4174281513318 1.5295394713292 2.1163175751688 1.3282623495907 1.3868953013094 2.0857595340116 1.4798489393158 0.098647223412991 -4.0548169205046 -3.9311369555886 2.5687852374278 1.5418409219943 2.5865135943983 1.1148021832073 -0.1786376400385 0.003567498666234 0.0043641877127811 -0.42058270505045 -4.5 2.4152555802604 1.0720168409995 1.1747648905752 -0.28065309080027 1.1221017550444 -0.70780138336122 -0.22420164279174 0.6919623605907 0.29856691476889 -0.3539408009965 -0.10266488599591 0.088846910372377 -0.62494151950814 -0.079400754533708 1.0247472281801 -0.39831252426375 -0.41283616039436 0.19572833413258 -0.06526169886347 -0.56489643862005 1.1776975152781 -0.075888278521596 -0.74876274056733 -0.29872878491878 1.1466658667428 -0.55768671145197 -0.041638860921376 0.33713741786778 -0.37303518021945 -0.51243584158365 0.65121749604586 0.13973767326679 -0.27943575177342 0.35455420045182 -0.60005484947469 0.66568122336175 -0.020264132064767 -0.022418824466875 -0.76124655038584 0.76599485999905 -0.885794397071 0.46849112752825 0.67233380533289 -0.45191138787195 -0.34473260235973 0.31417554279324 -0.032038746075704 -0.25098213939928 -0.037579490267671 0.63873195308261 -0.81428736166563 0.54387963048648 -0.26210307483561 -0.50294412879739 0.94453109290916 -0.046356211532839 -0.56332746166736 0.14420944459271 -0.41169090615585 0.57665703068487 0.16249655520078 -0.47172322606202 0.18440795992501 -3.2726526827154 -4.4701039462816 1.7982161943801 1.4463370547164 1.6675414025551 2.0016861882526 0.31098144388043 0.58306957967579 0.37710181397852 -0.69159441178199 0.15119043055456 0.093994571827352 0.75428094600793 -0.51111214244738 -0.079281573137267 -0.50970180484001 0.33282497236505 -0.082133183442057 0.52996306235436"
SAFA-LOW_SIGN-0-20230525-21:57:05-777964,vector,GridFlexeScenario.node[47].veinsmobility,co2emission,,,"3 4 5 6 7 8 9 10 11 12 13 14 15 16 17 18 19 20 21 22 23 24 25 26 27 28 29 30 31 32 33 34 35 36 37 38 39 40 41 42 43 44 45 46 47 48 49 50 51 52 53 54 55 56 57 58 59 60 61 62 63 64 65 66 67 68 69 70 71 72 73 74 75 76 77 78 79 80 81 82 83 84 85 86 87 88 89 90 91 92 93 94 95 96 97 98 99 100 101 102 103","2.2467675941473 2.9688058612387 4.7960659209167 4.0594526108077 4.7296653517325 7.5019348707575 6.5028029692417 2.2414770791517 0.973 0.973 6.1663120812103 4.9823405635521 9.0776758570775 5.3461669838608 1.3593187051353 1.9121777235609 1.9150011102516 0.973 0.973 7.5617403239173 4.6591203143084 5.3696172480302 0.973 5.5191812098605 0.973 1.2085570416979 4.0906133778645 2.9144539009615 0.973 1.6028192533814 2.2027001326012 0.973 1.6300128806587 5.2139323600466 0.973 0.973 2.4926957280423 1.6971367377126 0.973 5.6741420878518 1.7054729343721 0.973 0.973 5.584716394142 0.973 1.77132589711 2.9748675769976 0.973 0.973 3.8910081916263 2.3501639913458 0.973 3.0254388458352 0.973 4.0063134969641 1.867959348232 1.8592654597861 0.973 4.3081802432369 0.973 3.2984182622469 4.0829032989343 0.973 0.973 2.8665373333831 1.8075957257044 1.1335406491189 1.766966986171 3.9354924307556 0.973 3.5779993689675 0.973 0.973 4.8625672354851 1.7814844430764 0.973 2.3178495483524 0.973 3.6503516889413 2.4155829512859 0.973 2.4436211277828 0.973 0.973 4.2738202758154 4.3162228615293 5.5271612599639 7.4277270497042 2.7385397737203 3.6559143820147 3.1035143213984 0.973 2.3313566117471 2.1716244607572 4.3617540768017 0.973 1.6633619918164 0.973 2.886370372675 1.6361211711895 3.5762825709584"
SAFA-LOW_SIGN-0-20230525-21:57:05-777964,vector,GridFlexeScenario.node[48].veinsmobility,acceleration,,,"3 4 5 6 7 8 9 10 11 12 13 14 15 16 17 18 19 20 21 22 23 24 25 26 27 28 29 30 31 32 33 34 35 36 37 38 39 40 41 42 43 44 45 46 47 48 49 50 51 52 53 54 55 56 57 58 59 60 61 62 63 64 65 66 67 68 69 70 71 72 73 74 75 76 77 78 79 80 81 82 83 84 85 86 87 88 89 90 91 92 93 94 95 96 97 98 99 100 101 102 103 104 105 106 107 108 109","1.3368473113747 1.9709820190212 2.2847204888007 1.9095390212955 2.2287924908334 -0.53239651532503 1.0679892955115 -0.087421858287415 -0.85645600340795 -0.23683108640835 0.032893498800695 0.15524382146541 0.84077007367741 -0.6234152988065 -0.29834254244343 -0.14592073010281 1.1635062981863 -0.4061509183608 -0.71324286188465 0.18506035846658 -0.11558548945468 0.48218391234987 -0.20930445918348 -0.39895797267091 0.12794525774662 1.1300056986976 -0.23284955865238 -0.076728120027111 -0.20260337640066 0.1710489428835 -0.53249668327626 0.54368315555621 -0.35064757657237 -0.35479822910857 0.69146844036877 -0.029043091950008 0.057384504238144 0.23026562719606 -0.23620421618689 -0.30087656623218 -0.23315173967276 -0.16186176536139 0.33869748271536 0.082426802255213 0.10155704116914 -0.58019327493384 0.16916877110489 0.15052065940108 0.15476830200222 -4.5 1.9416470047785 1.6967935312539 1.0656303400274 0.25003825169988 -0.35424053303432 -0.568715212401 0.99319565226324 -0.75968691594899 0.78937229239382 -0.24555204859935 -0.12124601888936 -0.48372492138296 0.55400951071642 0.022403667168692 -0.77871389109641 0.38185240186285 0.44221781427041 -0.82027298861649 0.14886615057476 0.96766375750303 -0.45773890425917 0.46222232209984 -0.085709512489849 -0.17985355730634 -0.91650272512343 1.0486714193132 -1.123451960762 0.21515528918244 0.63613331411034 0.28681038678624 -0.77937834870536 0.22642108930741 -0.4657075772062 0.28597204959951 0.40532708528917 0.12005602160934 -0.15822470330168 -0.28388073593378 0.30735245794058 -0.65582123699132 0.22835447038524 0.82718231785111 -0.09087466460187 -0.16720948941074 0.17608803822659 -0.78091819786932 -0.16174061049242 0.66568641674239 0.068414476211181 -0.0065530638676137 -0.85063279445749 0.7973613726208 -0.1149796385318 -0.34838709242176 -0.011434089811518 0.52849698232021 -0.4852201089263"
SAFA-LOW_SIGN-0-20230525-21:57:05-777964,vector,GridFlexeScenario.node[48].veinsmobility,co2emission,,,"3 4 5 6 7 8 9 10 11 12 13 14 15 16 17 18 19 20 21 22 23 24 25 26 27 28 29 30 31 32 33 34 35 36 37 38 39 40 41 42 43 44 45 46 47 48 49 50 51 52 53 54 55 56 57 58 59 60 61 62 63 64 65 66 67 68 69 70 71 72 73 74 75 76 77 78 79 80 81 82 83 84 85 86 87 88 89 90 91 92 93 94 95 96 97 98 99 100 101 102 103 104 105 106 107 108 109","2.5285843628959 4.1558191642787 5.9922625380786 6.2766077904903 8.4255363849546 0.973 5.1965938637945 1.6412916999763 0.973 0.973 1.9055122787465 2.266646524715 4.453821286427 0.973 0.973 1.4021300827093 5.4690842139756 0.973 0.973 2.3513969898937 1.4929325820833 3.2679109128058 1.2399254269168 0.973 2.1762855250153 5.396586846632 1.1933395059788 1.6595011093233 1.2729999061275 2.3994729676027 0.973 3.5182572413539 0.973 0.973 3.9577732614343 1.7973851932792 2.0616509287594 2.6145863542519 1.1801364066234 0.973 1.1715705503026 1.3685182991015 2.8437905507865 2.1059074276707 2.1736311893249 0.973 2.3204877784674 2.2858305227357 2.3176432395251 0.973 6.1538531011639 6.4139079583072 5.0601546658106 2.6657060781926 0.973 0.973 4.9501867344858 0.973 4.3349839339296 1.1530377097224 1.5194050314347 0.973 3.5463002679182 1.9561644496808 0.973 2.9625690734907 3.2248617133654 0.973 2.2574069017243 4.9037980742992 0.973 3.3464466942836 1.6503586028538 1.3531358183171 0.973 5.1089577638155 0.973 2.4366766198552 3.7832320116206 2.786188268007 0.973 2.5212501071434 0.973 2.6669962409629 3.0863302569804 2.2515948821038 1.4068921064734 0.973 2.7922850495159 0.973 2.495866059764 4.4541228065961 1.6298388016293 1.388572529473 2.4445917953576 0.973 1.3668332041602 3.8678439988046 2.0936294898238 1.8681907541468 0.973 4.2630386084038 1.5325841947141 0.973 1.8078439244861 3.4722261689296 0.973"
SAFA-LOW_SIGN-0-20230525-21:57:05-777964,vector,GridFlexeScenario.node[49].veinsmobility,acceleration,,,"3 4 5 6 7 8 9 10 11 12 13 14 15 16 17 18 19 20 21 22 23 24 25 26 27 28 29 30 31 32 33 34 35 36 37 38 39 40 41 42 43 44 45 46 47 48","1.5080662450055 2.4422728469595 1.8598952766275 2.0318194778869 2.5756275866413 2.2170657915477 -0.26943483343348 0.20063784800004 -0.78165381005965 -0.11794368349947 0.053575263964012 0.25489322296344 0.5967257456854 -4.5 -4.5 1.8597280557035 1.4780434534885 2.1697520451853 1.6553734902991 0.84213087328244 0.0074156463146213 -0.37754970067472 -4.1215402139428 -3.3849520963966 2.3746481880546 1.9871205298696 2.2507543020416 2.0528912204774 -0.27399031813257 -0.54429711739067 0.63133584808093 0.08518255869858 -0.85066950134933 0.7358851352008 0.49870800492354 -0.036331189889461 -0.19450720471796 -3.8084624200092 -4.5 1.6858411258319 2.2113017478259 1.9009312174749 1.8287650443614 0.087195687853878 -0.20209603444673 -0.046976341982372"
SAFA-LOW_SIGN-0-20230525-21:57:05-777964,vector,GridFlexeScenario.node[49].veinsmobility,co2emission,,,"3 4 5 6 7 8 9 10 11 12 13 14 15 16 17 18 19 20 21 22 23 24 25 26 27 28 29 30 31 32 33 34 35 36 37 38 39 40 41 42 43 44 45 46 47 48","2.7693578447959 5.2477718365784 5.2929930933429 6.7798383183615 9.9563813245265 10.252252696521 1.165656097971 2.8824708621413 0.973 1.6539539741032 2.2461389505991 2.9789588358146 4.3228206281755 0.973 0.973 5.0975884331998 4.9959981041561 7.8717054265781 7.2463756773553 4.9060813471235 2.0735058403178 0.973 0.973 0.973 6.4941996740758 6.7907955923774 8.8773910937018 9.4900229021496 1.1377137793541 0.973 4.3456840231167 2.4235871800379 0.973 4.7072861033089 3.9842134087194 2.0262445194403 1.4374629394174 0.973 0.973 4.9364029277302 7.3273671779037 7.5729282415293 8.3414128904131 2.3742898016696 1.3639443384624 1.8877869527724"
SAFA-LOW_SIGN-0-20230525-21:57:05-777964,vector,GridFlexeScenario.node[50].veinsmobility,acceleration,,,"3 4 5 6 7 8 9 10 11 12 13 14 15 16 17 18 19 20 21 22 23 24 25 26 27 28 29 30 31 32 33 34 35 36 37 38 39 40 41 42 43 44 45 46 47 48 49 50 51 52 53 54 55 56 57 58 59 60 61 62 63 64 65 66 67 68 69 70 71 72 73 74 75 76 77 78 79 80 81 82 83 84 85 86 87 88 89 90 91 92 93 94 95 96 97 98 99 100 101 102 103 104","1.7301737446804 1.3689486144111 2.3595149683533 1.1322267802504 -0.021085670823231 0.64906875614543 -0.37896629846655 0.4587219278561 -0.28712881959509 -0.3176009199582 0.65289501792286 -0.89806696844753 0.0060992895858369 0.22627560230903 0.14792575882748 0.19373627190944 0.2007331083063 0.23401913109701 -0.1066004197346 0.082483701827005 -0.41630616588518 -3.7156677530022 2.0188599040965 0.99431586124618 1.1436165723018 -0.67840090249665 -0.2805307675153 -0.18785671729129 0.37154209085274 0.038463944057003 0.22870034172665 -0.56808284036815 0.60255505514797 0.15643620325718 -0.28613799563609 0.16099271858111 -0.14261021479033 -0.13400274543092 -0.29117254381999 0.18445074826013 0.525350092398 -0.56709706420079 0.22460266966373 0.33283971317578 -0.15302814815659 0.3474900535075 -0.471371281147 0.52113490973134 -0.53833247160073 0.52493310733698 -0.42222204299178 0.037377797742375 -0.68477801585104 0.23000174213666 0.69882899047807 0.27112477426417 -0.017691555642521 -0.35604946457315 0.036707497807221 -0.85860262424685 1.1664357650094 -0.41290694146883 -0.40454997932538 0.18411771387327 -0.31062925411388 0.73449797530193 0.27485623368993 -0.61585886005778 -0.13928424646146 0.26159603949636 0.49648979303893 -0.36312481430359 -0.039817023719662 -0.25045473189093 0.52673241153825 -0.062391293654219 -0.81406383896246 0.16595321674831 0.17756814504973 -0.51611792878248 0.71241696090438 -0.30758931278251 -0.47188077182509 0.17944643385708 0.90438729119487 0.019008091860451 -0.1845680948114 -0.23785096853971 0.55635217789095 -2.6932692735057 -2.3107933751426 1.7930337544065 1.6381808917737 0.68015571473626 0.0035950564546514 -0.10464236207772 -0.18138024413492 0.072089091152884 0.68911260268651 -0.61073340228759 0.73836177058983 -0.067999391071497"
SAFA-LOW_SIGN-0-20230525-21:57:05-777964,vector,GridFlexeScenario.node[50].veinsmobility,co2emission,,,"3 4 5 6 7 8 9 10 11 12 13 14 15 16 17 18 19 20 21 22 23 24 25 26 27 28 29 30 31 32 33 34 35 36 37 38 39 40 41 42 43 44 45 46 47 48 49 50 51 52 53 54 55 56 57 58 59 60 61 62 63 64 65 66 67 68 69 70 71 72 73 74 75 76 77 78 79 80 81 82 83 84 85 86 87 88 89 90 91 92 93 94 95 96 97 98 99 100 101 102 103 104","2.816119742767 3.0225882076596 5.7036155583444 3.9024084290684 1.5334070535806 3.0526283942238 0.973 2.6475818571492 0.973 0.973 3.0903688890422 0.973 1.5810923887089 2.0536598637701 1.9066099115751 2.0258848529384 2.0649283538393 2.168395442117 1.3930105943875 1.8234248027277 0.973 0.973 5.0211727631748 3.5343740229051 4.2259543349555 0.973 0.973 0.973 2.355335888828 1.6671645077667 2.0921967761583 0.973 2.8994862917593 1.9582541088148 0.973 1.9545068595844 1.2950452840677 1.3083320677539 0.973 1.9613967596841 2.7678562436841 0.973 2.0667410055388 2.3448782287625 1.2769882453677 2.407123208104 0.973 2.8049088366503 0.973 2.8107764006627 0.973 1.686353945199 0.973 2.0438455163518 3.1669725038793 2.2594895984944 1.6014224285741 0.973 1.6990910478897 0.973 4.2853546848776 0.973 0.973 1.9850199410628 0.973 3.2538322894696 2.2730150492073 0.973 1.2991231023985 2.1761714527581 2.7795750659622 0.973 1.5296198013833 0.973 2.823341359567 1.4923559527411 0.973 1.9318065659748 1.9759017880102 0.973 3.1598237475227 0.973 0.973 1.9346525700441 3.6649030893343 1.6783164645078 1.2152050054603 0.973 2.9150423317814 0.973 0.973 4.1392368019728 4.6542823737736 2.988043936967 1.5897476704156 1.3613934896997 0.973 1.7130992538258 3.11948495541 0.973 3.2587820864989 1.4703323804373"
SAFA-LOW_SIGN-0-20230525-21:57:05-777964,vector,GridFlexeScenario.node[51].veinsmobility,acceleration,,,"3 4 5 6 7 8 9 10 11 12 13 14 15 16 17 18 19 20 21 22 23 24 25 26 27 28 29 30 31 32 33 34 35 36 37 38 39 40 41 42 43 44 45 46 47 48 49 50 51 52 53 54 55 56 57 58 59 60 61","1.4998549617594 2.5558183336398 1.5933694279753 1.6584969434189 2.0112127812579 1.9647381120361 1.4656252268236 1.5259204362607 0.17793643709738 0.48446913089138 -0.056410788348877 -0.62566333161667 0.33097036522813 -0.41425056783482 0.098442078521474 -0.053186161769554 -0.086677247122861 0.74902899076697 -0.54666106991936 0.29508389676921 -0.43960452529136 0.48046125303954 0.24449972221628 -0.86297450244892 0.91572379400022 0.25020537334494 -0.54000017212238 -0.11209280507174 0.25179851201829 0.0014834565808997 -0.2871901637176 0.00024345174897178 0.41308504675981 -0.99180248659104 0.39046995379031 -0.3504473923007 1.2342785994755 -1.1529287417652 0.90050313039683 -0.71130870715715 0.55327032993082 0.2250337826088 -0.37165575923864 -2.3024671379585 -4.5 -4.5 -4.3792608989773 -0.24900163400235 -0.44583338835541 -0.0065808232678521 2.5107028312748 1.8618134156568 1.7244230805198 2.251599771576 2.2945644963998 1.3475404554745 2.1044747322798 1.799623963749 0.48717074360784"
SAFA-LOW_SIGN-0-20230525-21:57:05-777964,vector,GridFlexeScenario.node[51].veinsmobility,co2emission,,,"3 4 5 6 7 8 9 10 11 12 13 14 15 16 17 18 19 20 21 22 23 24 25 26 27 28 29 30 31 32 33 34 35 36 37 38 39 40 41 42 43 44 45 46 47 48 49 50 51 52 53 54 55 56 57 58 59 60 61","2.4312920461815 4.9623518676059 4.3311110878109 5.220619703988 7.1159286777636 8.0962315017926 7.1974473310698 8.140596675318 2.9741239465437 4.2848231291494 2.1075254284953 0.973 3.5973302972781 0.973 2.6381233908277 2.0482387380972 1.9111848893631 5.329098082445 0.973 3.464395660649 0.973 4.2043914801958 3.3172089318033 0.973 6.0257798251712 3.3966085828316 0.973 1.8543371103049 3.3284426658446 2.3312131480987 1.1654887618289 2.2910449007135 3.9997156071666 0.973 3.7786984922814 0.973 7.4168934131197 0.973 5.9671849889315 0.973 4.5296092717446 3.2620745090941 0.973 0.973 0.973 0.973 0.973 0.973 0.973 1.1101699948384 2.7541397574752 3.2924179413923 3.9605830734155 6.0989241739585 7.6226311830257 5.7432392085214 9.1996025069819 9.1434378396585 4.2306396969231"
SAFA-LOW_SIGN-0-20230525-21:57:05-777964,vector,GridFlexeScenario.node[52].veinsmobility,acceleration,,,"3 4 5 6 7 8 9 10 11 12 13 14 15 16 17 18 19 20 21 22 23 24 25 26 27 28 29 30 31 32 33 34 35 36","1.7358635865385 2.3476496917428 2.053735314752 2.3065734611824 1.5627507792622 0.5129268506309 -0.82829756985884 0.27568571658339 -0.4410324328579 1.0818615761353 -0.36525564130861 0.0018779219593856 -0.54008596641943 0.66016111890785 -0.85841676581185 1.0919140868587 -0.61037820023485 0.65116132290568 -0.61946028126404 -0.061151338461787 -0.34323823810555 0.48128122664057 0.34785099527799 -4.5 -3.8341139792378 1.8022992348997 1.7510926243849 2.3693028793903 1.3736440609908 0.087582323807986 0.4806957251858 -0.17465789658018 0.78705232439097 -0.22469085301273"
SAFA-LOW_SIGN-0-20230525-21:57:05-777964,vector,GridFlexeScenario.node[52].veinsmobility,co2emission,,,"3 4 5 6 7 8 9 10 11 12 13 14 15 16 17 18 19 20 21 22 23 24 25 26 27 28 29 30 31 32 33 34 35 36","3.0986855486186 5.1858049028602 5.8675100315346 7.8496488579367 6.6095364593291 3.5537936196359 0.973 2.7204708096479 0.973 5.3719114339883 0.973 1.922820977717 0.973 3.976801328099 0.973 5.4001734491772 0.973 4.0180207592054 0.973 1.7068532374676 0.973 3.3656009999765 3.0218818305279 0.973 0.973 4.2343602107928 5.0045254231441 7.7474211004663 5.7864876976557 2.1023435539108 3.3385544985537 1.3580487701815 4.4338736624116 1.2309957226075"
SAFA-LOW_SIGN-0-20230525-21:57:05-777964,vector,GridFlexeScenario.node[53].veinsmobility,acceleration,,,"3 4 5 6 7 8 9 10 11 12 13 14 15 16 17 18 19 20 21 22 23 24 25 26 27 28 29 30 31 32 33 34 35 36 37 38 39 40 41 42 43 44 45 46 47 48 49 50 51 52","2.3636888966663 1.91023722135 1.5024960052688 2.3510229789186 1.2031198661704 1.0672538143815 -0.96059726236854 0.025786624359899 0.4897908719955 0.19531967518851 0.27462821346708 -0.97571109118871 0.66321087281685 -0.50795226907358 -0.05346142789349 0.8902642711997 0.018890861235558 -0.85103025152348 0.6833278988488 -0.69465589453466 0.53743778783828 0.20606866432354 -0.38189553131815 -0.32829971781466 0.45964681180194 -0.45246830605902 0.27767903462518 0.39518600893207 -0.053017298202031 -0.47725526094437 0.38348089172505 -2.1916628918992 -2.6944643082796 2.3454973650863 2.3192997708218 0.28823575625755 -0.48707284610718 -0.37782776644453 0.65194596196525 -0.8084756315453 0.042937890962943 -4.5 1.8037170538446 2.3807270894293 0.46549374583526 0.62091045244597 -0.11689649843611 0.45747137311846 -0.86691784623545 0.29742853287607"
SAFA-LOW_SIGN-0-20230525-21:57:05-777964,vector,GridFlexeScenario.node[53].veinsmobility,co2emission,,,"3 4 5 6 7 8 9 10 11 12 13 14 15 16 17 18 19 20 21 22 23 24 25 26 27 28 29 30 31 32 33 34 35 36 37 38 39 40 41 42 43 44 45 46 47 48 49 50 51 52","3.9491961802449 4.4365614561371 4.4371869226127 7.572358532161 5.1575158646956 5.1485960161978 0.973 1.8932220198498 3.3000792656226 2.4631854133048 2.742844660968 0.973 3.8480109148153 0.973 1.676452450079 4.6231943556107 1.9672520496448 0.973 3.953803241498 0.973 3.4793773973422 2.5221378890138 0.973 0.973 3.2388978422017 0.973 2.6718882386915 3.0887691041562 1.7315811101294 0.973 3.0264784247178 0.973 0.973 7.2339417473652 8.6581199820325 2.7530588872789 0.973 0.973 3.7912868929416 0.973 1.921171146207 0.973 5.4082937817723 8.1746056747936 3.1185691193718 3.7010600687186 1.5177819394413 3.2875162522125 0.973 2.7101887953552"
SAFA-LOW_SIGN-0-20230525-21:57:05-777964,vector,GridFlexeScenario.node[54].veinsmobility,acceleration,,,"3 4 5 6 7 8 9 10 11 12 13 14 15 16 17 18 19 20 21 22 23 24 25 26 27 28 29 30 31 32 33 34 35 36 37 38 39 40 41 42 43 44 45 46 47","1.3275872161612 2.2776585371932 1.3214599214261 1.6595953352517 1.9141429771436 2.1948492605239 0.46607350604997 -0.93977525681745 -3.567373821896 -3.8394095519262 2.0015211181715 2.0666469691787 2.5463456669822 1.2738630697233 0.46137538002804 -0.074350427044555 -0.064657501739914 -3.8887149477768 0.054603617487855 -4.5 2.53960563445 1.8448595979251 1.7790226844838 1.551586473763 0.34578874220606 0.54492050316185 -0.079728720546699 -0.056037005083637 -0.67061290519778 0.43408794705756 -0.35093971588649 -0.013549299747682 0.61031289191451 -0.80936361064669 0.33057141776662 0.091958852880634 -0.14047646238468 -0.017751194164157 -0.2510978699429 0.3559876301093 -0.53433644790202 0.65839986156207 -0.52551007443108 1.0939634363865 -0.38030527930241"
SAFA-LOW_SIGN-0-20230525-21:57:05-777964,vector,GridFlexeScenario.node[54].veinsmobility,co2emission,,,"3 4 5 6 7 8 9 10 11 12 13 14 15 16 17 18 19 20 21 22 23 24 25 26 27 28 29 30 31 32 33 34 35 36 37 38 39 40 41 42 43 44 45 46 47","2.2259555067676 4.2896797896685 3.5656134168459 4.8748230861666 6.4037335788641 8.4382529451162 3.3708601655235 0.973 0.973 0.973 4.5912211961644 5.8552716121433 8.6014461473492 5.6909589133699 3.3569574811591 1.6908357240774 1.715678729817 0.973 1.7205672527173 0.973 5.714806263167 5.4958074877009 6.2513410554242 6.3832937730221 2.9261563893529 3.6458712965777 1.6837817214565 1.7529911585637 0.973 3.2249711285609 0.973 1.8313495181425 3.8200831462168 0.973 2.8702056483694 2.1682187952547 1.461092371481 1.8245373456625 0.973 2.9529125152197 0.973 3.8896421463913 0.973 5.4103873651482 0.973"
SAFA-LOW_SIGN-0-20230525-21:57:05-777964,vector,GridFlexeScenario.node[55].veinsmobility,acceleration,,,"3 4 5 6 7 8 9 10 11 12 13 14 15 16 17 18 19 20 21 22 23 24 25 26 27 28 29 30 31 32 33 34 35 36 37 38 39 40 41 42 43 44 45 46 47 48 49 50 51 52 53 54 55 56 57 58 59 60 61 62 63 64 65 66 67 68 69 70 71 72 73 74 75 76 77 78 79 80 81 82 83","2.3779299757211 1.8703885182505 2.2255486362148 2.3370681164464 -0.051064242329447 -0.30334860996809 0.00068161925300991 -0.49951221162919 -0.55584939902083 -4.5 2.3624986351468 2.1003037793096 1.0398842803425 0.18206838613842 -0.77250991545152 1.0855780338403 -1.1790347248316 0.89830841040239 -0.14402079484425 -0.12249066743534 -0.4082778983051 -0.09488095822744 0.30300144527573 -0.14227305124514 -0.0095613246085122 0.28343957250472 0.1962774755666 -0.71709090450313 1.196574296453 -0.90194054665044 0.69422125990968 -0.29290786876809 0.4467192155309 0.038345160381869 -0.87635279202368 -0.19361302885227 -0.09937627199106 0.35220108719077 0.33720955434255 -0.35768573905807 -0.090329054230825 -0.10425557023846 0.095533598610201 0.3411284591537 0.52248473528307 -0.81198664288968 0.28042159997858 -0.14732545632869 0.21655905894004 -0.71430003326386 0.95912993892562 -0.62175201771315 0.076209405786358 0.817174523836 -0.16317481289152 0.10483404649422 -0.37059727453161 0.19970951925498 -0.11049298897851 -0.3208331171656 -0.14278820324689 0.13998226823751 -0.1627434768714 -0.26792576226872 -0.037757178465835 0.17908888331149 0.91695777035784 -0.068399882805535 -0.1012818607036 -1.3807421201243 -4.5 1.9229735209374 1.6692383358954 1.9527185510247 -0.23115178931039 -0.31582679448184 0.48913368717767 -0.10139762060717 0.43478950383142 -0.68894846425392 0.37759929946624"
SAFA-LOW_SIGN-0-20230525-21:57:05-777964,vector,GridFlexeScenario.node[55].veinsmobility,co2emission,,,"3 4 5 6 7 8 9 10 11 12 13 14 15 16 17 18 19 20 21 22 23 24 25 26 27 28 29 30 31 32 33 34 35 36 37 38 39 40 41 42 43 44 45 46 47 48 49 50 51 52 53 54 55 56 57 58 59 60 61 62 63 64 65 66 67 68 69 70 71 72 73 74 75 76 77 78 79 80 81 82 83","3.6201031488954 4.0733996277683 5.9100952127211 7.6137994419449 1.5884236820536 0.973 1.6947887841746 0.973 0.973 0.973 5.4122886454139 6.1768283201375 4.2094615619232 2.1523485509353 0.973 4.4882071587356 0.973 3.9292254749631 1.3429801410083 1.389795132578 0.973 1.4303315475786 2.3860003617264 1.3281419421126 1.6364893654675 2.3586694719029 2.1741799246991 0.973 4.7925209513853 0.973 3.4566369223518 0.973 2.8647091883257 1.8290023630456 0.973 1.204909880645 1.4163769953089 2.4982078092673 2.5157959940728 0.973 1.4494201943306 1.4118885501796 1.8816489832451 2.5070275439147 3.0503792872308 0.973 2.3594089167674 1.3234979447082 2.214509418452 0.973 4.0904560092184 0.973 1.8459889419087 3.8126880867147 1.3071833415959 1.9907302533328 0.973 2.209624996984 1.4303736111063 0.973 1.3314149295513 2.0127310107453 1.2836026844935 0.973 1.5575590078918 2.0720689110548 4.0563249379873 1.5487120341876 1.4602529949283 0.973 0.973 4.416395481039 4.80061507764 6.4106182367685 0.973 0.973 2.8593963254787 1.4341135061236 2.7892377550378 0.973 2.5948591778064"
SAFA-LOW_SIGN-0-20230525-21:57:05-777964,vector,GridFlexeScenario.node[56].veinsmobility,acceleration,,,"3 4 5 6 7 8 9 10 11 12 13 14 15 16 17 18 19 20 21 22 23 24 25 26 27 28 29 30 31 32 33 34 35 36 37 38 39 40 41 42 43 44 45 46 47 48 49 50 51 52 53 54 55 56 57 58","2.0403913045768 1.6103753659641 2.0634341837373 2.2789806393906 1.6700977983186 2.3365450809785 -0.155669767363 -0.095639570453203 -0.35686913488898 0.40498572599608 -0.52660172043834 0.8406546612503 -1.2311164793093 -1.2417631295241 -4.1669854373089 1.3208659525029 1.5158791419584 1.6781383204972 1.3728526519459 -0.33149839171674 0.77411215933971 -0.41574181635652 -4.5 -4.4639969668118 2.303364201053 2.303691797494 1.9956333255162 1.5665796248708 1.2948238428987 -0.54888826776296 0.35481426659971 -4.3325171742123 -4.045003465109 2.2800970564131 2.4324082186911 1.5384176130407 2.1631069418276 -0.60497023492354 0.26012335589621 0.43420262661863 -4.5 -4.5 1.6543338359101 2.474105329439 2.3125685178209 2.36755074088 -0.088709692415852 0.084771538851783 0.48222325285897 -0.52115071536973 -0.35866699924227 0.066207333025522 0.1505674303975 0.18882700593676 0.24756434375886 -0.017670206725597"
SAFA-LOW_SIGN-0-20230525-21:57:05-777964,vector,GridFlexeScenario.node[56].veinsmobility,co2emission,,,"3 4 5 6 7 8 9 10 11 12 13 14 15 16 17 18 19 20 21 22 23 24 25 26 27 28 29 30 31 32 33 34 35 36 37 38 39 40 41 42 43 44 45 46 47 48 49 50 51 52 53 54 55 56 57 58","3.5557213002884 3.8033536471935 5.6271573509193 7.4693144727324 6.7454611906209 10.238109203134 1.5346534868278 1.7339804665159 0.973 3.4595646615362 0.973 5.0547357657032 0.973 0.973 0.973 4.5796865309793 5.6843200295316 6.9284450917559 6.5980447423183 0.973 4.7303235097765 0.973 0.973 0.973 5.4873710378929 6.9228495983468 7.3346415787377 6.8783883910577 6.5568202392311 0.973 3.2670632164257 0.973 0.973 5.9806351788159 7.8784299044294 6.3150842858164 9.4628284635197 0.973 2.8928404359613 3.5643733877299 0.973 0.973 4.2448377150269 7.2577074195561 8.3634045472836 10.093695940326 1.740383342659 2.336603274372 3.7934926477537 0.973 0.973 2.2344478528802 2.5349944602134 2.6912640961853 2.9315041688497 2.0124002788845"
SAFA-LOW_SIGN-0-20230525-21:57:05-777964,vector,GridFlexeScenario.node[57].veinsmobility,acceleration,,,"3 4 5 6 7 8 9 10 11 12 13 14 15 16 17 18 19 20 21 22 23 24 25 26 27 28 29 30 31 32 33 34 35 36 37 38 39 40 41 42 43 44 45 46 47 48 49 50 51","1.4291921088938 1.8885980707826 2.3754960775143 1.3355103400303 1.4876927716658 1.6707392071607 1.8082537224516 -0.94944266943851 -3.9994092088375 -3.6156817496405 2.4160965752788 1.5040241455659 2.5642049093731 2.0777575287502 2.4453979572514 0.78412020789447 0.83125061029568 -0.35742773537058 0.46529160763603 -0.35357937463559 0.2296551210573 -0.094372761505657 -0.71003683467861 0.071177308098413 0.49123164163903 -0.062824881006964 -0.174318036763 -1.7275920334133 -4.5 -4.5 2.0072538219159 1.7130137344822 2.4833855964476 1.9521565105999 2.289317723643 -0.26832278395532 1.2402303710813 -0.19766983701847 -0.73110050552059 0.17562330027576 0.27607546409126 0.49761413119268 -0.33473399528302 -0.49067262406461 0.65574652107898 0.12067665238865 -0.31912267310545 -0.88609413728118 0.78961178055033"
SAFA-LOW_SIGN-0-20230525-21:57:05-777964,vector,GridFlexeScenario.node[57].veinsmobility,co2emission,,,"3 4 5 6 7 8 9 10 11 12 13 14 15 16 17 18 19 20 21 22 23 24 25 26 27 28 29 30 31 32 33 34 35 36 37 38 39 40 41 42 43 44 45 46 47 48 49 50 51","2.2004846478233 3.4654874272944 5.5097592314213 4.2625347185423 5.2090625941203 6.4503832882367 7.785366130127 0.973 0.973 0.973 5.6777100272179 4.7413872083207 8.7421377546159 8.6502310499052 11.534928124496 5.4594627650033 5.9206866492323 0.92121864357899 4.4127704320201 0.94193918759835 3.3954306645348 2.0279028837595 0.973 2.6248297338927 4.4307997158122 2.1351481956104 1.6612957637473 0.973 0.973 0.973 5.5128426231825 5.7614263949545 9.2901617916081 8.8147621726911 11.504844236901 1.2452394611679 7.7192747271082 1.6065496500666 0.973 3.0759011547678 3.5372613192188 4.5762404371045 1.0260833630676 0.973 5.1979707452587 2.9683965439102 1.0892855045643 0.973 5.6658710164576"
SAFA-LOW_SIGN-0-20230525-21:57:05-777964,vector,GridFlexeScenario.node[58].veinsmobility,posx,,,"4 5 6 7 8 9 10 11 12 13 14 15 16 17 18 19 20 21 22 23 24 25 26 27 28 29 30 31 32 33 34 35 36 37 38 39 40 41 42 43 44 45 46 47 48 49 50 51 52 53 54 55 56 57 58 59 60","115.15 113.75416784799 110.38939092685 105.58985697972 99.414671679726 91.79610702733 81.718899266981 70.956517336625 59.387742676311 48.478618728924 39.030504775417 33.475905231629 26.949769561345 26.65 26.65 26.65 26.65 26.65 26.65 26.65 26.65 26.65 26.65 26.65 26.65 26.65 26.65 26.65 26.65 26.65 26.65 26.65 26.65 26.65 26.65 26.65 26.65 26.65 26.65 30.884981373834 42.468015802775 53.324971022449 64.195904837225 75.932918545452 86.90492400373 98.662660671241 109.38966831389 116.62429019203 125.21311577375 126.65 126.65 126.65 126.65 126.65 126.65 126.65 126.65"
SAFA-LOW_SIGN-0-20230525-21:57:05-777964,vector,GridFlexeScenario.node[58].veinsmobility,posy,,,"4 5 6 7 8 9 10 11 12 13 14 15 16 17 18 19 20 21 22 23 24 25 26 27 28 29 30 31 32 33 34 35 36 37 38 39 40 41 42 43 44 45 46 47 48 49 50 51 52 53 54 55 56 57 58 59 60","723.35 723.35 723.35 723.35 723.35 723.35 723.35 723.35 723.35 723.35 723.35 723.35 721.78860809982 712.87768259485 702.17946873212 690.60507841284 679.48949657423 667.75289441372 656.69228216341 645.29877510432 633.82641966414 622.10498158397 610.33527925911 599.73571825504 589.04906733046 577.4729805364 566.51794604448 555.77481173984 545.27856375434 534.74891222455 523.75051354549 511.99975842511 500.33981170121 489.19233017733 478.26422444822 467.53187147073 456.49860886499 445.37902270562 434.61733591856 426.65 426.65 426.65 426.65 426.65 426.65 426.65 426.65 426.65 424.77814037709 414.17504711735 403.36052883362 392.65399170392 381.94140722208 370.25830237822 359.31323580406 348.77421256345 337.39286015984"
SAFA-LOW_SIGN-0-20230525-21:57:05-777964,vector,GridFlexeScenario.node[59].veinsmobility,posx,,,"4 5 6 7 8 9 10 11 12 13 14 15 16 17 18 19 20 21 22 23 24 25 26 27 28 29 30 31 32 33 34 35 36 37 38 39 40 41 42 43 44 45 46 47 48 49 50 51 52","434.85 435.46808338687 438.67134832926 443.47873146357 450.20663753054 458.33017368501 468.34730801893 480.09203818395 491.55466220464 503.79520723117 513.37067394994 518.57593071421 523.35 523.35 523.35 523.35 523.35 523.35 523.35 523.35 523.28253406155 513.29765672217 501.81204858277 490.2270067981 478.56187698559 467.11619293533 455.16962353034 444.10477582599 436.06083303792 431.76607030945 425.5595272267 417.05385810501 406.19032725799 394.42640047304 382.6074186684 371.20987777364 359.45746473565 348.40545478281 338.42109827333 332.93674176385 325.39733812914 316.17276072709 305.14321989979 293.83938509452 282.09549443714 270.6893700038 259.24272419441 248.12735535281 236.31223008914"
SAFA-LOW_SIGN-0-20230525-21:57:05-777964,vector,GridFlexeScenario.node[59].veinsmobility,posy,,,"4 5 6 7 8 9 10 11 12 13 14 15 16 17 18 19 20 21 22 23 24 25 26 27 28 29 30 31 32 33 34 35 36 37 38 39 40 41 42 43 44 45 46 47 48 49 50 51 52","526.65 526.65 526.65 526.65 526.65 526.65 526.65 526.65 526.65 526.65 526.65 526.65 530.53379219947 540.2575958405 552.01389317095 563.39820136967 575.29908383063 586.37539947378 597.7204178308 609.71807391911 620.73291408577 623.35 623.35 623.35 623.35 623.35 623.35 623.35 623.35 623.35 623.35 623.35 623.35 623.35 623.35 623.35 623.35 623.35 623.35 623.35 623.35 623.35 623.35 623.35 623.35 623.35 623.35 623.35 623.35"
SAFA-LOW_SIGN-0-20230525-21:57:05-777964,vector,GridFlexeScenario.node[58].veinsmobility,speed,,,"5 6 7 8 9 10 11 12 13 14 15 16 17 18 19 20 21 22 23 24 25 26 27 28 29 30 31 32 33 34 35 36 37 38 39 40 41 42 43 44 45 46 47 48 49 50 51 52 53 54 55 56 57 58 59 60","1.3958321520127 3.3647769211326 4.7995339471381 6.1751852999907 7.6185646523954 10.07720776035 10.762381930356 11.568774660313 10.909123947388 9.4481139535072 5.5545995437877 7.1430653846694 8.9551572521089 10.698213862731 11.574390319278 11.11558183861 11.736602160507 11.060612250315 11.393507059091 11.472355440175 11.721438080175 11.769702324863 10.599561004071 10.68665092458 11.576086794059 10.955034491918 10.743134304634 10.496247985503 10.529651529794 10.998398679062 11.750755120381 11.659946723897 11.147481523883 10.928105729106 10.732352977488 11.033262605742 11.119586159368 10.761686787065 11.002317292392 11.58303442894 10.856955219675 10.870933814775 11.737013708227 10.972005458279 11.757736667511 10.72700764265 7.2346218781373 9.1027002545832 10.917962436035 10.814518283736 10.706537129693 10.71258448184 11.683104843865 10.945066574155 10.539023240618 11.381352403606"
SAFA-LOW_SIGN-0-20230525-21:57:05-777964,vector,GridFlexeScenario.node[59].veinsmobility,speed,,,"5 6 7 8 9 10 11 12 13 14 15 16 17 18 19 20 21 22 23 24 25 26 27 28 29 30 31 32 33 34 35 36 37 38 39 40 41 42 43 44 45 46 47 48 49 50 51 52","0.61808338686917 3.2032649423936 4.8073831343101 6.7279060669718 8.1235361544657 10.017134333915 11.744730165025 11.462624020694 12.240545026522 9.5754667187733 5.2052567642689 7.4578614852665 9.7238036410226 11.756297330448 11.384308198729 11.900882460951 11.076315643155 11.345018357021 11.997656088305 11.019526658772 11.464742699947 11.485608139407 11.585041784664 11.66512981251 11.445684050262 11.94656940499 11.064847704355 8.0439427880666 4.294762728466 6.2065430827535 8.5056691216867 10.863530847021 11.763926784956 11.818981804635 11.397540894762 11.752413037984 11.052009952843 9.984356509482 5.484356509482 7.5394036347116 9.224577402051 11.029540827295 11.303834805271 11.743890657375 11.406124433346 11.44664580939 11.115368841594 11.815125263675"
SAFA-LOW_SIGN-0-20230525-21:57:05-777964,vector,GridFlexeScenario.node[58].veinsmobility,acceleration,,,"6 7 8 9 10 11 12 13 14 15 16 17 18 19 20 21 22 23 24 25 26 27 28 29 30 31 32 33 34 35 36 37 38 39 40 41 42 43 44 45 46 47 48 49 50 51 52 53 54 55 56 57 58 59 60","1.9689447691198 1.4347570260055 1.3756513528526 1.4433793524047 2.4586431079544 0.68517417000602 0.80639272995759 -0.65965071292594 -1.4610099938803 -3.8935144097195 1.5884658408817 1.8120918674394 1.7430566106224 0.87617645654709 -0.45880848066881 0.62102032189723 -0.67598991019186 0.33289480877574 0.078848381084391 0.24908263999969 0.048264244687743 -1.170141320792 0.087089920509607 0.88943586947862 -0.62105230214074 -0.21190018728375 -0.24688631913159 0.033403544290923 0.46874714926816 0.75235644131899 -0.090808396483771 -0.51246520001441 -0.21937579477671 -0.19575275161769 0.30090962825343 0.086323553626425 -0.35789937230293 0.24063050532713 0.5807171365479 -0.7260792092653 0.013978595100342 0.86607989345212 -0.76500824994873 0.78573120923247 -1.0307290248606 -3.4923857645132 1.8680783764459 1.8152621814515 -0.10344415229883 -0.10798115404323 0.0060473521472897 0.97052036202513 -0.7380382697098 -0.40604333353694 0.84232916298788"
SAFA-LOW_SIGN-0-20230525-21:57:05-777964,vector,GridFlexeScenario.node[58].veinsmobility,co2emission,,,"6 7 8 9 10 11 12 13 14 15 16 17 18 19 20 21 22 23 24 25 26 27 28 29 30 31 32 33 34 35 36 37 38 39 40 41 42 43 44 45 46 47 48 49 50 51 52 53 54 55 56 57 58 59 60","2.8724754592774 3.0113086847242 3.4769154998343 4.1685209869314 7.6617376902108 3.5214958780008 4.0593933687354 0.973 0.973 0.973 4.2227603937164 5.519183161955 6.2332630407366 4.2556206960825 0.973 3.5820909335316 0.973 2.7103267191756 2.0209153531428 2.5278374054597 1.9652871995146 0.973 1.9625677099576 4.2931153531393 0.973 1.1941612550487 0.973 1.8105654049668 3.0059331460107 3.9573677856224 1.5637408537662 0.973 1.1799687504326 1.2356125366347 2.5664432690862 2.0047506345539 0.973 2.401831652769 3.4334061055437 0.973 1.7897151269609 4.2753685723377 0.973 4.0538090047542 0.973 0.973 5.7168886542426 6.5332786520968 1.4789267025292 1.4612378765563 1.7559555909871 4.5535327277901 0.973 0.973 4.10565894444"
SAFA-LOW_SIGN-0-20230525-21:57:05-777964,vector,GridFlexeScenario.node[59].veinsmobility,acceleration,,,"6 7 8 9 10 11 12 13 14 15 16 17 18 19 20 21 22 23 24 25 26 27 28 29 30 31 32 33 34 35 36 37 38 39 40 41 42 43 44 45 46 47 48 49 50 51 52","2.5851815555245 1.6041181919165 1.9205229326617 1.3956300874939 1.8935981794493 1.7275958311096 -0.28210614433046 0.77792100582738 -2.6650783077483 -4.3702099545044 2.2526047209976 2.2659421557561 2.0324936894253 -0.37198913171887 0.51657426222227 -0.82456681779586 0.26870271386579 0.6526377312839 -0.97812942953315 0.44521604117472 0.020865439460612 0.099433645256795 0.080088027846068 -0.21944576224778 0.50088535472751 -0.88172170063481 -3.0209049162884 -3.7491800596006 1.9117803542875 2.2991260389332 2.3578617253341 0.90039593793554 0.055055019678548 -0.42144090987276 0.35487214322202 -0.70040308514144 -1.0676534433607 -4.5 2.0550471252296 1.6851737673394 1.8049634252442 0.2742939779758 0.44005585210398 -0.33776622402947 0.04052137604449 -0.33127696779557 0.6997564220801"
SAFA-LOW_SIGN-0-20230525-21:57:05-777964,vector,GridFlexeScenario.node[59].veinsmobility,co2emission,,,"6 7 8 9 10 11 12 13 14 15 16 17 18 19 20 21 22 23 24 25 26 27 28 29 30 31 32 33 34 35 36 37 38 39 40 41 42 43 44 45 46 47 48 49 50 51 52","3.2632880155445 3.2106699316872 4.576671547342 4.2837283147777 6.2574720979967 6.716149828695 0.973 4.1647525842051 0.973 0.973 5.5567933389217 6.9741021771411 7.5858236891829 0.973 3.32139949406 0.973 2.526849710496 3.7353637676378 0.973 3.0324009013509 1.8617918398902 2.0901173919402 2.0445133126802 1.1953338107145 3.2859210605549 0.973 0.973 0.973 4.2910867491481 6.2900601382009 7.9256368287172 4.3806037695337 1.9894801170917 0.973 2.8320045113415 0.973 0.973 0.973 5.2473036384198 5.373854809496 6.5638227973101 2.5359642397926 3.0716320870096 0.973 1.9125204351951 0.973 3.8248455656719"
SAFA-LOW_SIGN-0-20230525-21:57:05-777964,vector,GridFlexeScenario.rsu[0].appl,selectCount:vector,,,"11.035782594182 11.035782594182 11.035782594182 11.035782594182 21.045504892559 21.045504892559 21.045504892559 21.045504892559 21.045504892559 31.053585720912 31.053585720912 41.057033114154 41.057033114154 41.057033114154 51.066913406158 51.066913406158 51.066913406158 61.07608054417 61.07608054417 71.078865693058 71.078865693058 81.08225013268 81.08225013268 91.090605684838 101.097154575254 111.105856504611","26 50 31 1 56 57 37 7 52 54 1 55 28 41 25 0 41 53 6 21 5 37 9 15 15 15"
SAFA-LOW_SIGN-0-20230525-21:57:05-777964,attr,GridFlexeScenario.rsu[0].appl,selectCount:vector,interpolationmode,none,,
SAFA-LOW_SIGN-0-20230525-21:57:05-777964,attr,GridFlexeScenario.rsu[0].appl,selectCount:vector,recordingmode,vector,,
SAFA-LOW_SIGN-0-20230525-21:57:05-777964,attr,GridFlexeScenario.rsu[0].appl,selectCount:vector,source,selectID,,
SAFA-LOW_SIGN-0-20230525-21:57:05-777964,attr,GridFlexeScenario.rsu[0].appl,selectCount:vector,title,selectID count,,
SAFA-LOW_SIGN-0-20230525-21:57:05-777964,vector,GridFlexeScenario.rsu[0].appl,roundCount:vector,,,"11.035782594182 21.045504892559 31.053585720912 41.057033114154 51.066913406158 61.07608054417 71.078865693058 81.08225013268 91.090605684838 101.097154575254 111.105856504611","10 10 10 10 10 10 10 10 10 10 10"
SAFA-LOW_SIGN-0-20230525-21:57:05-777964,attr,GridFlexeScenario.rsu[0].appl,roundCount:vector,interpolationmode,none,,
SAFA-LOW_SIGN-0-20230525-21:57:05-777964,attr,GridFlexeScenario.rsu[0].appl,roundCount:vector,recordingmode,vector,,
SAFA-LOW_SIGN-0-20230525-21:57:05-777964,attr,GridFlexeScenario.rsu[0].appl,roundCount:vector,source,round,,
SAFA-LOW_SIGN-0-20230525-21:57:05-777964,attr,GridFlexeScenario.rsu[0].appl,roundCount:vector,title,round count,,
