03:16:57 **** Build of configuration gcc-release for project veins ****
make MODE=release -j8 all 
make[1]: Entering directory '/home/flexe/veins-veins-5.2/src'
MSGC: veins/common.msg
MSGC: veins/base/messages/AirFrame.msg
MSGC: veins/base/messages/BorderMsg.msg
MSGC: veins/base/messages/MacPkt.msg
MSGC: veins/base/toolbox/Signal.msg
MSGC: veins/base/utils/Coord.msg
MSGC: veins/base/utils/POA.msg
MSGC: veins/base/utils/SimpleAddress.msg
MSGC: veins/modules/application/traci/TraCIDemo11pMessage.msg
MSGC: veins/modules/messages/AckTimeOutMessage.msg
MSGC: veins/modules/messages/AirFrame11p.msg
MSGC: veins/modules/messages/BaseFrame1609_4.msg
MSGC: veins/modules/messages/DemoSafetyMessage.msg
MSGC: veins/modules/messages/DemoServiceAdvertisement.msg
MSGC: veins/modules/messages/Mac80211Ack.msg
MSGC: veins/modules/messages/Mac80211Pkt.msg
MSGC: veins/modules/messages/PhyControlMessage.msg
MSGC: veins/modules/messages/TraCITrafficLightMessage.msg
veins/base/connectionManager/BaseConnectionManager.cc
veins/base/connectionManager/ChannelAccess.cc
veins/base/connectionManager/ConnectionManager.cc
veins/base/connectionManager/NicEntryDebug.cc
veins/base/connectionManager/NicEntryDirect.cc
veins/base/modules/BaseApplLayer.cc
veins/base/modules/BaseBattery.cc
veins/base/modules/BaseLayer.cc
veins/base/modules/BaseMacLayer.cc
veins/base/modules/BaseMobility.cc
veins/base/modules/BaseModule.cc
veins/base/modules/BaseWorldUtility.cc
veins/base/modules/BatteryAccess.cc
veins/base/phyLayer/Antenna.cc
veins/base/phyLayer/BaseDecider.cc
veins/base/phyLayer/BasePhyLayer.cc
veins/base/phyLayer/ChannelInfo.cc
veins/base/phyLayer/Decider.cc
veins/base/phyLayer/PhyUtils.cc
veins/base/toolbox/Signal.cc
veins/base/toolbox/SignalUtils.cc
veins/base/toolbox/Spectrum.cc
veins/base/utils/Coord.cc
veins/base/utils/Heading.cc
veins/base/utils/NedFunctions.cc
veins/base/utils/NetwToMacControlInfo.cc
veins/base/utils/SimpleAddress.cc
veins/base/utils/winsupport.cc
veins/modules/analogueModel/BreakpointPathlossModel.cc
veins/modules/analogueModel/NakagamiFading.cc
veins/modules/analogueModel/PERModel.cc
veins/modules/analogueModel/SimpleObstacleShadowing.cc
veins/modules/analogueModel/SimplePathlossModel.cc
veins/modules/analogueModel/TwoRayInterferenceModel.cc
veins/modules/analogueModel/VehicleObstacleShadowing.cc
veins/modules/application/ieee80211p/DemoBaseApplLayer.cc
veins/modules/application/traci/MyVeinsApp.cc
veins/modules/application/traci/TraCIDemo11p.cc
veins/modules/application/traci/TraCIDemoRSU11p.cc
veins/modules/mac/ieee80211p/Mac1609_4.cc
veins/modules/mobility/LinearMobility.cc
veins/modules/mobility/traci/TraCIBuffer.cc
veins/modules/mobility/traci/TraCIColor.cc
veins/modules/mobility/traci/TraCICommandInterface.cc
veins/modules/mobility/traci/TraCIConnection.cc
veins/modules/mobility/traci/TraCICoordinateTransformation.cc
veins/modules/mobility/traci/TraCILauncher.cc
veins/modules/mobility/traci/TraCIMobility.cc
veins/modules/mobility/traci/TraCIRegionOfInterest.cc
veins/modules/mobility/traci/TraCIScenarioManager.cc
veins/modules/mobility/traci/TraCIConnection.cc:43:42: warning: 'unary_function<veins::TraCICoord, veins::Coord>' is deprecated [-Wdeprecated-declarations]
struct traci2omnet_functor : public std::unary_function<TraCICoord, Coord> {
                                         ^
/usr/bin/../lib/gcc/x86_64-linux-gnu/12/../../../../include/c++/12/bits/stl_function.h:124:7: note: 'unary_function<veins::TraCICoord, veins::Coord>' has been explicitly marked deprecated here
    } _GLIBCXX11_DEPRECATED;
      ^
/usr/bin/../lib/gcc/x86_64-linux-gnu/12/../../../../include/x86_64-linux-gnu/c++/12/bits/c++config.h:103:32: note: expanded from macro '_GLIBCXX11_DEPRECATED'
# define _GLIBCXX11_DEPRECATED _GLIBCXX_DEPRECATED
                               ^
/usr/bin/../lib/gcc/x86_64-linux-gnu/12/../../../../include/x86_64-linux-gnu/c++/12/bits/c++config.h:94:46: note: expanded from macro '_GLIBCXX_DEPRECATED'
# define _GLIBCXX_DEPRECATED __attribute__ ((__deprecated__))
                                             ^
veins/modules/mobility/traci/TraCIScenarioManagerForker.cc
veins/modules/mobility/traci/TraCIScenarioManagerLaunchd.cc
1 warning generated.
veins/modules/mobility/traci/TraCIScreenRecorder.cc
veins/modules/mobility/traci/TraCIVehicleInserter.cc
veins/modules/obstacle/MobileHostObstacle.cc
veins/modules/obstacle/Obstacle.cc
veins/modules/obstacle/ObstacleControl.cc
veins/modules/obstacle/VehicleObstacleControl.cc
veins/modules/phy/Decider80211p.cc
veins/modules/phy/NistErrorRate.cc
veins/modules/phy/PhyLayer80211p.cc
veins/modules/phy/SampledAntenna1D.cc
veins/modules/utility/BBoxLookup.cc
veins/modules/utility/HasLogProxy.cc
veins/modules/utility/TimerManager.cc
veins/modules/world/annotations/AnnotationDummy.cc
veins/modules/world/annotations/AnnotationManager.cc
veins/modules/world/traci/trafficLight/TraCITrafficLightInterface.cc
veins/modules/world/traci/trafficLight/TraCITrafficLightProgram.cc
veins/modules/world/traci/trafficLight/logics/TraCITrafficLightAbstractLogic.cc
veins/modules/world/traci/trafficLight/logics/TraCITrafficLightSimpleLogic.cc
veins/visualizer/roads/RoadsCanvasVisualizer.cc
veins/visualizer/roads/RoadsOsgVisualizer.cc
veins/common_m.cc
veins/base/messages/AirFrame_m.cc
veins/base/messages/BorderMsg_m.cc
veins/base/messages/MacPkt_m.cc
veins/base/utils/Coord_m.cc
veins/base/toolbox/Signal_m.cc
veins/base/utils/POA_m.cc
veins/base/utils/SimpleAddress_m.cc
veins/modules/application/traci/TraCIDemo11pMessage_m.cc
veins/modules/messages/AckTimeOutMessage_m.cc
veins/modules/messages/AirFrame11p_m.cc
veins/modules/messages/BaseFrame1609_4_m.cc
veins/modules/messages/DemoSafetyMessage_m.cc
veins/modules/messages/DemoServiceAdvertisement_m.cc
veins/modules/messages/Mac80211Ack_m.cc
veins/modules/messages/Mac80211Pkt_m.cc
veins/modules/messages/PhyControlMessage_m.cc
veins/modules/messages/TraCITrafficLightMessage_m.cc
Creating shared library: ../out/clang-release/src/libveins.so
make[1]: Leaving directory '/home/flexe/veins-veins-5.2/src'
03:17:40 **** Build of configuration release for project flexe ****
make MODE=release all 
cd src && make
make[1]: Entering directory '/home/flexe/Flexe/src'
MSGC: flexe/messages/FlexeMessage.msg
flexe/application/FedLimRSU11p.cc
flexe/application/FedLimRSU11p.cc:225:18: warning: 'random_shuffle<__gnu_cxx::__normal_iterator<int *, std::vector<int>>>' is deprecated: use 'std::shuffle' instead [-Wdeprecated-declarations]
            std::random_shuffle(std::begin(connectedClientsVector), std::end(connectedClientsVector));
                 ^
/usr/bin/../lib/gcc/x86_64-linux-gnu/12/../../../../include/c++/12/bits/stl_algo.h:4539:5: note: 'random_shuffle<__gnu_cxx::__normal_iterator<int *, std::vector<int>>>' has been explicitly marked deprecated here
    _GLIBCXX14_DEPRECATED_SUGGEST("std::shuffle")
    ^
/usr/bin/../lib/gcc/x86_64-linux-gnu/12/../../../../include/x86_64-linux-gnu/c++/12/bits/c++config.h:112:45: note: expanded from macro '_GLIBCXX14_DEPRECATED_SUGGEST'
# define _GLIBCXX14_DEPRECATED_SUGGEST(ALT) _GLIBCXX_DEPRECATED_SUGGEST(ALT)
                                            ^
/usr/bin/../lib/gcc/x86_64-linux-gnu/12/../../../../include/x86_64-linux-gnu/c++/12/bits/c++config.h:96:19: note: expanded from macro '_GLIBCXX_DEPRECATED_SUGGEST'
  __attribute__ ((__deprecated__ ("use '" ALT "' instead")))
                  ^
1 warning generated.
flexe/application/FedSETRANDOMRSU11p.cc
flexe/application/FedSETRANDOMRSU11p.cc:222:18: warning: 'random_shuffle<__gnu_cxx::__normal_iterator<int *, std::vector<int>>>' is deprecated: use 'std::shuffle' instead [-Wdeprecated-declarations]
            std::random_shuffle(std::begin(connectedClientsVector), std::end(connectedClientsVector));
                 ^
/usr/bin/../lib/gcc/x86_64-linux-gnu/12/../../../../include/c++/12/bits/stl_algo.h:4539:5: note: 'random_shuffle<__gnu_cxx::__normal_iterator<int *, std::vector<int>>>' has been explicitly marked deprecated here
    _GLIBCXX14_DEPRECATED_SUGGEST("std::shuffle")
    ^
/usr/bin/../lib/gcc/x86_64-linux-gnu/12/../../../../include/x86_64-linux-gnu/c++/12/bits/c++config.h:112:45: note: expanded from macro '_GLIBCXX14_DEPRECATED_SUGGEST'
# define _GLIBCXX14_DEPRECATED_SUGGEST(ALT) _GLIBCXX_DEPRECATED_SUGGEST(ALT)
                                            ^
/usr/bin/../lib/gcc/x86_64-linux-gnu/12/../../../../include/x86_64-linux-gnu/c++/12/bits/c++config.h:96:19: note: expanded from macro '_GLIBCXX_DEPRECATED_SUGGEST'
  __attribute__ ((__deprecated__ ("use '" ALT "' instead")))
                  ^
1 warning generated.
flexe/application/MLApp.cc
flexe/application/MLEntropyApp.cc
flexe/proto/flexe.grpc.pb.cc
flexe/proto/flexe.pb.cc
flexe/messages/FlexeMessage_m.cc
Creating shared library: ../out/clang-release/src/libflexe.so
echo /home/flexe/Flexe
/home/flexe/Flexe
/home/flexe/.conan/data/protobuf/3.17.1/_/_/package/53f76f058631e1c3a500008c75af3f37d7786131/bin/protoc --proto_path /home/flexe/Flexe /home/flexe/Flexe/flexe.proto --cpp_out /home/flexe/Flexe/src/flexe/proto/ 
/home/flexe/.conan/data/protobuf/3.17.1/_/_/package/53f76f058631e1c3a500008c75af3f37d7786131/bin/protoc --proto_path /home/flexe/Flexe --grpc_out=/home/flexe/Flexe/src/flexe/proto/ --plugin=protoc-gen-grpc=/home/flexe/.conan/data/grpc/1.38.1/_/_/package/44ecaec4536223f790dd5e0a72b2d16b1dfaa76c/bin/grpc_cpp_plugin /home/flexe/Flexe/flexe.proto
make[1]: Leaving directory '/home/flexe/Flexe/src'
17:12:23 **** Incremental Build of configuration gcc-release for project veins ****
make MODE=release -j8 all 
make[1]: Entering directory '/home/flexe/veins-veins-5.2/src'
make[1]: Nothing to be done for 'all'.
make[1]: Leaving directory '/home/flexe/veins-veins-5.2/src'
17:12:24 **** Incremental Build of configuration release for project flexe ****
make MODE=release all 
cd src && make
make[1]: Entering directory '/home/flexe/Flexe/src'
flexe/application/FedLimRSU11p.cc
flexe/application/FedLimRSU11p.cc:225:18: warning: 'random_shuffle<__gnu_cxx::__normal_iterator<int *, std::vector<int>>>' is deprecated: use 'std::shuffle' instead [-Wdeprecated-declarations]
            std::random_shuffle(std::begin(connectedClientsVector), std::end(connectedClientsVector));
                 ^
/usr/bin/../lib/gcc/x86_64-linux-gnu/12/../../../../include/c++/12/bits/stl_algo.h:4539:5: note: 'random_shuffle<__gnu_cxx::__normal_iterator<int *, std::vector<int>>>' has been explicitly marked deprecated here
    _GLIBCXX14_DEPRECATED_SUGGEST("std::shuffle")
    ^
/usr/bin/../lib/gcc/x86_64-linux-gnu/12/../../../../include/x86_64-linux-gnu/c++/12/bits/c++config.h:112:45: note: expanded from macro '_GLIBCXX14_DEPRECATED_SUGGEST'
# define _GLIBCXX14_DEPRECATED_SUGGEST(ALT) _GLIBCXX_DEPRECATED_SUGGEST(ALT)
                                            ^
/usr/bin/../lib/gcc/x86_64-linux-gnu/12/../../../../include/x86_64-linux-gnu/c++/12/bits/c++config.h:96:19: note: expanded from macro '_GLIBCXX_DEPRECATED_SUGGEST'
  __attribute__ ((__deprecated__ ("use '" ALT "' instead")))
                  ^
1 warning generated.
flexe/application/FedSETRANDOMRSU11p.cc
flexe/application/FedSETRANDOMRSU11p.cc:222:18: warning: 'random_shuffle<__gnu_cxx::__normal_iterator<int *, std::vector<int>>>' is deprecated: use 'std::shuffle' instead [-Wdeprecated-declarations]
            std::random_shuffle(std::begin(connectedClientsVector), std::end(connectedClientsVector));
                 ^
/usr/bin/../lib/gcc/x86_64-linux-gnu/12/../../../../include/c++/12/bits/stl_algo.h:4539:5: note: 'random_shuffle<__gnu_cxx::__normal_iterator<int *, std::vector<int>>>' has been explicitly marked deprecated here
    _GLIBCXX14_DEPRECATED_SUGGEST("std::shuffle")
    ^
/usr/bin/../lib/gcc/x86_64-linux-gnu/12/../../../../include/x86_64-linux-gnu/c++/12/bits/c++config.h:112:45: note: expanded from macro '_GLIBCXX14_DEPRECATED_SUGGEST'
# define _GLIBCXX14_DEPRECATED_SUGGEST(ALT) _GLIBCXX_DEPRECATED_SUGGEST(ALT)
                                            ^
/usr/bin/../lib/gcc/x86_64-linux-gnu/12/../../../../include/x86_64-linux-gnu/c++/12/bits/c++config.h:96:19: note: expanded from macro '_GLIBCXX_DEPRECATED_SUGGEST'
  __attribute__ ((__deprecated__ ("use '" ALT "' instead")))
                  ^
1 warning generated.
flexe/application/MLApp.cc
flexe/application/MLEntropyApp.cc
flexe/proto/flexe.grpc.pb.cc
flexe/proto/flexe.pb.cc
Creating shared library: ../out/clang-release/src/libflexe.so
echo /home/flexe/Flexe
/home/flexe/Flexe
/home/flexe/.conan/data/protobuf/3.17.1/_/_/package/53f76f058631e1c3a500008c75af3f37d7786131/bin/protoc --proto_path /home/flexe/Flexe /home/flexe/Flexe/flexe.proto --cpp_out /home/flexe/Flexe/src/flexe/proto/ 
/home/flexe/.conan/data/protobuf/3.17.1/_/_/package/53f76f058631e1c3a500008c75af3f37d7786131/bin/protoc --proto_path /home/flexe/Flexe --grpc_out=/home/flexe/Flexe/src/flexe/proto/ --plugin=protoc-gen-grpc=/home/flexe/.conan/data/grpc/1.38.1/_/_/package/44ecaec4536223f790dd5e0a72b2d16b1dfaa76c/bin/grpc_cpp_plugin /home/flexe/Flexe/flexe.proto
make[1]: Leaving directory '/home/flexe/Flexe/src'
17:13:15 **** Incremental Build of configuration gcc-release for project veins ****
make MODE=release -j8 all 
make[1]: Entering directory '/home/flexe/veins-veins-5.2/src'
make[1]: Nothing to be done for 'all'.
make[1]: Leaving directory '/home/flexe/veins-veins-5.2/src'
17:13:16 **** Incremental Build of configuration release for project flexe ****
make MODE=release all 
cd src && make
make[1]: Entering directory '/home/flexe/Flexe/src'
flexe/application/FedLimRSU11p.cc
flexe/application/FedLimRSU11p.cc:225:18: warning: 'random_shuffle<__gnu_cxx::__normal_iterator<int *, std::vector<int>>>' is deprecated: use 'std::shuffle' instead [-Wdeprecated-declarations]
            std::random_shuffle(std::begin(connectedClientsVector), std::end(connectedClientsVector));
                 ^
/usr/bin/../lib/gcc/x86_64-linux-gnu/12/../../../../include/c++/12/bits/stl_algo.h:4539:5: note: 'random_shuffle<__gnu_cxx::__normal_iterator<int *, std::vector<int>>>' has been explicitly marked deprecated here
    _GLIBCXX14_DEPRECATED_SUGGEST("std::shuffle")
    ^
/usr/bin/../lib/gcc/x86_64-linux-gnu/12/../../../../include/x86_64-linux-gnu/c++/12/bits/c++config.h:112:45: note: expanded from macro '_GLIBCXX14_DEPRECATED_SUGGEST'
# define _GLIBCXX14_DEPRECATED_SUGGEST(ALT) _GLIBCXX_DEPRECATED_SUGGEST(ALT)
                                            ^
/usr/bin/../lib/gcc/x86_64-linux-gnu/12/../../../../include/x86_64-linux-gnu/c++/12/bits/c++config.h:96:19: note: expanded from macro '_GLIBCXX_DEPRECATED_SUGGEST'
  __attribute__ ((__deprecated__ ("use '" ALT "' instead")))
                  ^
1 warning generated.
flexe/application/FedSETRANDOMRSU11p.cc
flexe/application/FedSETRANDOMRSU11p.cc:222:18: warning: 'random_shuffle<__gnu_cxx::__normal_iterator<int *, std::vector<int>>>' is deprecated: use 'std::shuffle' instead [-Wdeprecated-declarations]
            std::random_shuffle(std::begin(connectedClientsVector), std::end(connectedClientsVector));
                 ^
/usr/bin/../lib/gcc/x86_64-linux-gnu/12/../../../../include/c++/12/bits/stl_algo.h:4539:5: note: 'random_shuffle<__gnu_cxx::__normal_iterator<int *, std::vector<int>>>' has been explicitly marked deprecated here
    _GLIBCXX14_DEPRECATED_SUGGEST("std::shuffle")
    ^
/usr/bin/../lib/gcc/x86_64-linux-gnu/12/../../../../include/x86_64-linux-gnu/c++/12/bits/c++config.h:112:45: note: expanded from macro '_GLIBCXX14_DEPRECATED_SUGGEST'
# define _GLIBCXX14_DEPRECATED_SUGGEST(ALT) _GLIBCXX_DEPRECATED_SUGGEST(ALT)
                                            ^
/usr/bin/../lib/gcc/x86_64-linux-gnu/12/../../../../include/x86_64-linux-gnu/c++/12/bits/c++config.h:96:19: note: expanded from macro '_GLIBCXX_DEPRECATED_SUGGEST'
  __attribute__ ((__deprecated__ ("use '" ALT "' instead")))
                  ^
1 warning generated.
flexe/application/MLApp.cc
flexe/application/MLEntropyApp.cc
flexe/proto/flexe.grpc.pb.cc
flexe/proto/flexe.pb.cc
Creating shared library: ../out/clang-release/src/libflexe.so
echo /home/flexe/Flexe
/home/flexe/Flexe
/home/flexe/.conan/data/protobuf/3.17.1/_/_/package/53f76f058631e1c3a500008c75af3f37d7786131/bin/protoc --proto_path /home/flexe/Flexe /home/flexe/Flexe/flexe.proto --cpp_out /home/flexe/Flexe/src/flexe/proto/ 
/home/flexe/.conan/data/protobuf/3.17.1/_/_/package/53f76f058631e1c3a500008c75af3f37d7786131/bin/protoc --proto_path /home/flexe/Flexe --grpc_out=/home/flexe/Flexe/src/flexe/proto/ --plugin=protoc-gen-grpc=/home/flexe/.conan/data/grpc/1.38.1/_/_/package/44ecaec4536223f790dd5e0a72b2d16b1dfaa76c/bin/grpc_cpp_plugin /home/flexe/Flexe/flexe.proto
make[1]: Leaving directory '/home/flexe/Flexe/src'
00:16:06 **** Incremental Build of configuration gcc-release for project veins ****
make MODE=release -j8 all 
make[1]: Entering directory '/home/flexe/veins-veins-5.2/src'
make[1]: Nothing to be done for 'all'.
make[1]: Leaving directory '/home/flexe/veins-veins-5.2/src'
00:16:08 **** Incremental Build of configuration release for project flexe ****
make MODE=release all 
cd src && make
make[1]: Entering directory '/home/flexe/Flexe/src'
flexe/application/FedLimRSU11p.cc
flexe/application/FedLimRSU11p.cc:225:18: warning: 'random_shuffle<__gnu_cxx::__normal_iterator<int *, std::vector<int>>>' is deprecated: use 'std::shuffle' instead [-Wdeprecated-declarations]
            std::random_shuffle(std::begin(connectedClientsVector), std::end(connectedClientsVector));
                 ^
/usr/bin/../lib/gcc/x86_64-linux-gnu/12/../../../../include/c++/12/bits/stl_algo.h:4539:5: note: 'random_shuffle<__gnu_cxx::__normal_iterator<int *, std::vector<int>>>' has been explicitly marked deprecated here
    _GLIBCXX14_DEPRECATED_SUGGEST("std::shuffle")
    ^
/usr/bin/../lib/gcc/x86_64-linux-gnu/12/../../../../include/x86_64-linux-gnu/c++/12/bits/c++config.h:112:45: note: expanded from macro '_GLIBCXX14_DEPRECATED_SUGGEST'
# define _GLIBCXX14_DEPRECATED_SUGGEST(ALT) _GLIBCXX_DEPRECATED_SUGGEST(ALT)
                                            ^
/usr/bin/../lib/gcc/x86_64-linux-gnu/12/../../../../include/x86_64-linux-gnu/c++/12/bits/c++config.h:96:19: note: expanded from macro '_GLIBCXX_DEPRECATED_SUGGEST'
  __attribute__ ((__deprecated__ ("use '" ALT "' instead")))
                  ^
1 warning generated.
flexe/application/FedSETRANDOMRSU11p.cc
flexe/application/FedSETRANDOMRSU11p.cc:222:18: warning: 'random_shuffle<__gnu_cxx::__normal_iterator<int *, std::vector<int>>>' is deprecated: use 'std::shuffle' instead [-Wdeprecated-declarations]
            std::random_shuffle(std::begin(connectedClientsVector), std::end(connectedClientsVector));
                 ^
/usr/bin/../lib/gcc/x86_64-linux-gnu/12/../../../../include/c++/12/bits/stl_algo.h:4539:5: note: 'random_shuffle<__gnu_cxx::__normal_iterator<int *, std::vector<int>>>' has been explicitly marked deprecated here
    _GLIBCXX14_DEPRECATED_SUGGEST("std::shuffle")
    ^
/usr/bin/../lib/gcc/x86_64-linux-gnu/12/../../../../include/x86_64-linux-gnu/c++/12/bits/c++config.h:112:45: note: expanded from macro '_GLIBCXX14_DEPRECATED_SUGGEST'
# define _GLIBCXX14_DEPRECATED_SUGGEST(ALT) _GLIBCXX_DEPRECATED_SUGGEST(ALT)
                                            ^
/usr/bin/../lib/gcc/x86_64-linux-gnu/12/../../../../include/x86_64-linux-gnu/c++/12/bits/c++config.h:96:19: note: expanded from macro '_GLIBCXX_DEPRECATED_SUGGEST'
  __attribute__ ((__deprecated__ ("use '" ALT "' instead")))
                  ^
1 warning generated.
flexe/application/MLApp.cc
flexe/application/MLEntropyApp.cc
flexe/proto/flexe.grpc.pb.cc
flexe/proto/flexe.pb.cc
Creating shared library: ../out/clang-release/src/libflexe.so
echo /home/flexe/Flexe
/home/flexe/Flexe
/home/flexe/.conan/data/protobuf/3.17.1/_/_/package/53f76f058631e1c3a500008c75af3f37d7786131/bin/protoc --proto_path /home/flexe/Flexe /home/flexe/Flexe/flexe.proto --cpp_out /home/flexe/Flexe/src/flexe/proto/ 
/home/flexe/.conan/data/protobuf/3.17.1/_/_/package/53f76f058631e1c3a500008c75af3f37d7786131/bin/protoc --proto_path /home/flexe/Flexe --grpc_out=/home/flexe/Flexe/src/flexe/proto/ --plugin=protoc-gen-grpc=/home/flexe/.conan/data/grpc/1.38.1/_/_/package/44ecaec4536223f790dd5e0a72b2d16b1dfaa76c/bin/grpc_cpp_plugin /home/flexe/Flexe/flexe.proto
make[1]: Leaving directory '/home/flexe/Flexe/src'
00:19:04 **** Incremental Build of configuration gcc-release for project veins ****
make MODE=release -j8 all 
make[1]: Entering directory '/home/flexe/veins-veins-5.2/src'
make[1]: Nothing to be done for 'all'.
make[1]: Leaving directory '/home/flexe/veins-veins-5.2/src'
00:19:04 **** Incremental Build of configuration release for project flexe ****
make MODE=release all 
cd src && make
make[1]: Entering directory '/home/flexe/Flexe/src'
flexe/application/FedLimRSU11p.cc
flexe/application/FedLimRSU11p.cc:225:18: warning: 'random_shuffle<__gnu_cxx::__normal_iterator<int *, std::vector<int>>>' is deprecated: use 'std::shuffle' instead [-Wdeprecated-declarations]
            std::random_shuffle(std::begin(connectedClientsVector), std::end(connectedClientsVector));
                 ^
/usr/bin/../lib/gcc/x86_64-linux-gnu/12/../../../../include/c++/12/bits/stl_algo.h:4539:5: note: 'random_shuffle<__gnu_cxx::__normal_iterator<int *, std::vector<int>>>' has been explicitly marked deprecated here
    _GLIBCXX14_DEPRECATED_SUGGEST("std::shuffle")
    ^
/usr/bin/../lib/gcc/x86_64-linux-gnu/12/../../../../include/x86_64-linux-gnu/c++/12/bits/c++config.h:112:45: note: expanded from macro '_GLIBCXX14_DEPRECATED_SUGGEST'
# define _GLIBCXX14_DEPRECATED_SUGGEST(ALT) _GLIBCXX_DEPRECATED_SUGGEST(ALT)
                                            ^
/usr/bin/../lib/gcc/x86_64-linux-gnu/12/../../../../include/x86_64-linux-gnu/c++/12/bits/c++config.h:96:19: note: expanded from macro '_GLIBCXX_DEPRECATED_SUGGEST'
  __attribute__ ((__deprecated__ ("use '" ALT "' instead")))
                  ^
1 warning generated.
flexe/application/FedSETRANDOMRSU11p.cc
flexe/application/FedSETRANDOMRSU11p.cc:222:18: warning: 'random_shuffle<__gnu_cxx::__normal_iterator<int *, std::vector<int>>>' is deprecated: use 'std::shuffle' instead [-Wdeprecated-declarations]
            std::random_shuffle(std::begin(connectedClientsVector), std::end(connectedClientsVector));
                 ^
/usr/bin/../lib/gcc/x86_64-linux-gnu/12/../../../../include/c++/12/bits/stl_algo.h:4539:5: note: 'random_shuffle<__gnu_cxx::__normal_iterator<int *, std::vector<int>>>' has been explicitly marked deprecated here
    _GLIBCXX14_DEPRECATED_SUGGEST("std::shuffle")
    ^
/usr/bin/../lib/gcc/x86_64-linux-gnu/12/../../../../include/x86_64-linux-gnu/c++/12/bits/c++config.h:112:45: note: expanded from macro '_GLIBCXX14_DEPRECATED_SUGGEST'
# define _GLIBCXX14_DEPRECATED_SUGGEST(ALT) _GLIBCXX_DEPRECATED_SUGGEST(ALT)
                                            ^
/usr/bin/../lib/gcc/x86_64-linux-gnu/12/../../../../include/x86_64-linux-gnu/c++/12/bits/c++config.h:96:19: note: expanded from macro '_GLIBCXX_DEPRECATED_SUGGEST'
  __attribute__ ((__deprecated__ ("use '" ALT "' instead")))
                  ^
1 warning generated.
flexe/application/MLApp.cc
flexe/application/MLEntropyApp.cc
flexe/proto/flexe.grpc.pb.cc
flexe/proto/flexe.pb.cc
Creating shared library: ../out/clang-release/src/libflexe.so
echo /home/flexe/Flexe
/home/flexe/Flexe
/home/flexe/.conan/data/protobuf/3.17.1/_/_/package/53f76f058631e1c3a500008c75af3f37d7786131/bin/protoc --proto_path /home/flexe/Flexe /home/flexe/Flexe/flexe.proto --cpp_out /home/flexe/Flexe/src/flexe/proto/ 
/home/flexe/.conan/data/protobuf/3.17.1/_/_/package/53f76f058631e1c3a500008c75af3f37d7786131/bin/protoc --proto_path /home/flexe/Flexe --grpc_out=/home/flexe/Flexe/src/flexe/proto/ --plugin=protoc-gen-grpc=/home/flexe/.conan/data/grpc/1.38.1/_/_/package/44ecaec4536223f790dd5e0a72b2d16b1dfaa76c/bin/grpc_cpp_plugin /home/flexe/Flexe/flexe.proto
make[1]: Leaving directory '/home/flexe/Flexe/src'
00:49:07 **** Incremental Build of configuration gcc-release for project veins ****
make MODE=release -j8 all 
make[1]: Entering directory '/home/flexe/veins-veins-5.2/src'
make[1]: Nothing to be done for 'all'.
make[1]: Leaving directory '/home/flexe/veins-veins-5.2/src'
00:49:08 **** Incremental Build of configuration release for project flexe ****
make MODE=release all 
cd src && make
make[1]: Entering directory '/home/flexe/Flexe/src'
flexe/application/FedLimRSU11p.cc
flexe/application/FedLimRSU11p.cc:225:18: warning: 'random_shuffle<__gnu_cxx::__normal_iterator<int *, std::vector<int>>>' is deprecated: use 'std::shuffle' instead [-Wdeprecated-declarations]
            std::random_shuffle(std::begin(connectedClientsVector), std::end(connectedClientsVector));
                 ^
/usr/bin/../lib/gcc/x86_64-linux-gnu/12/../../../../include/c++/12/bits/stl_algo.h:4539:5: note: 'random_shuffle<__gnu_cxx::__normal_iterator<int *, std::vector<int>>>' has been explicitly marked deprecated here
    _GLIBCXX14_DEPRECATED_SUGGEST("std::shuffle")
    ^
/usr/bin/../lib/gcc/x86_64-linux-gnu/12/../../../../include/x86_64-linux-gnu/c++/12/bits/c++config.h:112:45: note: expanded from macro '_GLIBCXX14_DEPRECATED_SUGGEST'
# define _GLIBCXX14_DEPRECATED_SUGGEST(ALT) _GLIBCXX_DEPRECATED_SUGGEST(ALT)
                                            ^
/usr/bin/../lib/gcc/x86_64-linux-gnu/12/../../../../include/x86_64-linux-gnu/c++/12/bits/c++config.h:96:19: note: expanded from macro '_GLIBCXX_DEPRECATED_SUGGEST'
  __attribute__ ((__deprecated__ ("use '" ALT "' instead")))
                  ^
1 warning generated.
flexe/application/FedSETRANDOMRSU11p.cc
flexe/application/FedSETRANDOMRSU11p.cc:222:18: warning: 'random_shuffle<__gnu_cxx::__normal_iterator<int *, std::vector<int>>>' is deprecated: use 'std::shuffle' instead [-Wdeprecated-declarations]
            std::random_shuffle(std::begin(connectedClientsVector), std::end(connectedClientsVector));
                 ^
/usr/bin/../lib/gcc/x86_64-linux-gnu/12/../../../../include/c++/12/bits/stl_algo.h:4539:5: note: 'random_shuffle<__gnu_cxx::__normal_iterator<int *, std::vector<int>>>' has been explicitly marked deprecated here
    _GLIBCXX14_DEPRECATED_SUGGEST("std::shuffle")
    ^
/usr/bin/../lib/gcc/x86_64-linux-gnu/12/../../../../include/x86_64-linux-gnu/c++/12/bits/c++config.h:112:45: note: expanded from macro '_GLIBCXX14_DEPRECATED_SUGGEST'
# define _GLIBCXX14_DEPRECATED_SUGGEST(ALT) _GLIBCXX_DEPRECATED_SUGGEST(ALT)
                                            ^
/usr/bin/../lib/gcc/x86_64-linux-gnu/12/../../../../include/x86_64-linux-gnu/c++/12/bits/c++config.h:96:19: note: expanded from macro '_GLIBCXX_DEPRECATED_SUGGEST'
  __attribute__ ((__deprecated__ ("use '" ALT "' instead")))
                  ^
1 warning generated.
flexe/application/MLApp.cc
flexe/application/MLEntropyApp.cc
flexe/proto/flexe.grpc.pb.cc
flexe/proto/flexe.pb.cc
Creating shared library: ../out/clang-release/src/libflexe.so
echo /home/flexe/Flexe
/home/flexe/Flexe
/home/flexe/.conan/data/protobuf/3.17.1/_/_/package/53f76f058631e1c3a500008c75af3f37d7786131/bin/protoc --proto_path /home/flexe/Flexe /home/flexe/Flexe/flexe.proto --cpp_out /home/flexe/Flexe/src/flexe/proto/ 
/home/flexe/.conan/data/protobuf/3.17.1/_/_/package/53f76f058631e1c3a500008c75af3f37d7786131/bin/protoc --proto_path /home/flexe/Flexe --grpc_out=/home/flexe/Flexe/src/flexe/proto/ --plugin=protoc-gen-grpc=/home/flexe/.conan/data/grpc/1.38.1/_/_/package/44ecaec4536223f790dd5e0a72b2d16b1dfaa76c/bin/grpc_cpp_plugin /home/flexe/Flexe/flexe.proto
make[1]: Leaving directory '/home/flexe/Flexe/src'
00:49:43 **** Incremental Build of configuration gcc-release for project veins ****
make MODE=release -j8 all 
make[1]: Entering directory '/home/flexe/veins-veins-5.2/src'
make[1]: Nothing to be done for 'all'.
make[1]: Leaving directory '/home/flexe/veins-veins-5.2/src'
00:49:44 **** Incremental Build of configuration release for project flexe ****
make MODE=release all 
cd src && make
make[1]: Entering directory '/home/flexe/Flexe/src'
flexe/application/FedLimRSU11p.cc
flexe/application/FedLimRSU11p.cc:225:18: warning: 'random_shuffle<__gnu_cxx::__normal_iterator<int *, std::vector<int>>>' is deprecated: use 'std::shuffle' instead [-Wdeprecated-declarations]
            std::random_shuffle(std::begin(connectedClientsVector), std::end(connectedClientsVector));
                 ^
/usr/bin/../lib/gcc/x86_64-linux-gnu/12/../../../../include/c++/12/bits/stl_algo.h:4539:5: note: 'random_shuffle<__gnu_cxx::__normal_iterator<int *, std::vector<int>>>' has been explicitly marked deprecated here
    _GLIBCXX14_DEPRECATED_SUGGEST("std::shuffle")
    ^
/usr/bin/../lib/gcc/x86_64-linux-gnu/12/../../../../include/x86_64-linux-gnu/c++/12/bits/c++config.h:112:45: note: expanded from macro '_GLIBCXX14_DEPRECATED_SUGGEST'
# define _GLIBCXX14_DEPRECATED_SUGGEST(ALT) _GLIBCXX_DEPRECATED_SUGGEST(ALT)
                                            ^
/usr/bin/../lib/gcc/x86_64-linux-gnu/12/../../../../include/x86_64-linux-gnu/c++/12/bits/c++config.h:96:19: note: expanded from macro '_GLIBCXX_DEPRECATED_SUGGEST'
  __attribute__ ((__deprecated__ ("use '" ALT "' instead")))
                  ^
1 warning generated.
flexe/application/FedSETRANDOMRSU11p.cc
flexe/application/FedSETRANDOMRSU11p.cc:222:18: warning: 'random_shuffle<__gnu_cxx::__normal_iterator<int *, std::vector<int>>>' is deprecated: use 'std::shuffle' instead [-Wdeprecated-declarations]
            std::random_shuffle(std::begin(connectedClientsVector), std::end(connectedClientsVector));
                 ^
/usr/bin/../lib/gcc/x86_64-linux-gnu/12/../../../../include/c++/12/bits/stl_algo.h:4539:5: note: 'random_shuffle<__gnu_cxx::__normal_iterator<int *, std::vector<int>>>' has been explicitly marked deprecated here
    _GLIBCXX14_DEPRECATED_SUGGEST("std::shuffle")
    ^
/usr/bin/../lib/gcc/x86_64-linux-gnu/12/../../../../include/x86_64-linux-gnu/c++/12/bits/c++config.h:112:45: note: expanded from macro '_GLIBCXX14_DEPRECATED_SUGGEST'
# define _GLIBCXX14_DEPRECATED_SUGGEST(ALT) _GLIBCXX_DEPRECATED_SUGGEST(ALT)
                                            ^
/usr/bin/../lib/gcc/x86_64-linux-gnu/12/../../../../include/x86_64-linux-gnu/c++/12/bits/c++config.h:96:19: note: expanded from macro '_GLIBCXX_DEPRECATED_SUGGEST'
  __attribute__ ((__deprecated__ ("use '" ALT "' instead")))
                  ^
1 warning generated.
flexe/application/MLApp.cc
flexe/application/MLEntropyApp.cc
flexe/proto/flexe.grpc.pb.cc
flexe/proto/flexe.pb.cc
Creating shared library: ../out/clang-release/src/libflexe.so
echo /home/flexe/Flexe
/home/flexe/Flexe
/home/flexe/.conan/data/protobuf/3.17.1/_/_/package/53f76f058631e1c3a500008c75af3f37d7786131/bin/protoc --proto_path /home/flexe/Flexe /home/flexe/Flexe/flexe.proto --cpp_out /home/flexe/Flexe/src/flexe/proto/ 
/home/flexe/.conan/data/protobuf/3.17.1/_/_/package/53f76f058631e1c3a500008c75af3f37d7786131/bin/protoc --proto_path /home/flexe/Flexe --grpc_out=/home/flexe/Flexe/src/flexe/proto/ --plugin=protoc-gen-grpc=/home/flexe/.conan/data/grpc/1.38.1/_/_/package/44ecaec4536223f790dd5e0a72b2d16b1dfaa76c/bin/grpc_cpp_plugin /home/flexe/Flexe/flexe.proto
make[1]: Leaving directory '/home/flexe/Flexe/src'
00:52:37 **** Incremental Build of configuration gcc-release for project veins ****
make MODE=release -j8 all 
make[1]: Entering directory '/home/flexe/veins-veins-5.2/src'
make[1]: Nothing to be done for 'all'.
make[1]: Leaving directory '/home/flexe/veins-veins-5.2/src'
00:52:38 **** Incremental Build of configuration release for project flexe ****
make MODE=release all 
cd src && make
make[1]: Entering directory '/home/flexe/Flexe/src'
flexe/application/FedLimRSU11p.cc
flexe/application/FedLimRSU11p.cc:225:18: warning: 'random_shuffle<__gnu_cxx::__normal_iterator<int *, std::vector<int>>>' is deprecated: use 'std::shuffle' instead [-Wdeprecated-declarations]
            std::random_shuffle(std::begin(connectedClientsVector), std::end(connectedClientsVector));
                 ^
/usr/bin/../lib/gcc/x86_64-linux-gnu/12/../../../../include/c++/12/bits/stl_algo.h:4539:5: note: 'random_shuffle<__gnu_cxx::__normal_iterator<int *, std::vector<int>>>' has been explicitly marked deprecated here
    _GLIBCXX14_DEPRECATED_SUGGEST("std::shuffle")
    ^
/usr/bin/../lib/gcc/x86_64-linux-gnu/12/../../../../include/x86_64-linux-gnu/c++/12/bits/c++config.h:112:45: note: expanded from macro '_GLIBCXX14_DEPRECATED_SUGGEST'
# define _GLIBCXX14_DEPRECATED_SUGGEST(ALT) _GLIBCXX_DEPRECATED_SUGGEST(ALT)
                                            ^
/usr/bin/../lib/gcc/x86_64-linux-gnu/12/../../../../include/x86_64-linux-gnu/c++/12/bits/c++config.h:96:19: note: expanded from macro '_GLIBCXX_DEPRECATED_SUGGEST'
  __attribute__ ((__deprecated__ ("use '" ALT "' instead")))
                  ^
1 warning generated.
flexe/application/FedSETRANDOMRSU11p.cc
flexe/application/FedSETRANDOMRSU11p.cc:222:18: warning: 'random_shuffle<__gnu_cxx::__normal_iterator<int *, std::vector<int>>>' is deprecated: use 'std::shuffle' instead [-Wdeprecated-declarations]
            std::random_shuffle(std::begin(connectedClientsVector), std::end(connectedClientsVector));
                 ^
/usr/bin/../lib/gcc/x86_64-linux-gnu/12/../../../../include/c++/12/bits/stl_algo.h:4539:5: note: 'random_shuffle<__gnu_cxx::__normal_iterator<int *, std::vector<int>>>' has been explicitly marked deprecated here
    _GLIBCXX14_DEPRECATED_SUGGEST("std::shuffle")
    ^
/usr/bin/../lib/gcc/x86_64-linux-gnu/12/../../../../include/x86_64-linux-gnu/c++/12/bits/c++config.h:112:45: note: expanded from macro '_GLIBCXX14_DEPRECATED_SUGGEST'
# define _GLIBCXX14_DEPRECATED_SUGGEST(ALT) _GLIBCXX_DEPRECATED_SUGGEST(ALT)
                                            ^
/usr/bin/../lib/gcc/x86_64-linux-gnu/12/../../../../include/x86_64-linux-gnu/c++/12/bits/c++config.h:96:19: note: expanded from macro '_GLIBCXX_DEPRECATED_SUGGEST'
  __attribute__ ((__deprecated__ ("use '" ALT "' instead")))
                  ^
1 warning generated.
flexe/application/MLApp.cc
flexe/application/MLEntropyApp.cc
flexe/proto/flexe.grpc.pb.cc
flexe/proto/flexe.pb.cc
Creating shared library: ../out/clang-release/src/libflexe.so
echo /home/flexe/Flexe
/home/flexe/Flexe
/home/flexe/.conan/data/protobuf/3.17.1/_/_/package/53f76f058631e1c3a500008c75af3f37d7786131/bin/protoc --proto_path /home/flexe/Flexe /home/flexe/Flexe/flexe.proto --cpp_out /home/flexe/Flexe/src/flexe/proto/ 
/home/flexe/.conan/data/protobuf/3.17.1/_/_/package/53f76f058631e1c3a500008c75af3f37d7786131/bin/protoc --proto_path /home/flexe/Flexe --grpc_out=/home/flexe/Flexe/src/flexe/proto/ --plugin=protoc-gen-grpc=/home/flexe/.conan/data/grpc/1.38.1/_/_/package/44ecaec4536223f790dd5e0a72b2d16b1dfaa76c/bin/grpc_cpp_plugin /home/flexe/Flexe/flexe.proto
make[1]: Leaving directory '/home/flexe/Flexe/src'
00:55:47 **** Incremental Build of configuration gcc-release for project veins ****
make MODE=release -j8 all 
make[1]: Entering directory '/home/flexe/veins-veins-5.2/src'
make[1]: Nothing to be done for 'all'.
make[1]: Leaving directory '/home/flexe/veins-veins-5.2/src'
00:55:47 **** Incremental Build of configuration release for project flexe ****
make MODE=release all 
cd src && make
make[1]: Entering directory '/home/flexe/Flexe/src'
flexe/application/FedLimRSU11p.cc
flexe/application/FedLimRSU11p.cc:225:18: warning: 'random_shuffle<__gnu_cxx::__normal_iterator<int *, std::vector<int>>>' is deprecated: use 'std::shuffle' instead [-Wdeprecated-declarations]
            std::random_shuffle(std::begin(connectedClientsVector), std::end(connectedClientsVector));
                 ^
/usr/bin/../lib/gcc/x86_64-linux-gnu/12/../../../../include/c++/12/bits/stl_algo.h:4539:5: note: 'random_shuffle<__gnu_cxx::__normal_iterator<int *, std::vector<int>>>' has been explicitly marked deprecated here
    _GLIBCXX14_DEPRECATED_SUGGEST("std::shuffle")
    ^
/usr/bin/../lib/gcc/x86_64-linux-gnu/12/../../../../include/x86_64-linux-gnu/c++/12/bits/c++config.h:112:45: note: expanded from macro '_GLIBCXX14_DEPRECATED_SUGGEST'
# define _GLIBCXX14_DEPRECATED_SUGGEST(ALT) _GLIBCXX_DEPRECATED_SUGGEST(ALT)
                                            ^
/usr/bin/../lib/gcc/x86_64-linux-gnu/12/../../../../include/x86_64-linux-gnu/c++/12/bits/c++config.h:96:19: note: expanded from macro '_GLIBCXX_DEPRECATED_SUGGEST'
  __attribute__ ((__deprecated__ ("use '" ALT "' instead")))
                  ^
1 warning generated.
flexe/application/FedSETRANDOMRSU11p.cc
flexe/application/FedSETRANDOMRSU11p.cc:222:18: warning: 'random_shuffle<__gnu_cxx::__normal_iterator<int *, std::vector<int>>>' is deprecated: use 'std::shuffle' instead [-Wdeprecated-declarations]
            std::random_shuffle(std::begin(connectedClientsVector), std::end(connectedClientsVector));
                 ^
/usr/bin/../lib/gcc/x86_64-linux-gnu/12/../../../../include/c++/12/bits/stl_algo.h:4539:5: note: 'random_shuffle<__gnu_cxx::__normal_iterator<int *, std::vector<int>>>' has been explicitly marked deprecated here
    _GLIBCXX14_DEPRECATED_SUGGEST("std::shuffle")
    ^
/usr/bin/../lib/gcc/x86_64-linux-gnu/12/../../../../include/x86_64-linux-gnu/c++/12/bits/c++config.h:112:45: note: expanded from macro '_GLIBCXX14_DEPRECATED_SUGGEST'
# define _GLIBCXX14_DEPRECATED_SUGGEST(ALT) _GLIBCXX_DEPRECATED_SUGGEST(ALT)
                                            ^
/usr/bin/../lib/gcc/x86_64-linux-gnu/12/../../../../include/x86_64-linux-gnu/c++/12/bits/c++config.h:96:19: note: expanded from macro '_GLIBCXX_DEPRECATED_SUGGEST'
  __attribute__ ((__deprecated__ ("use '" ALT "' instead")))
                  ^
1 warning generated.
flexe/application/MLApp.cc
flexe/application/MLEntropyApp.cc
flexe/proto/flexe.grpc.pb.cc
flexe/proto/flexe.pb.cc
Creating shared library: ../out/clang-release/src/libflexe.so
echo /home/flexe/Flexe
/home/flexe/Flexe
/home/flexe/.conan/data/protobuf/3.17.1/_/_/package/53f76f058631e1c3a500008c75af3f37d7786131/bin/protoc --proto_path /home/flexe/Flexe /home/flexe/Flexe/flexe.proto --cpp_out /home/flexe/Flexe/src/flexe/proto/ 
/home/flexe/.conan/data/protobuf/3.17.1/_/_/package/53f76f058631e1c3a500008c75af3f37d7786131/bin/protoc --proto_path /home/flexe/Flexe --grpc_out=/home/flexe/Flexe/src/flexe/proto/ --plugin=protoc-gen-grpc=/home/flexe/.conan/data/grpc/1.38.1/_/_/package/44ecaec4536223f790dd5e0a72b2d16b1dfaa76c/bin/grpc_cpp_plugin /home/flexe/Flexe/flexe.proto
make[1]: Leaving directory '/home/flexe/Flexe/src'
00:56:26 **** Incremental Build of configuration gcc-release for project veins ****
make MODE=release -j8 all 
make[1]: Entering directory '/home/flexe/veins-veins-5.2/src'
make[1]: Nothing to be done for 'all'.
make[1]: Leaving directory '/home/flexe/veins-veins-5.2/src'
00:56:27 **** Incremental Build of configuration release for project flexe ****
make MODE=release all 
cd src && make
make[1]: Entering directory '/home/flexe/Flexe/src'
flexe/application/FedLimRSU11p.cc
flexe/application/FedLimRSU11p.cc:225:18: warning: 'random_shuffle<__gnu_cxx::__normal_iterator<int *, std::vector<int>>>' is deprecated: use 'std::shuffle' instead [-Wdeprecated-declarations]
            std::random_shuffle(std::begin(connectedClientsVector), std::end(connectedClientsVector));
                 ^
/usr/bin/../lib/gcc/x86_64-linux-gnu/12/../../../../include/c++/12/bits/stl_algo.h:4539:5: note: 'random_shuffle<__gnu_cxx::__normal_iterator<int *, std::vector<int>>>' has been explicitly marked deprecated here
    _GLIBCXX14_DEPRECATED_SUGGEST("std::shuffle")
    ^
/usr/bin/../lib/gcc/x86_64-linux-gnu/12/../../../../include/x86_64-linux-gnu/c++/12/bits/c++config.h:112:45: note: expanded from macro '_GLIBCXX14_DEPRECATED_SUGGEST'
# define _GLIBCXX14_DEPRECATED_SUGGEST(ALT) _GLIBCXX_DEPRECATED_SUGGEST(ALT)
                                            ^
/usr/bin/../lib/gcc/x86_64-linux-gnu/12/../../../../include/x86_64-linux-gnu/c++/12/bits/c++config.h:96:19: note: expanded from macro '_GLIBCXX_DEPRECATED_SUGGEST'
  __attribute__ ((__deprecated__ ("use '" ALT "' instead")))
                  ^
1 warning generated.
flexe/application/FedSETRANDOMRSU11p.cc
flexe/application/FedSETRANDOMRSU11p.cc:222:18: warning: 'random_shuffle<__gnu_cxx::__normal_iterator<int *, std::vector<int>>>' is deprecated: use 'std::shuffle' instead [-Wdeprecated-declarations]
            std::random_shuffle(std::begin(connectedClientsVector), std::end(connectedClientsVector));
                 ^
/usr/bin/../lib/gcc/x86_64-linux-gnu/12/../../../../include/c++/12/bits/stl_algo.h:4539:5: note: 'random_shuffle<__gnu_cxx::__normal_iterator<int *, std::vector<int>>>' has been explicitly marked deprecated here
    _GLIBCXX14_DEPRECATED_SUGGEST("std::shuffle")
    ^
/usr/bin/../lib/gcc/x86_64-linux-gnu/12/../../../../include/x86_64-linux-gnu/c++/12/bits/c++config.h:112:45: note: expanded from macro '_GLIBCXX14_DEPRECATED_SUGGEST'
# define _GLIBCXX14_DEPRECATED_SUGGEST(ALT) _GLIBCXX_DEPRECATED_SUGGEST(ALT)
                                            ^
/usr/bin/../lib/gcc/x86_64-linux-gnu/12/../../../../include/x86_64-linux-gnu/c++/12/bits/c++config.h:96:19: note: expanded from macro '_GLIBCXX_DEPRECATED_SUGGEST'
  __attribute__ ((__deprecated__ ("use '" ALT "' instead")))
                  ^
1 warning generated.
flexe/application/MLApp.cc
flexe/application/MLEntropyApp.cc
flexe/proto/flexe.grpc.pb.cc
flexe/proto/flexe.pb.cc
Creating shared library: ../out/clang-release/src/libflexe.so
echo /home/flexe/Flexe
/home/flexe/Flexe
/home/flexe/.conan/data/protobuf/3.17.1/_/_/package/53f76f058631e1c3a500008c75af3f37d7786131/bin/protoc --proto_path /home/flexe/Flexe /home/flexe/Flexe/flexe.proto --cpp_out /home/flexe/Flexe/src/flexe/proto/ 
/home/flexe/.conan/data/protobuf/3.17.1/_/_/package/53f76f058631e1c3a500008c75af3f37d7786131/bin/protoc --proto_path /home/flexe/Flexe --grpc_out=/home/flexe/Flexe/src/flexe/proto/ --plugin=protoc-gen-grpc=/home/flexe/.conan/data/grpc/1.38.1/_/_/package/44ecaec4536223f790dd5e0a72b2d16b1dfaa76c/bin/grpc_cpp_plugin /home/flexe/Flexe/flexe.proto
make[1]: Leaving directory '/home/flexe/Flexe/src'
00:59:05 **** Incremental Build of configuration gcc-release for project veins ****
make MODE=release -j8 all 
make[1]: Entering directory '/home/flexe/veins-veins-5.2/src'
make[1]: Nothing to be done for 'all'.
make[1]: Leaving directory '/home/flexe/veins-veins-5.2/src'
00:59:06 **** Incremental Build of configuration release for project flexe ****
make MODE=release all 
cd src && make
make[1]: Entering directory '/home/flexe/Flexe/src'
flexe/application/FedLimRSU11p.cc
flexe/application/FedLimRSU11p.cc:225:18: warning: 'random_shuffle<__gnu_cxx::__normal_iterator<int *, std::vector<int>>>' is deprecated: use 'std::shuffle' instead [-Wdeprecated-declarations]
            std::random_shuffle(std::begin(connectedClientsVector), std::end(connectedClientsVector));
                 ^
/usr/bin/../lib/gcc/x86_64-linux-gnu/12/../../../../include/c++/12/bits/stl_algo.h:4539:5: note: 'random_shuffle<__gnu_cxx::__normal_iterator<int *, std::vector<int>>>' has been explicitly marked deprecated here
    _GLIBCXX14_DEPRECATED_SUGGEST("std::shuffle")
    ^
/usr/bin/../lib/gcc/x86_64-linux-gnu/12/../../../../include/x86_64-linux-gnu/c++/12/bits/c++config.h:112:45: note: expanded from macro '_GLIBCXX14_DEPRECATED_SUGGEST'
# define _GLIBCXX14_DEPRECATED_SUGGEST(ALT) _GLIBCXX_DEPRECATED_SUGGEST(ALT)
                                            ^
/usr/bin/../lib/gcc/x86_64-linux-gnu/12/../../../../include/x86_64-linux-gnu/c++/12/bits/c++config.h:96:19: note: expanded from macro '_GLIBCXX_DEPRECATED_SUGGEST'
  __attribute__ ((__deprecated__ ("use '" ALT "' instead")))
                  ^
1 warning generated.
flexe/application/FedSETRANDOMRSU11p.cc
flexe/application/FedSETRANDOMRSU11p.cc:222:18: warning: 'random_shuffle<__gnu_cxx::__normal_iterator<int *, std::vector<int>>>' is deprecated: use 'std::shuffle' instead [-Wdeprecated-declarations]
            std::random_shuffle(std::begin(connectedClientsVector), std::end(connectedClientsVector));
                 ^
/usr/bin/../lib/gcc/x86_64-linux-gnu/12/../../../../include/c++/12/bits/stl_algo.h:4539:5: note: 'random_shuffle<__gnu_cxx::__normal_iterator<int *, std::vector<int>>>' has been explicitly marked deprecated here
    _GLIBCXX14_DEPRECATED_SUGGEST("std::shuffle")
    ^
/usr/bin/../lib/gcc/x86_64-linux-gnu/12/../../../../include/x86_64-linux-gnu/c++/12/bits/c++config.h:112:45: note: expanded from macro '_GLIBCXX14_DEPRECATED_SUGGEST'
# define _GLIBCXX14_DEPRECATED_SUGGEST(ALT) _GLIBCXX_DEPRECATED_SUGGEST(ALT)
                                            ^
/usr/bin/../lib/gcc/x86_64-linux-gnu/12/../../../../include/x86_64-linux-gnu/c++/12/bits/c++config.h:96:19: note: expanded from macro '_GLIBCXX_DEPRECATED_SUGGEST'
  __attribute__ ((__deprecated__ ("use '" ALT "' instead")))
                  ^
1 warning generated.
flexe/application/MLApp.cc
flexe/application/MLEntropyApp.cc
flexe/proto/flexe.grpc.pb.cc
flexe/proto/flexe.pb.cc
Creating shared library: ../out/clang-release/src/libflexe.so
echo /home/flexe/Flexe
/home/flexe/Flexe
/home/flexe/.conan/data/protobuf/3.17.1/_/_/package/53f76f058631e1c3a500008c75af3f37d7786131/bin/protoc --proto_path /home/flexe/Flexe /home/flexe/Flexe/flexe.proto --cpp_out /home/flexe/Flexe/src/flexe/proto/ 
/home/flexe/.conan/data/protobuf/3.17.1/_/_/package/53f76f058631e1c3a500008c75af3f37d7786131/bin/protoc --proto_path /home/flexe/Flexe --grpc_out=/home/flexe/Flexe/src/flexe/proto/ --plugin=protoc-gen-grpc=/home/flexe/.conan/data/grpc/1.38.1/_/_/package/44ecaec4536223f790dd5e0a72b2d16b1dfaa76c/bin/grpc_cpp_plugin /home/flexe/Flexe/flexe.proto
make[1]: Leaving directory '/home/flexe/Flexe/src'
11:08:26 **** Incremental Build of configuration gcc-release for project veins ****
make MODE=release -j8 all 
make[1]: Entering directory '/home/flexe/veins-veins-5.2/src'
make[1]: Nothing to be done for 'all'.
make[1]: Leaving directory '/home/flexe/veins-veins-5.2/src'
11:08:26 **** Incremental Build of configuration release for project flexe ****
make MODE=release all 
cd src && make
make[1]: Entering directory '/home/flexe/Flexe/src'
flexe/application/FedLimRSU11p.cc
flexe/application/FedLimRSU11p.cc:225:18: warning: 'random_shuffle<__gnu_cxx::__normal_iterator<int *, std::vector<int>>>' is deprecated: use 'std::shuffle' instead [-Wdeprecated-declarations]
            std::random_shuffle(std::begin(connectedClientsVector), std::end(connectedClientsVector));
                 ^
/usr/bin/../lib/gcc/x86_64-linux-gnu/12/../../../../include/c++/12/bits/stl_algo.h:4539:5: note: 'random_shuffle<__gnu_cxx::__normal_iterator<int *, std::vector<int>>>' has been explicitly marked deprecated here
    _GLIBCXX14_DEPRECATED_SUGGEST("std::shuffle")
    ^
/usr/bin/../lib/gcc/x86_64-linux-gnu/12/../../../../include/x86_64-linux-gnu/c++/12/bits/c++config.h:112:45: note: expanded from macro '_GLIBCXX14_DEPRECATED_SUGGEST'
# define _GLIBCXX14_DEPRECATED_SUGGEST(ALT) _GLIBCXX_DEPRECATED_SUGGEST(ALT)
                                            ^
/usr/bin/../lib/gcc/x86_64-linux-gnu/12/../../../../include/x86_64-linux-gnu/c++/12/bits/c++config.h:96:19: note: expanded from macro '_GLIBCXX_DEPRECATED_SUGGEST'
  __attribute__ ((__deprecated__ ("use '" ALT "' instead")))
                  ^
1 warning generated.
flexe/application/FedSETRANDOMRSU11p.cc
flexe/application/FedSETRANDOMRSU11p.cc:222:18: warning: 'random_shuffle<__gnu_cxx::__normal_iterator<int *, std::vector<int>>>' is deprecated: use 'std::shuffle' instead [-Wdeprecated-declarations]
            std::random_shuffle(std::begin(connectedClientsVector), std::end(connectedClientsVector));
                 ^
/usr/bin/../lib/gcc/x86_64-linux-gnu/12/../../../../include/c++/12/bits/stl_algo.h:4539:5: note: 'random_shuffle<__gnu_cxx::__normal_iterator<int *, std::vector<int>>>' has been explicitly marked deprecated here
    _GLIBCXX14_DEPRECATED_SUGGEST("std::shuffle")
    ^
/usr/bin/../lib/gcc/x86_64-linux-gnu/12/../../../../include/x86_64-linux-gnu/c++/12/bits/c++config.h:112:45: note: expanded from macro '_GLIBCXX14_DEPRECATED_SUGGEST'
# define _GLIBCXX14_DEPRECATED_SUGGEST(ALT) _GLIBCXX_DEPRECATED_SUGGEST(ALT)
                                            ^
/usr/bin/../lib/gcc/x86_64-linux-gnu/12/../../../../include/x86_64-linux-gnu/c++/12/bits/c++config.h:96:19: note: expanded from macro '_GLIBCXX_DEPRECATED_SUGGEST'
  __attribute__ ((__deprecated__ ("use '" ALT "' instead")))
                  ^
1 warning generated.
flexe/application/MLApp.cc
flexe/application/MLEntropyApp.cc
flexe/proto/flexe.grpc.pb.cc
flexe/proto/flexe.pb.cc
Creating shared library: ../out/clang-release/src/libflexe.so
echo /home/flexe/Flexe
/home/flexe/Flexe
/home/flexe/.conan/data/protobuf/3.17.1/_/_/package/53f76f058631e1c3a500008c75af3f37d7786131/bin/protoc --proto_path /home/flexe/Flexe /home/flexe/Flexe/flexe.proto --cpp_out /home/flexe/Flexe/src/flexe/proto/ 
/home/flexe/.conan/data/protobuf/3.17.1/_/_/package/53f76f058631e1c3a500008c75af3f37d7786131/bin/protoc --proto_path /home/flexe/Flexe --grpc_out=/home/flexe/Flexe/src/flexe/proto/ --plugin=protoc-gen-grpc=/home/flexe/.conan/data/grpc/1.38.1/_/_/package/44ecaec4536223f790dd5e0a72b2d16b1dfaa76c/bin/grpc_cpp_plugin /home/flexe/Flexe/flexe.proto
make[1]: Leaving directory '/home/flexe/Flexe/src'
11:10:30 **** Incremental Build of configuration gcc-release for project veins ****
make MODE=release -j8 all 
make[1]: Entering directory '/home/flexe/veins-veins-5.2/src'
make[1]: Nothing to be done for 'all'.
make[1]: Leaving directory '/home/flexe/veins-veins-5.2/src'
11:10:31 **** Incremental Build of configuration release for project flexe ****
make MODE=release all 
cd src && make
make[1]: Entering directory '/home/flexe/Flexe/src'
flexe/application/FedLimRSU11p.cc
flexe/application/FedLimRSU11p.cc:225:18: warning: 'random_shuffle<__gnu_cxx::__normal_iterator<int *, std::vector<int>>>' is deprecated: use 'std::shuffle' instead [-Wdeprecated-declarations]
            std::random_shuffle(std::begin(connectedClientsVector), std::end(connectedClientsVector));
                 ^
/usr/bin/../lib/gcc/x86_64-linux-gnu/12/../../../../include/c++/12/bits/stl_algo.h:4539:5: note: 'random_shuffle<__gnu_cxx::__normal_iterator<int *, std::vector<int>>>' has been explicitly marked deprecated here
    _GLIBCXX14_DEPRECATED_SUGGEST("std::shuffle")
    ^
/usr/bin/../lib/gcc/x86_64-linux-gnu/12/../../../../include/x86_64-linux-gnu/c++/12/bits/c++config.h:112:45: note: expanded from macro '_GLIBCXX14_DEPRECATED_SUGGEST'
# define _GLIBCXX14_DEPRECATED_SUGGEST(ALT) _GLIBCXX_DEPRECATED_SUGGEST(ALT)
                                            ^
/usr/bin/../lib/gcc/x86_64-linux-gnu/12/../../../../include/x86_64-linux-gnu/c++/12/bits/c++config.h:96:19: note: expanded from macro '_GLIBCXX_DEPRECATED_SUGGEST'
  __attribute__ ((__deprecated__ ("use '" ALT "' instead")))
                  ^
1 warning generated.
flexe/application/FedSETRANDOMRSU11p.cc
flexe/application/FedSETRANDOMRSU11p.cc:222:18: warning: 'random_shuffle<__gnu_cxx::__normal_iterator<int *, std::vector<int>>>' is deprecated: use 'std::shuffle' instead [-Wdeprecated-declarations]
            std::random_shuffle(std::begin(connectedClientsVector), std::end(connectedClientsVector));
                 ^
/usr/bin/../lib/gcc/x86_64-linux-gnu/12/../../../../include/c++/12/bits/stl_algo.h:4539:5: note: 'random_shuffle<__gnu_cxx::__normal_iterator<int *, std::vector<int>>>' has been explicitly marked deprecated here
    _GLIBCXX14_DEPRECATED_SUGGEST("std::shuffle")
    ^
/usr/bin/../lib/gcc/x86_64-linux-gnu/12/../../../../include/x86_64-linux-gnu/c++/12/bits/c++config.h:112:45: note: expanded from macro '_GLIBCXX14_DEPRECATED_SUGGEST'
# define _GLIBCXX14_DEPRECATED_SUGGEST(ALT) _GLIBCXX_DEPRECATED_SUGGEST(ALT)
                                            ^
/usr/bin/../lib/gcc/x86_64-linux-gnu/12/../../../../include/x86_64-linux-gnu/c++/12/bits/c++config.h:96:19: note: expanded from macro '_GLIBCXX_DEPRECATED_SUGGEST'
  __attribute__ ((__deprecated__ ("use '" ALT "' instead")))
                  ^
1 warning generated.
flexe/application/MLApp.cc
flexe/application/MLEntropyApp.cc
flexe/proto/flexe.grpc.pb.cc
flexe/proto/flexe.pb.cc
Creating shared library: ../out/clang-release/src/libflexe.so
echo /home/flexe/Flexe
/home/flexe/Flexe
/home/flexe/.conan/data/protobuf/3.17.1/_/_/package/53f76f058631e1c3a500008c75af3f37d7786131/bin/protoc --proto_path /home/flexe/Flexe /home/flexe/Flexe/flexe.proto --cpp_out /home/flexe/Flexe/src/flexe/proto/ 
/home/flexe/.conan/data/protobuf/3.17.1/_/_/package/53f76f058631e1c3a500008c75af3f37d7786131/bin/protoc --proto_path /home/flexe/Flexe --grpc_out=/home/flexe/Flexe/src/flexe/proto/ --plugin=protoc-gen-grpc=/home/flexe/.conan/data/grpc/1.38.1/_/_/package/44ecaec4536223f790dd5e0a72b2d16b1dfaa76c/bin/grpc_cpp_plugin /home/flexe/Flexe/flexe.proto
make[1]: Leaving directory '/home/flexe/Flexe/src'
11:53:06 **** Incremental Build of configuration gcc-release for project veins ****
make MODE=release -j8 all 
make[1]: Entering directory '/home/flexe/veins-veins-5.2/src'
make[1]: Nothing to be done for 'all'.
make[1]: Leaving directory '/home/flexe/veins-veins-5.2/src'
11:53:07 **** Incremental Build of configuration release for project flexe ****
make MODE=release all 
cd src && make
make[1]: Entering directory '/home/flexe/Flexe/src'
flexe/application/FedLimRSU11p.cc
flexe/application/FedLimRSU11p.cc:225:18: warning: 'random_shuffle<__gnu_cxx::__normal_iterator<int *, std::vector<int>>>' is deprecated: use 'std::shuffle' instead [-Wdeprecated-declarations]
            std::random_shuffle(std::begin(connectedClientsVector), std::end(connectedClientsVector));
                 ^
/usr/bin/../lib/gcc/x86_64-linux-gnu/12/../../../../include/c++/12/bits/stl_algo.h:4539:5: note: 'random_shuffle<__gnu_cxx::__normal_iterator<int *, std::vector<int>>>' has been explicitly marked deprecated here
    _GLIBCXX14_DEPRECATED_SUGGEST("std::shuffle")
    ^
/usr/bin/../lib/gcc/x86_64-linux-gnu/12/../../../../include/x86_64-linux-gnu/c++/12/bits/c++config.h:112:45: note: expanded from macro '_GLIBCXX14_DEPRECATED_SUGGEST'
# define _GLIBCXX14_DEPRECATED_SUGGEST(ALT) _GLIBCXX_DEPRECATED_SUGGEST(ALT)
                                            ^
/usr/bin/../lib/gcc/x86_64-linux-gnu/12/../../../../include/x86_64-linux-gnu/c++/12/bits/c++config.h:96:19: note: expanded from macro '_GLIBCXX_DEPRECATED_SUGGEST'
  __attribute__ ((__deprecated__ ("use '" ALT "' instead")))
                  ^
1 warning generated.
flexe/application/FedSETRANDOMRSU11p.cc
flexe/application/FedSETRANDOMRSU11p.cc:222:18: warning: 'random_shuffle<__gnu_cxx::__normal_iterator<int *, std::vector<int>>>' is deprecated: use 'std::shuffle' instead [-Wdeprecated-declarations]
            std::random_shuffle(std::begin(connectedClientsVector), std::end(connectedClientsVector));
                 ^
/usr/bin/../lib/gcc/x86_64-linux-gnu/12/../../../../include/c++/12/bits/stl_algo.h:4539:5: note: 'random_shuffle<__gnu_cxx::__normal_iterator<int *, std::vector<int>>>' has been explicitly marked deprecated here
    _GLIBCXX14_DEPRECATED_SUGGEST("std::shuffle")
    ^
/usr/bin/../lib/gcc/x86_64-linux-gnu/12/../../../../include/x86_64-linux-gnu/c++/12/bits/c++config.h:112:45: note: expanded from macro '_GLIBCXX14_DEPRECATED_SUGGEST'
# define _GLIBCXX14_DEPRECATED_SUGGEST(ALT) _GLIBCXX_DEPRECATED_SUGGEST(ALT)
                                            ^
/usr/bin/../lib/gcc/x86_64-linux-gnu/12/../../../../include/x86_64-linux-gnu/c++/12/bits/c++config.h:96:19: note: expanded from macro '_GLIBCXX_DEPRECATED_SUGGEST'
  __attribute__ ((__deprecated__ ("use '" ALT "' instead")))
                  ^
1 warning generated.
flexe/application/MLApp.cc
flexe/application/MLEntropyApp.cc
flexe/proto/flexe.grpc.pb.cc
flexe/proto/flexe.pb.cc
Creating shared library: ../out/clang-release/src/libflexe.so
echo /home/flexe/Flexe
/home/flexe/Flexe
/home/flexe/.conan/data/protobuf/3.17.1/_/_/package/53f76f058631e1c3a500008c75af3f37d7786131/bin/protoc --proto_path /home/flexe/Flexe /home/flexe/Flexe/flexe.proto --cpp_out /home/flexe/Flexe/src/flexe/proto/ 
/home/flexe/.conan/data/protobuf/3.17.1/_/_/package/53f76f058631e1c3a500008c75af3f37d7786131/bin/protoc --proto_path /home/flexe/Flexe --grpc_out=/home/flexe/Flexe/src/flexe/proto/ --plugin=protoc-gen-grpc=/home/flexe/.conan/data/grpc/1.38.1/_/_/package/44ecaec4536223f790dd5e0a72b2d16b1dfaa76c/bin/grpc_cpp_plugin /home/flexe/Flexe/flexe.proto
make[1]: Leaving directory '/home/flexe/Flexe/src'
11:53:59 **** Incremental Build of configuration gcc-release for project veins ****
make MODE=release -j8 all 
make[1]: Entering directory '/home/flexe/veins-veins-5.2/src'
make[1]: Nothing to be done for 'all'.
make[1]: Leaving directory '/home/flexe/veins-veins-5.2/src'
11:54:00 **** Incremental Build of configuration release for project flexe ****
make MODE=release all 
cd src && make
make[1]: Entering directory '/home/flexe/Flexe/src'
flexe/application/FedLimRSU11p.cc
flexe/application/FedLimRSU11p.cc:225:18: warning: 'random_shuffle<__gnu_cxx::__normal_iterator<int *, std::vector<int>>>' is deprecated: use 'std::shuffle' instead [-Wdeprecated-declarations]
            std::random_shuffle(std::begin(connectedClientsVector), std::end(connectedClientsVector));
                 ^
/usr/bin/../lib/gcc/x86_64-linux-gnu/12/../../../../include/c++/12/bits/stl_algo.h:4539:5: note: 'random_shuffle<__gnu_cxx::__normal_iterator<int *, std::vector<int>>>' has been explicitly marked deprecated here
    _GLIBCXX14_DEPRECATED_SUGGEST("std::shuffle")
    ^
/usr/bin/../lib/gcc/x86_64-linux-gnu/12/../../../../include/x86_64-linux-gnu/c++/12/bits/c++config.h:112:45: note: expanded from macro '_GLIBCXX14_DEPRECATED_SUGGEST'
# define _GLIBCXX14_DEPRECATED_SUGGEST(ALT) _GLIBCXX_DEPRECATED_SUGGEST(ALT)
                                            ^
/usr/bin/../lib/gcc/x86_64-linux-gnu/12/../../../../include/x86_64-linux-gnu/c++/12/bits/c++config.h:96:19: note: expanded from macro '_GLIBCXX_DEPRECATED_SUGGEST'
  __attribute__ ((__deprecated__ ("use '" ALT "' instead")))
                  ^
1 warning generated.
flexe/application/FedSETRANDOMRSU11p.cc
flexe/application/FedSETRANDOMRSU11p.cc:222:18: warning: 'random_shuffle<__gnu_cxx::__normal_iterator<int *, std::vector<int>>>' is deprecated: use 'std::shuffle' instead [-Wdeprecated-declarations]
            std::random_shuffle(std::begin(connectedClientsVector), std::end(connectedClientsVector));
                 ^
/usr/bin/../lib/gcc/x86_64-linux-gnu/12/../../../../include/c++/12/bits/stl_algo.h:4539:5: note: 'random_shuffle<__gnu_cxx::__normal_iterator<int *, std::vector<int>>>' has been explicitly marked deprecated here
    _GLIBCXX14_DEPRECATED_SUGGEST("std::shuffle")
    ^
/usr/bin/../lib/gcc/x86_64-linux-gnu/12/../../../../include/x86_64-linux-gnu/c++/12/bits/c++config.h:112:45: note: expanded from macro '_GLIBCXX14_DEPRECATED_SUGGEST'
# define _GLIBCXX14_DEPRECATED_SUGGEST(ALT) _GLIBCXX_DEPRECATED_SUGGEST(ALT)
                                            ^
/usr/bin/../lib/gcc/x86_64-linux-gnu/12/../../../../include/x86_64-linux-gnu/c++/12/bits/c++config.h:96:19: note: expanded from macro '_GLIBCXX_DEPRECATED_SUGGEST'
  __attribute__ ((__deprecated__ ("use '" ALT "' instead")))
                  ^
1 warning generated.
flexe/application/MLApp.cc
flexe/application/MLEntropyApp.cc
flexe/proto/flexe.grpc.pb.cc
flexe/proto/flexe.pb.cc
Creating shared library: ../out/clang-release/src/libflexe.so
echo /home/flexe/Flexe
/home/flexe/Flexe
/home/flexe/.conan/data/protobuf/3.17.1/_/_/package/53f76f058631e1c3a500008c75af3f37d7786131/bin/protoc --proto_path /home/flexe/Flexe /home/flexe/Flexe/flexe.proto --cpp_out /home/flexe/Flexe/src/flexe/proto/ 
/home/flexe/.conan/data/protobuf/3.17.1/_/_/package/53f76f058631e1c3a500008c75af3f37d7786131/bin/protoc --proto_path /home/flexe/Flexe --grpc_out=/home/flexe/Flexe/src/flexe/proto/ --plugin=protoc-gen-grpc=/home/flexe/.conan/data/grpc/1.38.1/_/_/package/44ecaec4536223f790dd5e0a72b2d16b1dfaa76c/bin/grpc_cpp_plugin /home/flexe/Flexe/flexe.proto
make[1]: Leaving directory '/home/flexe/Flexe/src'
12:08:07 **** Incremental Build of configuration gcc-release for project veins ****
make MODE=release -j8 all 
make[1]: Entering directory '/home/flexe/veins-veins-5.2/src'
make[1]: Nothing to be done for 'all'.
make[1]: Leaving directory '/home/flexe/veins-veins-5.2/src'
12:08:08 **** Incremental Build of configuration release for project flexe ****
make MODE=release all 
cd src && make
make[1]: Entering directory '/home/flexe/Flexe/src'
flexe/application/FedLimRSU11p.cc
flexe/application/FedLimRSU11p.cc:225:18: warning: 'random_shuffle<__gnu_cxx::__normal_iterator<int *, std::vector<int>>>' is deprecated: use 'std::shuffle' instead [-Wdeprecated-declarations]
            std::random_shuffle(std::begin(connectedClientsVector), std::end(connectedClientsVector));
                 ^
/usr/bin/../lib/gcc/x86_64-linux-gnu/12/../../../../include/c++/12/bits/stl_algo.h:4539:5: note: 'random_shuffle<__gnu_cxx::__normal_iterator<int *, std::vector<int>>>' has been explicitly marked deprecated here
    _GLIBCXX14_DEPRECATED_SUGGEST("std::shuffle")
    ^
/usr/bin/../lib/gcc/x86_64-linux-gnu/12/../../../../include/x86_64-linux-gnu/c++/12/bits/c++config.h:112:45: note: expanded from macro '_GLIBCXX14_DEPRECATED_SUGGEST'
# define _GLIBCXX14_DEPRECATED_SUGGEST(ALT) _GLIBCXX_DEPRECATED_SUGGEST(ALT)
                                            ^
/usr/bin/../lib/gcc/x86_64-linux-gnu/12/../../../../include/x86_64-linux-gnu/c++/12/bits/c++config.h:96:19: note: expanded from macro '_GLIBCXX_DEPRECATED_SUGGEST'
  __attribute__ ((__deprecated__ ("use '" ALT "' instead")))
                  ^
1 warning generated.
flexe/application/FedSETRANDOMRSU11p.cc
flexe/application/FedSETRANDOMRSU11p.cc:222:18: warning: 'random_shuffle<__gnu_cxx::__normal_iterator<int *, std::vector<int>>>' is deprecated: use 'std::shuffle' instead [-Wdeprecated-declarations]
            std::random_shuffle(std::begin(connectedClientsVector), std::end(connectedClientsVector));
                 ^
/usr/bin/../lib/gcc/x86_64-linux-gnu/12/../../../../include/c++/12/bits/stl_algo.h:4539:5: note: 'random_shuffle<__gnu_cxx::__normal_iterator<int *, std::vector<int>>>' has been explicitly marked deprecated here
    _GLIBCXX14_DEPRECATED_SUGGEST("std::shuffle")
    ^
/usr/bin/../lib/gcc/x86_64-linux-gnu/12/../../../../include/x86_64-linux-gnu/c++/12/bits/c++config.h:112:45: note: expanded from macro '_GLIBCXX14_DEPRECATED_SUGGEST'
# define _GLIBCXX14_DEPRECATED_SUGGEST(ALT) _GLIBCXX_DEPRECATED_SUGGEST(ALT)
                                            ^
/usr/bin/../lib/gcc/x86_64-linux-gnu/12/../../../../include/x86_64-linux-gnu/c++/12/bits/c++config.h:96:19: note: expanded from macro '_GLIBCXX_DEPRECATED_SUGGEST'
  __attribute__ ((__deprecated__ ("use '" ALT "' instead")))
                  ^
1 warning generated.
flexe/application/MLApp.cc
flexe/application/MLEntropyApp.cc
flexe/proto/flexe.grpc.pb.cc
flexe/proto/flexe.pb.cc
Creating shared library: ../out/clang-release/src/libflexe.so
echo /home/flexe/Flexe
/home/flexe/Flexe
/home/flexe/.conan/data/protobuf/3.17.1/_/_/package/53f76f058631e1c3a500008c75af3f37d7786131/bin/protoc --proto_path /home/flexe/Flexe /home/flexe/Flexe/flexe.proto --cpp_out /home/flexe/Flexe/src/flexe/proto/ 
/home/flexe/.conan/data/protobuf/3.17.1/_/_/package/53f76f058631e1c3a500008c75af3f37d7786131/bin/protoc --proto_path /home/flexe/Flexe --grpc_out=/home/flexe/Flexe/src/flexe/proto/ --plugin=protoc-gen-grpc=/home/flexe/.conan/data/grpc/1.38.1/_/_/package/44ecaec4536223f790dd5e0a72b2d16b1dfaa76c/bin/grpc_cpp_plugin /home/flexe/Flexe/flexe.proto
make[1]: Leaving directory '/home/flexe/Flexe/src'
20:22:36 **** Incremental Build of configuration gcc-release for project veins ****
make MODE=release -j8 all 
make[1]: Entering directory '/home/flexe/veins-veins-5.2/src'
make[1]: Nothing to be done for 'all'.
make[1]: Leaving directory '/home/flexe/veins-veins-5.2/src'
20:22:37 **** Incremental Build of configuration release for project flexe ****
make MODE=release all 
cd src && make
make[1]: Entering directory '/home/flexe/Flexe/src'
flexe/application/FedLimRSU11p.cc
flexe/application/FedLimRSU11p.cc:225:18: warning: 'random_shuffle<__gnu_cxx::__normal_iterator<int *, std::vector<int>>>' is deprecated: use 'std::shuffle' instead [-Wdeprecated-declarations]
            std::random_shuffle(std::begin(connectedClientsVector), std::end(connectedClientsVector));
                 ^
/usr/bin/../lib/gcc/x86_64-linux-gnu/12/../../../../include/c++/12/bits/stl_algo.h:4539:5: note: 'random_shuffle<__gnu_cxx::__normal_iterator<int *, std::vector<int>>>' has been explicitly marked deprecated here
    _GLIBCXX14_DEPRECATED_SUGGEST("std::shuffle")
    ^
/usr/bin/../lib/gcc/x86_64-linux-gnu/12/../../../../include/x86_64-linux-gnu/c++/12/bits/c++config.h:112:45: note: expanded from macro '_GLIBCXX14_DEPRECATED_SUGGEST'
# define _GLIBCXX14_DEPRECATED_SUGGEST(ALT) _GLIBCXX_DEPRECATED_SUGGEST(ALT)
                                            ^
/usr/bin/../lib/gcc/x86_64-linux-gnu/12/../../../../include/x86_64-linux-gnu/c++/12/bits/c++config.h:96:19: note: expanded from macro '_GLIBCXX_DEPRECATED_SUGGEST'
  __attribute__ ((__deprecated__ ("use '" ALT "' instead")))
                  ^
1 warning generated.
flexe/application/FedSETRANDOMRSU11p.cc
flexe/application/FedSETRANDOMRSU11p.cc:222:18: warning: 'random_shuffle<__gnu_cxx::__normal_iterator<int *, std::vector<int>>>' is deprecated: use 'std::shuffle' instead [-Wdeprecated-declarations]
            std::random_shuffle(std::begin(connectedClientsVector), std::end(connectedClientsVector));
                 ^
/usr/bin/../lib/gcc/x86_64-linux-gnu/12/../../../../include/c++/12/bits/stl_algo.h:4539:5: note: 'random_shuffle<__gnu_cxx::__normal_iterator<int *, std::vector<int>>>' has been explicitly marked deprecated here
    _GLIBCXX14_DEPRECATED_SUGGEST("std::shuffle")
    ^
/usr/bin/../lib/gcc/x86_64-linux-gnu/12/../../../../include/x86_64-linux-gnu/c++/12/bits/c++config.h:112:45: note: expanded from macro '_GLIBCXX14_DEPRECATED_SUGGEST'
# define _GLIBCXX14_DEPRECATED_SUGGEST(ALT) _GLIBCXX_DEPRECATED_SUGGEST(ALT)
                                            ^
/usr/bin/../lib/gcc/x86_64-linux-gnu/12/../../../../include/x86_64-linux-gnu/c++/12/bits/c++config.h:96:19: note: expanded from macro '_GLIBCXX_DEPRECATED_SUGGEST'
  __attribute__ ((__deprecated__ ("use '" ALT "' instead")))
                  ^
1 warning generated.
flexe/application/MLApp.cc
flexe/application/MLEntropyApp.cc
flexe/proto/flexe.grpc.pb.cc
flexe/proto/flexe.pb.cc
Creating shared library: ../out/clang-release/src/libflexe.so
echo /home/flexe/Flexe
/home/flexe/Flexe
/home/flexe/.conan/data/protobuf/3.17.1/_/_/package/53f76f058631e1c3a500008c75af3f37d7786131/bin/protoc --proto_path /home/flexe/Flexe /home/flexe/Flexe/flexe.proto --cpp_out /home/flexe/Flexe/src/flexe/proto/ 
/home/flexe/.conan/data/protobuf/3.17.1/_/_/package/53f76f058631e1c3a500008c75af3f37d7786131/bin/protoc --proto_path /home/flexe/Flexe --grpc_out=/home/flexe/Flexe/src/flexe/proto/ --plugin=protoc-gen-grpc=/home/flexe/.conan/data/grpc/1.38.1/_/_/package/44ecaec4536223f790dd5e0a72b2d16b1dfaa76c/bin/grpc_cpp_plugin /home/flexe/Flexe/flexe.proto
make[1]: Leaving directory '/home/flexe/Flexe/src'
20:30:06 **** Incremental Build of configuration gcc-release for project veins ****
make MODE=release -j8 all 
make[1]: Entering directory '/home/flexe/veins-veins-5.2/src'
make[1]: Nothing to be done for 'all'.
make[1]: Leaving directory '/home/flexe/veins-veins-5.2/src'
20:30:07 **** Incremental Build of configuration release for project flexe ****
make MODE=release all 
cd src && make
make[1]: Entering directory '/home/flexe/Flexe/src'
flexe/application/FedLimRSU11p.cc
flexe/application/FedLimRSU11p.cc:225:18: warning: 'random_shuffle<__gnu_cxx::__normal_iterator<int *, std::vector<int>>>' is deprecated: use 'std::shuffle' instead [-Wdeprecated-declarations]
            std::random_shuffle(std::begin(connectedClientsVector), std::end(connectedClientsVector));
                 ^
/usr/bin/../lib/gcc/x86_64-linux-gnu/12/../../../../include/c++/12/bits/stl_algo.h:4539:5: note: 'random_shuffle<__gnu_cxx::__normal_iterator<int *, std::vector<int>>>' has been explicitly marked deprecated here
    _GLIBCXX14_DEPRECATED_SUGGEST("std::shuffle")
    ^
/usr/bin/../lib/gcc/x86_64-linux-gnu/12/../../../../include/x86_64-linux-gnu/c++/12/bits/c++config.h:112:45: note: expanded from macro '_GLIBCXX14_DEPRECATED_SUGGEST'
# define _GLIBCXX14_DEPRECATED_SUGGEST(ALT) _GLIBCXX_DEPRECATED_SUGGEST(ALT)
                                            ^
/usr/bin/../lib/gcc/x86_64-linux-gnu/12/../../../../include/x86_64-linux-gnu/c++/12/bits/c++config.h:96:19: note: expanded from macro '_GLIBCXX_DEPRECATED_SUGGEST'
  __attribute__ ((__deprecated__ ("use '" ALT "' instead")))
                  ^
1 warning generated.
flexe/application/FedSETRANDOMRSU11p.cc
flexe/application/FedSETRANDOMRSU11p.cc:222:18: warning: 'random_shuffle<__gnu_cxx::__normal_iterator<int *, std::vector<int>>>' is deprecated: use 'std::shuffle' instead [-Wdeprecated-declarations]
            std::random_shuffle(std::begin(connectedClientsVector), std::end(connectedClientsVector));
                 ^
/usr/bin/../lib/gcc/x86_64-linux-gnu/12/../../../../include/c++/12/bits/stl_algo.h:4539:5: note: 'random_shuffle<__gnu_cxx::__normal_iterator<int *, std::vector<int>>>' has been explicitly marked deprecated here
    _GLIBCXX14_DEPRECATED_SUGGEST("std::shuffle")
    ^
/usr/bin/../lib/gcc/x86_64-linux-gnu/12/../../../../include/x86_64-linux-gnu/c++/12/bits/c++config.h:112:45: note: expanded from macro '_GLIBCXX14_DEPRECATED_SUGGEST'
# define _GLIBCXX14_DEPRECATED_SUGGEST(ALT) _GLIBCXX_DEPRECATED_SUGGEST(ALT)
                                            ^
/usr/bin/../lib/gcc/x86_64-linux-gnu/12/../../../../include/x86_64-linux-gnu/c++/12/bits/c++config.h:96:19: note: expanded from macro '_GLIBCXX_DEPRECATED_SUGGEST'
  __attribute__ ((__deprecated__ ("use '" ALT "' instead")))
                  ^
1 warning generated.
flexe/application/MLApp.cc
flexe/application/MLEntropyApp.cc
flexe/proto/flexe.grpc.pb.cc
flexe/proto/flexe.pb.cc
Creating shared library: ../out/clang-release/src/libflexe.so
echo /home/flexe/Flexe
/home/flexe/Flexe
/home/flexe/.conan/data/protobuf/3.17.1/_/_/package/53f76f058631e1c3a500008c75af3f37d7786131/bin/protoc --proto_path /home/flexe/Flexe /home/flexe/Flexe/flexe.proto --cpp_out /home/flexe/Flexe/src/flexe/proto/ 
/home/flexe/.conan/data/protobuf/3.17.1/_/_/package/53f76f058631e1c3a500008c75af3f37d7786131/bin/protoc --proto_path /home/flexe/Flexe --grpc_out=/home/flexe/Flexe/src/flexe/proto/ --plugin=protoc-gen-grpc=/home/flexe/.conan/data/grpc/1.38.1/_/_/package/44ecaec4536223f790dd5e0a72b2d16b1dfaa76c/bin/grpc_cpp_plugin /home/flexe/Flexe/flexe.proto
make[1]: Leaving directory '/home/flexe/Flexe/src'
20:30:56 **** Incremental Build of configuration gcc-release for project veins ****
make MODE=release -j8 all 
make[1]: Entering directory '/home/flexe/veins-veins-5.2/src'
make[1]: Nothing to be done for 'all'.
make[1]: Leaving directory '/home/flexe/veins-veins-5.2/src'
20:30:57 **** Incremental Build of configuration release for project flexe ****
make MODE=release all 
cd src && make
make[1]: Entering directory '/home/flexe/Flexe/src'
flexe/application/FedLimRSU11p.cc
flexe/application/FedLimRSU11p.cc:225:18: warning: 'random_shuffle<__gnu_cxx::__normal_iterator<int *, std::vector<int>>>' is deprecated: use 'std::shuffle' instead [-Wdeprecated-declarations]
            std::random_shuffle(std::begin(connectedClientsVector), std::end(connectedClientsVector));
                 ^
/usr/bin/../lib/gcc/x86_64-linux-gnu/12/../../../../include/c++/12/bits/stl_algo.h:4539:5: note: 'random_shuffle<__gnu_cxx::__normal_iterator<int *, std::vector<int>>>' has been explicitly marked deprecated here
    _GLIBCXX14_DEPRECATED_SUGGEST("std::shuffle")
    ^
/usr/bin/../lib/gcc/x86_64-linux-gnu/12/../../../../include/x86_64-linux-gnu/c++/12/bits/c++config.h:112:45: note: expanded from macro '_GLIBCXX14_DEPRECATED_SUGGEST'
# define _GLIBCXX14_DEPRECATED_SUGGEST(ALT) _GLIBCXX_DEPRECATED_SUGGEST(ALT)
                                            ^
/usr/bin/../lib/gcc/x86_64-linux-gnu/12/../../../../include/x86_64-linux-gnu/c++/12/bits/c++config.h:96:19: note: expanded from macro '_GLIBCXX_DEPRECATED_SUGGEST'
  __attribute__ ((__deprecated__ ("use '" ALT "' instead")))
                  ^
1 warning generated.
flexe/application/FedSETRANDOMRSU11p.cc
flexe/application/FedSETRANDOMRSU11p.cc:222:18: warning: 'random_shuffle<__gnu_cxx::__normal_iterator<int *, std::vector<int>>>' is deprecated: use 'std::shuffle' instead [-Wdeprecated-declarations]
            std::random_shuffle(std::begin(connectedClientsVector), std::end(connectedClientsVector));
                 ^
/usr/bin/../lib/gcc/x86_64-linux-gnu/12/../../../../include/c++/12/bits/stl_algo.h:4539:5: note: 'random_shuffle<__gnu_cxx::__normal_iterator<int *, std::vector<int>>>' has been explicitly marked deprecated here
    _GLIBCXX14_DEPRECATED_SUGGEST("std::shuffle")
    ^
/usr/bin/../lib/gcc/x86_64-linux-gnu/12/../../../../include/x86_64-linux-gnu/c++/12/bits/c++config.h:112:45: note: expanded from macro '_GLIBCXX14_DEPRECATED_SUGGEST'
# define _GLIBCXX14_DEPRECATED_SUGGEST(ALT) _GLIBCXX_DEPRECATED_SUGGEST(ALT)
                                            ^
/usr/bin/../lib/gcc/x86_64-linux-gnu/12/../../../../include/x86_64-linux-gnu/c++/12/bits/c++config.h:96:19: note: expanded from macro '_GLIBCXX_DEPRECATED_SUGGEST'
  __attribute__ ((__deprecated__ ("use '" ALT "' instead")))
                  ^
1 warning generated.
flexe/application/MLApp.cc
flexe/application/MLEntropyApp.cc
flexe/proto/flexe.grpc.pb.cc
flexe/proto/flexe.pb.cc
Creating shared library: ../out/clang-release/src/libflexe.so
echo /home/flexe/Flexe
/home/flexe/Flexe
/home/flexe/.conan/data/protobuf/3.17.1/_/_/package/53f76f058631e1c3a500008c75af3f37d7786131/bin/protoc --proto_path /home/flexe/Flexe /home/flexe/Flexe/flexe.proto --cpp_out /home/flexe/Flexe/src/flexe/proto/ 
/home/flexe/.conan/data/protobuf/3.17.1/_/_/package/53f76f058631e1c3a500008c75af3f37d7786131/bin/protoc --proto_path /home/flexe/Flexe --grpc_out=/home/flexe/Flexe/src/flexe/proto/ --plugin=protoc-gen-grpc=/home/flexe/.conan/data/grpc/1.38.1/_/_/package/44ecaec4536223f790dd5e0a72b2d16b1dfaa76c/bin/grpc_cpp_plugin /home/flexe/Flexe/flexe.proto
make[1]: Leaving directory '/home/flexe/Flexe/src'
20:47:09 **** Incremental Build of configuration gcc-release for project veins ****
make MODE=release -j8 all 
make[1]: Entering directory '/home/flexe/veins-veins-5.2/src'
make[1]: Nothing to be done for 'all'.
make[1]: Leaving directory '/home/flexe/veins-veins-5.2/src'
20:47:10 **** Incremental Build of configuration release for project flexe ****
make MODE=release all 
cd src && make
make[1]: Entering directory '/home/flexe/Flexe/src'
flexe/application/FedLimRSU11p.cc
flexe/application/FedLimRSU11p.cc:225:18: warning: 'random_shuffle<__gnu_cxx::__normal_iterator<int *, std::vector<int>>>' is deprecated: use 'std::shuffle' instead [-Wdeprecated-declarations]
            std::random_shuffle(std::begin(connectedClientsVector), std::end(connectedClientsVector));
                 ^
/usr/bin/../lib/gcc/x86_64-linux-gnu/12/../../../../include/c++/12/bits/stl_algo.h:4539:5: note: 'random_shuffle<__gnu_cxx::__normal_iterator<int *, std::vector<int>>>' has been explicitly marked deprecated here
    _GLIBCXX14_DEPRECATED_SUGGEST("std::shuffle")
    ^
/usr/bin/../lib/gcc/x86_64-linux-gnu/12/../../../../include/x86_64-linux-gnu/c++/12/bits/c++config.h:112:45: note: expanded from macro '_GLIBCXX14_DEPRECATED_SUGGEST'
# define _GLIBCXX14_DEPRECATED_SUGGEST(ALT) _GLIBCXX_DEPRECATED_SUGGEST(ALT)
                                            ^
/usr/bin/../lib/gcc/x86_64-linux-gnu/12/../../../../include/x86_64-linux-gnu/c++/12/bits/c++config.h:96:19: note: expanded from macro '_GLIBCXX_DEPRECATED_SUGGEST'
  __attribute__ ((__deprecated__ ("use '" ALT "' instead")))
                  ^
1 warning generated.
flexe/application/FedSETRANDOMRSU11p.cc
flexe/application/FedSETRANDOMRSU11p.cc:222:18: warning: 'random_shuffle<__gnu_cxx::__normal_iterator<int *, std::vector<int>>>' is deprecated: use 'std::shuffle' instead [-Wdeprecated-declarations]
            std::random_shuffle(std::begin(connectedClientsVector), std::end(connectedClientsVector));
                 ^
/usr/bin/../lib/gcc/x86_64-linux-gnu/12/../../../../include/c++/12/bits/stl_algo.h:4539:5: note: 'random_shuffle<__gnu_cxx::__normal_iterator<int *, std::vector<int>>>' has been explicitly marked deprecated here
    _GLIBCXX14_DEPRECATED_SUGGEST("std::shuffle")
    ^
/usr/bin/../lib/gcc/x86_64-linux-gnu/12/../../../../include/x86_64-linux-gnu/c++/12/bits/c++config.h:112:45: note: expanded from macro '_GLIBCXX14_DEPRECATED_SUGGEST'
# define _GLIBCXX14_DEPRECATED_SUGGEST(ALT) _GLIBCXX_DEPRECATED_SUGGEST(ALT)
                                            ^
/usr/bin/../lib/gcc/x86_64-linux-gnu/12/../../../../include/x86_64-linux-gnu/c++/12/bits/c++config.h:96:19: note: expanded from macro '_GLIBCXX_DEPRECATED_SUGGEST'
  __attribute__ ((__deprecated__ ("use '" ALT "' instead")))
                  ^
1 warning generated.
flexe/application/MLApp.cc
flexe/application/MLEntropyApp.cc
flexe/proto/flexe.grpc.pb.cc
flexe/proto/flexe.pb.cc
Creating shared library: ../out/clang-release/src/libflexe.so
echo /home/flexe/Flexe
/home/flexe/Flexe
/home/flexe/.conan/data/protobuf/3.17.1/_/_/package/53f76f058631e1c3a500008c75af3f37d7786131/bin/protoc --proto_path /home/flexe/Flexe /home/flexe/Flexe/flexe.proto --cpp_out /home/flexe/Flexe/src/flexe/proto/ 
/home/flexe/.conan/data/protobuf/3.17.1/_/_/package/53f76f058631e1c3a500008c75af3f37d7786131/bin/protoc --proto_path /home/flexe/Flexe --grpc_out=/home/flexe/Flexe/src/flexe/proto/ --plugin=protoc-gen-grpc=/home/flexe/.conan/data/grpc/1.38.1/_/_/package/44ecaec4536223f790dd5e0a72b2d16b1dfaa76c/bin/grpc_cpp_plugin /home/flexe/Flexe/flexe.proto
make[1]: Leaving directory '/home/flexe/Flexe/src'
20:52:27 **** Incremental Build of configuration gcc-release for project veins ****
make MODE=release -j8 all 
make[1]: Entering directory '/home/flexe/veins-veins-5.2/src'
make[1]: Nothing to be done for 'all'.
make[1]: Leaving directory '/home/flexe/veins-veins-5.2/src'
20:52:28 **** Incremental Build of configuration release for project flexe ****
make MODE=release all 
cd src && make
make[1]: Entering directory '/home/flexe/Flexe/src'
flexe/application/FedLimRSU11p.cc
flexe/application/FedLimRSU11p.cc:225:18: warning: 'random_shuffle<__gnu_cxx::__normal_iterator<int *, std::vector<int>>>' is deprecated: use 'std::shuffle' instead [-Wdeprecated-declarations]
            std::random_shuffle(std::begin(connectedClientsVector), std::end(connectedClientsVector));
                 ^
/usr/bin/../lib/gcc/x86_64-linux-gnu/12/../../../../include/c++/12/bits/stl_algo.h:4539:5: note: 'random_shuffle<__gnu_cxx::__normal_iterator<int *, std::vector<int>>>' has been explicitly marked deprecated here
    _GLIBCXX14_DEPRECATED_SUGGEST("std::shuffle")
    ^
/usr/bin/../lib/gcc/x86_64-linux-gnu/12/../../../../include/x86_64-linux-gnu/c++/12/bits/c++config.h:112:45: note: expanded from macro '_GLIBCXX14_DEPRECATED_SUGGEST'
# define _GLIBCXX14_DEPRECATED_SUGGEST(ALT) _GLIBCXX_DEPRECATED_SUGGEST(ALT)
                                            ^
/usr/bin/../lib/gcc/x86_64-linux-gnu/12/../../../../include/x86_64-linux-gnu/c++/12/bits/c++config.h:96:19: note: expanded from macro '_GLIBCXX_DEPRECATED_SUGGEST'
  __attribute__ ((__deprecated__ ("use '" ALT "' instead")))
                  ^
1 warning generated.
flexe/application/FedSETRANDOMRSU11p.cc
flexe/application/FedSETRANDOMRSU11p.cc:222:18: warning: 'random_shuffle<__gnu_cxx::__normal_iterator<int *, std::vector<int>>>' is deprecated: use 'std::shuffle' instead [-Wdeprecated-declarations]
            std::random_shuffle(std::begin(connectedClientsVector), std::end(connectedClientsVector));
                 ^
/usr/bin/../lib/gcc/x86_64-linux-gnu/12/../../../../include/c++/12/bits/stl_algo.h:4539:5: note: 'random_shuffle<__gnu_cxx::__normal_iterator<int *, std::vector<int>>>' has been explicitly marked deprecated here
    _GLIBCXX14_DEPRECATED_SUGGEST("std::shuffle")
    ^
/usr/bin/../lib/gcc/x86_64-linux-gnu/12/../../../../include/x86_64-linux-gnu/c++/12/bits/c++config.h:112:45: note: expanded from macro '_GLIBCXX14_DEPRECATED_SUGGEST'
# define _GLIBCXX14_DEPRECATED_SUGGEST(ALT) _GLIBCXX_DEPRECATED_SUGGEST(ALT)
                                            ^
/usr/bin/../lib/gcc/x86_64-linux-gnu/12/../../../../include/x86_64-linux-gnu/c++/12/bits/c++config.h:96:19: note: expanded from macro '_GLIBCXX_DEPRECATED_SUGGEST'
  __attribute__ ((__deprecated__ ("use '" ALT "' instead")))
                  ^
1 warning generated.
flexe/application/MLApp.cc
flexe/application/MLEntropyApp.cc
flexe/proto/flexe.grpc.pb.cc
flexe/proto/flexe.pb.cc
Creating shared library: ../out/clang-release/src/libflexe.so
echo /home/flexe/Flexe
/home/flexe/Flexe
/home/flexe/.conan/data/protobuf/3.17.1/_/_/package/53f76f058631e1c3a500008c75af3f37d7786131/bin/protoc --proto_path /home/flexe/Flexe /home/flexe/Flexe/flexe.proto --cpp_out /home/flexe/Flexe/src/flexe/proto/ 
/home/flexe/.conan/data/protobuf/3.17.1/_/_/package/53f76f058631e1c3a500008c75af3f37d7786131/bin/protoc --proto_path /home/flexe/Flexe --grpc_out=/home/flexe/Flexe/src/flexe/proto/ --plugin=protoc-gen-grpc=/home/flexe/.conan/data/grpc/1.38.1/_/_/package/44ecaec4536223f790dd5e0a72b2d16b1dfaa76c/bin/grpc_cpp_plugin /home/flexe/Flexe/flexe.proto
make[1]: Leaving directory '/home/flexe/Flexe/src'
20:53:17 **** Incremental Build of configuration gcc-release for project veins ****
make MODE=release -j8 all 
make[1]: Entering directory '/home/flexe/veins-veins-5.2/src'
make[1]: Nothing to be done for 'all'.
make[1]: Leaving directory '/home/flexe/veins-veins-5.2/src'
20:53:18 **** Incremental Build of configuration release for project flexe ****
make MODE=release all 
cd src && make
make[1]: Entering directory '/home/flexe/Flexe/src'
flexe/application/FedLimRSU11p.cc
flexe/application/FedLimRSU11p.cc:225:18: warning: 'random_shuffle<__gnu_cxx::__normal_iterator<int *, std::vector<int>>>' is deprecated: use 'std::shuffle' instead [-Wdeprecated-declarations]
            std::random_shuffle(std::begin(connectedClientsVector), std::end(connectedClientsVector));
                 ^
/usr/bin/../lib/gcc/x86_64-linux-gnu/12/../../../../include/c++/12/bits/stl_algo.h:4539:5: note: 'random_shuffle<__gnu_cxx::__normal_iterator<int *, std::vector<int>>>' has been explicitly marked deprecated here
    _GLIBCXX14_DEPRECATED_SUGGEST("std::shuffle")
    ^
/usr/bin/../lib/gcc/x86_64-linux-gnu/12/../../../../include/x86_64-linux-gnu/c++/12/bits/c++config.h:112:45: note: expanded from macro '_GLIBCXX14_DEPRECATED_SUGGEST'
# define _GLIBCXX14_DEPRECATED_SUGGEST(ALT) _GLIBCXX_DEPRECATED_SUGGEST(ALT)
                                            ^
/usr/bin/../lib/gcc/x86_64-linux-gnu/12/../../../../include/x86_64-linux-gnu/c++/12/bits/c++config.h:96:19: note: expanded from macro '_GLIBCXX_DEPRECATED_SUGGEST'
  __attribute__ ((__deprecated__ ("use '" ALT "' instead")))
                  ^
1 warning generated.
flexe/application/FedSETRANDOMRSU11p.cc
flexe/application/FedSETRANDOMRSU11p.cc:222:18: warning: 'random_shuffle<__gnu_cxx::__normal_iterator<int *, std::vector<int>>>' is deprecated: use 'std::shuffle' instead [-Wdeprecated-declarations]
            std::random_shuffle(std::begin(connectedClientsVector), std::end(connectedClientsVector));
                 ^
/usr/bin/../lib/gcc/x86_64-linux-gnu/12/../../../../include/c++/12/bits/stl_algo.h:4539:5: note: 'random_shuffle<__gnu_cxx::__normal_iterator<int *, std::vector<int>>>' has been explicitly marked deprecated here
    _GLIBCXX14_DEPRECATED_SUGGEST("std::shuffle")
    ^
/usr/bin/../lib/gcc/x86_64-linux-gnu/12/../../../../include/x86_64-linux-gnu/c++/12/bits/c++config.h:112:45: note: expanded from macro '_GLIBCXX14_DEPRECATED_SUGGEST'
# define _GLIBCXX14_DEPRECATED_SUGGEST(ALT) _GLIBCXX_DEPRECATED_SUGGEST(ALT)
                                            ^
/usr/bin/../lib/gcc/x86_64-linux-gnu/12/../../../../include/x86_64-linux-gnu/c++/12/bits/c++config.h:96:19: note: expanded from macro '_GLIBCXX_DEPRECATED_SUGGEST'
  __attribute__ ((__deprecated__ ("use '" ALT "' instead")))
                  ^
1 warning generated.
flexe/application/MLApp.cc
flexe/application/MLEntropyApp.cc
flexe/proto/flexe.grpc.pb.cc
flexe/proto/flexe.pb.cc
Creating shared library: ../out/clang-release/src/libflexe.so
echo /home/flexe/Flexe
/home/flexe/Flexe
/home/flexe/.conan/data/protobuf/3.17.1/_/_/package/53f76f058631e1c3a500008c75af3f37d7786131/bin/protoc --proto_path /home/flexe/Flexe /home/flexe/Flexe/flexe.proto --cpp_out /home/flexe/Flexe/src/flexe/proto/ 
/home/flexe/.conan/data/protobuf/3.17.1/_/_/package/53f76f058631e1c3a500008c75af3f37d7786131/bin/protoc --proto_path /home/flexe/Flexe --grpc_out=/home/flexe/Flexe/src/flexe/proto/ --plugin=protoc-gen-grpc=/home/flexe/.conan/data/grpc/1.38.1/_/_/package/44ecaec4536223f790dd5e0a72b2d16b1dfaa76c/bin/grpc_cpp_plugin /home/flexe/Flexe/flexe.proto
make[1]: Leaving directory '/home/flexe/Flexe/src'
20:57:45 **** Incremental Build of configuration gcc-release for project veins ****
make MODE=release -j8 all 
make[1]: Entering directory '/home/flexe/veins-veins-5.2/src'
make[1]: Nothing to be done for 'all'.
make[1]: Leaving directory '/home/flexe/veins-veins-5.2/src'
20:57:46 **** Incremental Build of configuration release for project flexe ****
make MODE=release all 
cd src && make
make[1]: Entering directory '/home/flexe/Flexe/src'
flexe/application/FedLimRSU11p.cc
flexe/application/FedLimRSU11p.cc:225:18: warning: 'random_shuffle<__gnu_cxx::__normal_iterator<int *, std::vector<int>>>' is deprecated: use 'std::shuffle' instead [-Wdeprecated-declarations]
            std::random_shuffle(std::begin(connectedClientsVector), std::end(connectedClientsVector));
                 ^
/usr/bin/../lib/gcc/x86_64-linux-gnu/12/../../../../include/c++/12/bits/stl_algo.h:4539:5: note: 'random_shuffle<__gnu_cxx::__normal_iterator<int *, std::vector<int>>>' has been explicitly marked deprecated here
    _GLIBCXX14_DEPRECATED_SUGGEST("std::shuffle")
    ^
/usr/bin/../lib/gcc/x86_64-linux-gnu/12/../../../../include/x86_64-linux-gnu/c++/12/bits/c++config.h:112:45: note: expanded from macro '_GLIBCXX14_DEPRECATED_SUGGEST'
# define _GLIBCXX14_DEPRECATED_SUGGEST(ALT) _GLIBCXX_DEPRECATED_SUGGEST(ALT)
                                            ^
/usr/bin/../lib/gcc/x86_64-linux-gnu/12/../../../../include/x86_64-linux-gnu/c++/12/bits/c++config.h:96:19: note: expanded from macro '_GLIBCXX_DEPRECATED_SUGGEST'
  __attribute__ ((__deprecated__ ("use '" ALT "' instead")))
                  ^
1 warning generated.
flexe/application/FedSETRANDOMRSU11p.cc
flexe/application/FedSETRANDOMRSU11p.cc:222:18: warning: 'random_shuffle<__gnu_cxx::__normal_iterator<int *, std::vector<int>>>' is deprecated: use 'std::shuffle' instead [-Wdeprecated-declarations]
            std::random_shuffle(std::begin(connectedClientsVector), std::end(connectedClientsVector));
                 ^
/usr/bin/../lib/gcc/x86_64-linux-gnu/12/../../../../include/c++/12/bits/stl_algo.h:4539:5: note: 'random_shuffle<__gnu_cxx::__normal_iterator<int *, std::vector<int>>>' has been explicitly marked deprecated here
    _GLIBCXX14_DEPRECATED_SUGGEST("std::shuffle")
    ^
/usr/bin/../lib/gcc/x86_64-linux-gnu/12/../../../../include/x86_64-linux-gnu/c++/12/bits/c++config.h:112:45: note: expanded from macro '_GLIBCXX14_DEPRECATED_SUGGEST'
# define _GLIBCXX14_DEPRECATED_SUGGEST(ALT) _GLIBCXX_DEPRECATED_SUGGEST(ALT)
                                            ^
/usr/bin/../lib/gcc/x86_64-linux-gnu/12/../../../../include/x86_64-linux-gnu/c++/12/bits/c++config.h:96:19: note: expanded from macro '_GLIBCXX_DEPRECATED_SUGGEST'
  __attribute__ ((__deprecated__ ("use '" ALT "' instead")))
                  ^
1 warning generated.
flexe/application/MLApp.cc
flexe/application/MLEntropyApp.cc
flexe/proto/flexe.grpc.pb.cc
flexe/proto/flexe.pb.cc
Creating shared library: ../out/clang-release/src/libflexe.so
echo /home/flexe/Flexe
/home/flexe/Flexe
/home/flexe/.conan/data/protobuf/3.17.1/_/_/package/53f76f058631e1c3a500008c75af3f37d7786131/bin/protoc --proto_path /home/flexe/Flexe /home/flexe/Flexe/flexe.proto --cpp_out /home/flexe/Flexe/src/flexe/proto/ 
/home/flexe/.conan/data/protobuf/3.17.1/_/_/package/53f76f058631e1c3a500008c75af3f37d7786131/bin/protoc --proto_path /home/flexe/Flexe --grpc_out=/home/flexe/Flexe/src/flexe/proto/ --plugin=protoc-gen-grpc=/home/flexe/.conan/data/grpc/1.38.1/_/_/package/44ecaec4536223f790dd5e0a72b2d16b1dfaa76c/bin/grpc_cpp_plugin /home/flexe/Flexe/flexe.proto
make[1]: Leaving directory '/home/flexe/Flexe/src'
20:58:28 **** Incremental Build of configuration gcc-release for project veins ****
make MODE=release -j8 all 
make[1]: Entering directory '/home/flexe/veins-veins-5.2/src'
make[1]: Nothing to be done for 'all'.
make[1]: Leaving directory '/home/flexe/veins-veins-5.2/src'
20:58:29 **** Incremental Build of configuration release for project flexe ****
make MODE=release all 
cd src && make
make[1]: Entering directory '/home/flexe/Flexe/src'
flexe/application/FedLimRSU11p.cc
flexe/application/FedLimRSU11p.cc:225:18: warning: 'random_shuffle<__gnu_cxx::__normal_iterator<int *, std::vector<int>>>' is deprecated: use 'std::shuffle' instead [-Wdeprecated-declarations]
            std::random_shuffle(std::begin(connectedClientsVector), std::end(connectedClientsVector));
                 ^
/usr/bin/../lib/gcc/x86_64-linux-gnu/12/../../../../include/c++/12/bits/stl_algo.h:4539:5: note: 'random_shuffle<__gnu_cxx::__normal_iterator<int *, std::vector<int>>>' has been explicitly marked deprecated here
    _GLIBCXX14_DEPRECATED_SUGGEST("std::shuffle")
    ^
/usr/bin/../lib/gcc/x86_64-linux-gnu/12/../../../../include/x86_64-linux-gnu/c++/12/bits/c++config.h:112:45: note: expanded from macro '_GLIBCXX14_DEPRECATED_SUGGEST'
# define _GLIBCXX14_DEPRECATED_SUGGEST(ALT) _GLIBCXX_DEPRECATED_SUGGEST(ALT)
                                            ^
/usr/bin/../lib/gcc/x86_64-linux-gnu/12/../../../../include/x86_64-linux-gnu/c++/12/bits/c++config.h:96:19: note: expanded from macro '_GLIBCXX_DEPRECATED_SUGGEST'
  __attribute__ ((__deprecated__ ("use '" ALT "' instead")))
                  ^
1 warning generated.
flexe/application/FedSETRANDOMRSU11p.cc
flexe/application/FedSETRANDOMRSU11p.cc:222:18: warning: 'random_shuffle<__gnu_cxx::__normal_iterator<int *, std::vector<int>>>' is deprecated: use 'std::shuffle' instead [-Wdeprecated-declarations]
            std::random_shuffle(std::begin(connectedClientsVector), std::end(connectedClientsVector));
                 ^
/usr/bin/../lib/gcc/x86_64-linux-gnu/12/../../../../include/c++/12/bits/stl_algo.h:4539:5: note: 'random_shuffle<__gnu_cxx::__normal_iterator<int *, std::vector<int>>>' has been explicitly marked deprecated here
    _GLIBCXX14_DEPRECATED_SUGGEST("std::shuffle")
    ^
/usr/bin/../lib/gcc/x86_64-linux-gnu/12/../../../../include/x86_64-linux-gnu/c++/12/bits/c++config.h:112:45: note: expanded from macro '_GLIBCXX14_DEPRECATED_SUGGEST'
# define _GLIBCXX14_DEPRECATED_SUGGEST(ALT) _GLIBCXX_DEPRECATED_SUGGEST(ALT)
                                            ^
/usr/bin/../lib/gcc/x86_64-linux-gnu/12/../../../../include/x86_64-linux-gnu/c++/12/bits/c++config.h:96:19: note: expanded from macro '_GLIBCXX_DEPRECATED_SUGGEST'
  __attribute__ ((__deprecated__ ("use '" ALT "' instead")))
                  ^
1 warning generated.
flexe/application/MLApp.cc
flexe/application/MLEntropyApp.cc
flexe/proto/flexe.grpc.pb.cc
flexe/proto/flexe.pb.cc
Creating shared library: ../out/clang-release/src/libflexe.so
echo /home/flexe/Flexe
/home/flexe/Flexe
/home/flexe/.conan/data/protobuf/3.17.1/_/_/package/53f76f058631e1c3a500008c75af3f37d7786131/bin/protoc --proto_path /home/flexe/Flexe /home/flexe/Flexe/flexe.proto --cpp_out /home/flexe/Flexe/src/flexe/proto/ 
/home/flexe/.conan/data/protobuf/3.17.1/_/_/package/53f76f058631e1c3a500008c75af3f37d7786131/bin/protoc --proto_path /home/flexe/Flexe --grpc_out=/home/flexe/Flexe/src/flexe/proto/ --plugin=protoc-gen-grpc=/home/flexe/.conan/data/grpc/1.38.1/_/_/package/44ecaec4536223f790dd5e0a72b2d16b1dfaa76c/bin/grpc_cpp_plugin /home/flexe/Flexe/flexe.proto
make[1]: Leaving directory '/home/flexe/Flexe/src'
21:01:45 **** Incremental Build of configuration gcc-release for project veins ****
make MODE=release -j8 all 
make[1]: Entering directory '/home/flexe/veins-veins-5.2/src'
make[1]: Nothing to be done for 'all'.
make[1]: Leaving directory '/home/flexe/veins-veins-5.2/src'
21:01:46 **** Incremental Build of configuration release for project flexe ****
make MODE=release all 
cd src && make
make[1]: Entering directory '/home/flexe/Flexe/src'
flexe/application/FedLimRSU11p.cc
flexe/application/FedLimRSU11p.cc:225:18: warning: 'random_shuffle<__gnu_cxx::__normal_iterator<int *, std::vector<int>>>' is deprecated: use 'std::shuffle' instead [-Wdeprecated-declarations]
            std::random_shuffle(std::begin(connectedClientsVector), std::end(connectedClientsVector));
                 ^
/usr/bin/../lib/gcc/x86_64-linux-gnu/12/../../../../include/c++/12/bits/stl_algo.h:4539:5: note: 'random_shuffle<__gnu_cxx::__normal_iterator<int *, std::vector<int>>>' has been explicitly marked deprecated here
    _GLIBCXX14_DEPRECATED_SUGGEST("std::shuffle")
    ^
/usr/bin/../lib/gcc/x86_64-linux-gnu/12/../../../../include/x86_64-linux-gnu/c++/12/bits/c++config.h:112:45: note: expanded from macro '_GLIBCXX14_DEPRECATED_SUGGEST'
# define _GLIBCXX14_DEPRECATED_SUGGEST(ALT) _GLIBCXX_DEPRECATED_SUGGEST(ALT)
                                            ^
/usr/bin/../lib/gcc/x86_64-linux-gnu/12/../../../../include/x86_64-linux-gnu/c++/12/bits/c++config.h:96:19: note: expanded from macro '_GLIBCXX_DEPRECATED_SUGGEST'
  __attribute__ ((__deprecated__ ("use '" ALT "' instead")))
                  ^
1 warning generated.
flexe/application/FedSETRANDOMRSU11p.cc
flexe/application/FedSETRANDOMRSU11p.cc:222:18: warning: 'random_shuffle<__gnu_cxx::__normal_iterator<int *, std::vector<int>>>' is deprecated: use 'std::shuffle' instead [-Wdeprecated-declarations]
            std::random_shuffle(std::begin(connectedClientsVector), std::end(connectedClientsVector));
                 ^
/usr/bin/../lib/gcc/x86_64-linux-gnu/12/../../../../include/c++/12/bits/stl_algo.h:4539:5: note: 'random_shuffle<__gnu_cxx::__normal_iterator<int *, std::vector<int>>>' has been explicitly marked deprecated here
    _GLIBCXX14_DEPRECATED_SUGGEST("std::shuffle")
    ^
/usr/bin/../lib/gcc/x86_64-linux-gnu/12/../../../../include/x86_64-linux-gnu/c++/12/bits/c++config.h:112:45: note: expanded from macro '_GLIBCXX14_DEPRECATED_SUGGEST'
# define _GLIBCXX14_DEPRECATED_SUGGEST(ALT) _GLIBCXX_DEPRECATED_SUGGEST(ALT)
                                            ^
/usr/bin/../lib/gcc/x86_64-linux-gnu/12/../../../../include/x86_64-linux-gnu/c++/12/bits/c++config.h:96:19: note: expanded from macro '_GLIBCXX_DEPRECATED_SUGGEST'
  __attribute__ ((__deprecated__ ("use '" ALT "' instead")))
                  ^
1 warning generated.
flexe/application/MLApp.cc
flexe/application/MLEntropyApp.cc
flexe/proto/flexe.grpc.pb.cc
flexe/proto/flexe.pb.cc
Creating shared library: ../out/clang-release/src/libflexe.so
echo /home/flexe/Flexe
/home/flexe/Flexe
/home/flexe/.conan/data/protobuf/3.17.1/_/_/package/53f76f058631e1c3a500008c75af3f37d7786131/bin/protoc --proto_path /home/flexe/Flexe /home/flexe/Flexe/flexe.proto --cpp_out /home/flexe/Flexe/src/flexe/proto/ 
/home/flexe/.conan/data/protobuf/3.17.1/_/_/package/53f76f058631e1c3a500008c75af3f37d7786131/bin/protoc --proto_path /home/flexe/Flexe --grpc_out=/home/flexe/Flexe/src/flexe/proto/ --plugin=protoc-gen-grpc=/home/flexe/.conan/data/grpc/1.38.1/_/_/package/44ecaec4536223f790dd5e0a72b2d16b1dfaa76c/bin/grpc_cpp_plugin /home/flexe/Flexe/flexe.proto
make[1]: Leaving directory '/home/flexe/Flexe/src'
21:11:31 **** Incremental Build of configuration gcc-release for project veins ****
make MODE=release -j8 all 
make[1]: Entering directory '/home/flexe/veins-veins-5.2/src'
make[1]: Nothing to be done for 'all'.
make[1]: Leaving directory '/home/flexe/veins-veins-5.2/src'
21:11:32 **** Incremental Build of configuration release for project flexe ****
make MODE=release all 
cd src && make
make[1]: Entering directory '/home/flexe/Flexe/src'
flexe/application/FedLimRSU11p.cc
flexe/application/FedLimRSU11p.cc:225:18: warning: 'random_shuffle<__gnu_cxx::__normal_iterator<int *, std::vector<int>>>' is deprecated: use 'std::shuffle' instead [-Wdeprecated-declarations]
            std::random_shuffle(std::begin(connectedClientsVector), std::end(connectedClientsVector));
                 ^
/usr/bin/../lib/gcc/x86_64-linux-gnu/12/../../../../include/c++/12/bits/stl_algo.h:4539:5: note: 'random_shuffle<__gnu_cxx::__normal_iterator<int *, std::vector<int>>>' has been explicitly marked deprecated here
    _GLIBCXX14_DEPRECATED_SUGGEST("std::shuffle")
    ^
/usr/bin/../lib/gcc/x86_64-linux-gnu/12/../../../../include/x86_64-linux-gnu/c++/12/bits/c++config.h:112:45: note: expanded from macro '_GLIBCXX14_DEPRECATED_SUGGEST'
# define _GLIBCXX14_DEPRECATED_SUGGEST(ALT) _GLIBCXX_DEPRECATED_SUGGEST(ALT)
                                            ^
/usr/bin/../lib/gcc/x86_64-linux-gnu/12/../../../../include/x86_64-linux-gnu/c++/12/bits/c++config.h:96:19: note: expanded from macro '_GLIBCXX_DEPRECATED_SUGGEST'
  __attribute__ ((__deprecated__ ("use '" ALT "' instead")))
                  ^
1 warning generated.
flexe/application/FedSETRANDOMRSU11p.cc
flexe/application/FedSETRANDOMRSU11p.cc:222:18: warning: 'random_shuffle<__gnu_cxx::__normal_iterator<int *, std::vector<int>>>' is deprecated: use 'std::shuffle' instead [-Wdeprecated-declarations]
            std::random_shuffle(std::begin(connectedClientsVector), std::end(connectedClientsVector));
                 ^
/usr/bin/../lib/gcc/x86_64-linux-gnu/12/../../../../include/c++/12/bits/stl_algo.h:4539:5: note: 'random_shuffle<__gnu_cxx::__normal_iterator<int *, std::vector<int>>>' has been explicitly marked deprecated here
    _GLIBCXX14_DEPRECATED_SUGGEST("std::shuffle")
    ^
/usr/bin/../lib/gcc/x86_64-linux-gnu/12/../../../../include/x86_64-linux-gnu/c++/12/bits/c++config.h:112:45: note: expanded from macro '_GLIBCXX14_DEPRECATED_SUGGEST'
# define _GLIBCXX14_DEPRECATED_SUGGEST(ALT) _GLIBCXX_DEPRECATED_SUGGEST(ALT)
                                            ^
/usr/bin/../lib/gcc/x86_64-linux-gnu/12/../../../../include/x86_64-linux-gnu/c++/12/bits/c++config.h:96:19: note: expanded from macro '_GLIBCXX_DEPRECATED_SUGGEST'
  __attribute__ ((__deprecated__ ("use '" ALT "' instead")))
                  ^
1 warning generated.
flexe/application/MLApp.cc
flexe/application/MLEntropyApp.cc
flexe/proto/flexe.grpc.pb.cc
flexe/proto/flexe.pb.cc
Creating shared library: ../out/clang-release/src/libflexe.so
echo /home/flexe/Flexe
/home/flexe/Flexe
/home/flexe/.conan/data/protobuf/3.17.1/_/_/package/53f76f058631e1c3a500008c75af3f37d7786131/bin/protoc --proto_path /home/flexe/Flexe /home/flexe/Flexe/flexe.proto --cpp_out /home/flexe/Flexe/src/flexe/proto/ 
/home/flexe/.conan/data/protobuf/3.17.1/_/_/package/53f76f058631e1c3a500008c75af3f37d7786131/bin/protoc --proto_path /home/flexe/Flexe --grpc_out=/home/flexe/Flexe/src/flexe/proto/ --plugin=protoc-gen-grpc=/home/flexe/.conan/data/grpc/1.38.1/_/_/package/44ecaec4536223f790dd5e0a72b2d16b1dfaa76c/bin/grpc_cpp_plugin /home/flexe/Flexe/flexe.proto
make[1]: Leaving directory '/home/flexe/Flexe/src'
21:13:22 **** Incremental Build of configuration gcc-release for project veins ****
make MODE=release -j8 all 
make[1]: Entering directory '/home/flexe/veins-veins-5.2/src'
make[1]: Nothing to be done for 'all'.
make[1]: Leaving directory '/home/flexe/veins-veins-5.2/src'
21:13:23 **** Incremental Build of configuration release for project flexe ****
make MODE=release all 
cd src && make
make[1]: Entering directory '/home/flexe/Flexe/src'
flexe/application/FedLimRSU11p.cc
flexe/application/FedLimRSU11p.cc:225:18: warning: 'random_shuffle<__gnu_cxx::__normal_iterator<int *, std::vector<int>>>' is deprecated: use 'std::shuffle' instead [-Wdeprecated-declarations]
            std::random_shuffle(std::begin(connectedClientsVector), std::end(connectedClientsVector));
                 ^
/usr/bin/../lib/gcc/x86_64-linux-gnu/12/../../../../include/c++/12/bits/stl_algo.h:4539:5: note: 'random_shuffle<__gnu_cxx::__normal_iterator<int *, std::vector<int>>>' has been explicitly marked deprecated here
    _GLIBCXX14_DEPRECATED_SUGGEST("std::shuffle")
    ^
/usr/bin/../lib/gcc/x86_64-linux-gnu/12/../../../../include/x86_64-linux-gnu/c++/12/bits/c++config.h:112:45: note: expanded from macro '_GLIBCXX14_DEPRECATED_SUGGEST'
# define _GLIBCXX14_DEPRECATED_SUGGEST(ALT) _GLIBCXX_DEPRECATED_SUGGEST(ALT)
                                            ^
/usr/bin/../lib/gcc/x86_64-linux-gnu/12/../../../../include/x86_64-linux-gnu/c++/12/bits/c++config.h:96:19: note: expanded from macro '_GLIBCXX_DEPRECATED_SUGGEST'
  __attribute__ ((__deprecated__ ("use '" ALT "' instead")))
                  ^
1 warning generated.
flexe/application/FedSETRANDOMRSU11p.cc
flexe/application/FedSETRANDOMRSU11p.cc:222:18: warning: 'random_shuffle<__gnu_cxx::__normal_iterator<int *, std::vector<int>>>' is deprecated: use 'std::shuffle' instead [-Wdeprecated-declarations]
            std::random_shuffle(std::begin(connectedClientsVector), std::end(connectedClientsVector));
                 ^
/usr/bin/../lib/gcc/x86_64-linux-gnu/12/../../../../include/c++/12/bits/stl_algo.h:4539:5: note: 'random_shuffle<__gnu_cxx::__normal_iterator<int *, std::vector<int>>>' has been explicitly marked deprecated here
    _GLIBCXX14_DEPRECATED_SUGGEST("std::shuffle")
    ^
/usr/bin/../lib/gcc/x86_64-linux-gnu/12/../../../../include/x86_64-linux-gnu/c++/12/bits/c++config.h:112:45: note: expanded from macro '_GLIBCXX14_DEPRECATED_SUGGEST'
# define _GLIBCXX14_DEPRECATED_SUGGEST(ALT) _GLIBCXX_DEPRECATED_SUGGEST(ALT)
                                            ^
/usr/bin/../lib/gcc/x86_64-linux-gnu/12/../../../../include/x86_64-linux-gnu/c++/12/bits/c++config.h:96:19: note: expanded from macro '_GLIBCXX_DEPRECATED_SUGGEST'
  __attribute__ ((__deprecated__ ("use '" ALT "' instead")))
                  ^
1 warning generated.
flexe/application/MLApp.cc
flexe/application/MLEntropyApp.cc
flexe/proto/flexe.grpc.pb.cc
flexe/proto/flexe.pb.cc
Creating shared library: ../out/clang-release/src/libflexe.so
echo /home/flexe/Flexe
/home/flexe/Flexe
/home/flexe/.conan/data/protobuf/3.17.1/_/_/package/53f76f058631e1c3a500008c75af3f37d7786131/bin/protoc --proto_path /home/flexe/Flexe /home/flexe/Flexe/flexe.proto --cpp_out /home/flexe/Flexe/src/flexe/proto/ 
/home/flexe/.conan/data/protobuf/3.17.1/_/_/package/53f76f058631e1c3a500008c75af3f37d7786131/bin/protoc --proto_path /home/flexe/Flexe --grpc_out=/home/flexe/Flexe/src/flexe/proto/ --plugin=protoc-gen-grpc=/home/flexe/.conan/data/grpc/1.38.1/_/_/package/44ecaec4536223f790dd5e0a72b2d16b1dfaa76c/bin/grpc_cpp_plugin /home/flexe/Flexe/flexe.proto
make[1]: Leaving directory '/home/flexe/Flexe/src'
21:14:55 **** Incremental Build of configuration gcc-release for project veins ****
make MODE=release -j8 all 
make[1]: Entering directory '/home/flexe/veins-veins-5.2/src'
make[1]: Nothing to be done for 'all'.
make[1]: Leaving directory '/home/flexe/veins-veins-5.2/src'
21:14:56 **** Incremental Build of configuration release for project flexe ****
make MODE=release all 
cd src && make
make[1]: Entering directory '/home/flexe/Flexe/src'
flexe/application/FedLimRSU11p.cc
flexe/application/FedLimRSU11p.cc:225:18: warning: 'random_shuffle<__gnu_cxx::__normal_iterator<int *, std::vector<int>>>' is deprecated: use 'std::shuffle' instead [-Wdeprecated-declarations]
            std::random_shuffle(std::begin(connectedClientsVector), std::end(connectedClientsVector));
                 ^
/usr/bin/../lib/gcc/x86_64-linux-gnu/12/../../../../include/c++/12/bits/stl_algo.h:4539:5: note: 'random_shuffle<__gnu_cxx::__normal_iterator<int *, std::vector<int>>>' has been explicitly marked deprecated here
    _GLIBCXX14_DEPRECATED_SUGGEST("std::shuffle")
    ^
/usr/bin/../lib/gcc/x86_64-linux-gnu/12/../../../../include/x86_64-linux-gnu/c++/12/bits/c++config.h:112:45: note: expanded from macro '_GLIBCXX14_DEPRECATED_SUGGEST'
# define _GLIBCXX14_DEPRECATED_SUGGEST(ALT) _GLIBCXX_DEPRECATED_SUGGEST(ALT)
                                            ^
/usr/bin/../lib/gcc/x86_64-linux-gnu/12/../../../../include/x86_64-linux-gnu/c++/12/bits/c++config.h:96:19: note: expanded from macro '_GLIBCXX_DEPRECATED_SUGGEST'
  __attribute__ ((__deprecated__ ("use '" ALT "' instead")))
                  ^
1 warning generated.
flexe/application/FedSETRANDOMRSU11p.cc
flexe/application/FedSETRANDOMRSU11p.cc:222:18: warning: 'random_shuffle<__gnu_cxx::__normal_iterator<int *, std::vector<int>>>' is deprecated: use 'std::shuffle' instead [-Wdeprecated-declarations]
            std::random_shuffle(std::begin(connectedClientsVector), std::end(connectedClientsVector));
                 ^
/usr/bin/../lib/gcc/x86_64-linux-gnu/12/../../../../include/c++/12/bits/stl_algo.h:4539:5: note: 'random_shuffle<__gnu_cxx::__normal_iterator<int *, std::vector<int>>>' has been explicitly marked deprecated here
    _GLIBCXX14_DEPRECATED_SUGGEST("std::shuffle")
    ^
/usr/bin/../lib/gcc/x86_64-linux-gnu/12/../../../../include/x86_64-linux-gnu/c++/12/bits/c++config.h:112:45: note: expanded from macro '_GLIBCXX14_DEPRECATED_SUGGEST'
# define _GLIBCXX14_DEPRECATED_SUGGEST(ALT) _GLIBCXX_DEPRECATED_SUGGEST(ALT)
                                            ^
/usr/bin/../lib/gcc/x86_64-linux-gnu/12/../../../../include/x86_64-linux-gnu/c++/12/bits/c++config.h:96:19: note: expanded from macro '_GLIBCXX_DEPRECATED_SUGGEST'
  __attribute__ ((__deprecated__ ("use '" ALT "' instead")))
                  ^
1 warning generated.
flexe/application/MLApp.cc
flexe/application/MLEntropyApp.cc
flexe/proto/flexe.grpc.pb.cc
flexe/proto/flexe.pb.cc
Creating shared library: ../out/clang-release/src/libflexe.so
echo /home/flexe/Flexe
/home/flexe/Flexe
/home/flexe/.conan/data/protobuf/3.17.1/_/_/package/53f76f058631e1c3a500008c75af3f37d7786131/bin/protoc --proto_path /home/flexe/Flexe /home/flexe/Flexe/flexe.proto --cpp_out /home/flexe/Flexe/src/flexe/proto/ 
/home/flexe/.conan/data/protobuf/3.17.1/_/_/package/53f76f058631e1c3a500008c75af3f37d7786131/bin/protoc --proto_path /home/flexe/Flexe --grpc_out=/home/flexe/Flexe/src/flexe/proto/ --plugin=protoc-gen-grpc=/home/flexe/.conan/data/grpc/1.38.1/_/_/package/44ecaec4536223f790dd5e0a72b2d16b1dfaa76c/bin/grpc_cpp_plugin /home/flexe/Flexe/flexe.proto
make[1]: Leaving directory '/home/flexe/Flexe/src'
21:24:54 **** Incremental Build of configuration gcc-release for project veins ****
make MODE=release -j8 all 
make[1]: Entering directory '/home/flexe/veins-veins-5.2/src'
make[1]: Nothing to be done for 'all'.
make[1]: Leaving directory '/home/flexe/veins-veins-5.2/src'
21:24:55 **** Incremental Build of configuration release for project flexe ****
make MODE=release all 
cd src && make
make[1]: Entering directory '/home/flexe/Flexe/src'
flexe/application/FedLimRSU11p.cc
flexe/application/FedLimRSU11p.cc:225:18: warning: 'random_shuffle<__gnu_cxx::__normal_iterator<int *, std::vector<int>>>' is deprecated: use 'std::shuffle' instead [-Wdeprecated-declarations]
            std::random_shuffle(std::begin(connectedClientsVector), std::end(connectedClientsVector));
                 ^
/usr/bin/../lib/gcc/x86_64-linux-gnu/12/../../../../include/c++/12/bits/stl_algo.h:4539:5: note: 'random_shuffle<__gnu_cxx::__normal_iterator<int *, std::vector<int>>>' has been explicitly marked deprecated here
    _GLIBCXX14_DEPRECATED_SUGGEST("std::shuffle")
    ^
/usr/bin/../lib/gcc/x86_64-linux-gnu/12/../../../../include/x86_64-linux-gnu/c++/12/bits/c++config.h:112:45: note: expanded from macro '_GLIBCXX14_DEPRECATED_SUGGEST'
# define _GLIBCXX14_DEPRECATED_SUGGEST(ALT) _GLIBCXX_DEPRECATED_SUGGEST(ALT)
                                            ^
/usr/bin/../lib/gcc/x86_64-linux-gnu/12/../../../../include/x86_64-linux-gnu/c++/12/bits/c++config.h:96:19: note: expanded from macro '_GLIBCXX_DEPRECATED_SUGGEST'
  __attribute__ ((__deprecated__ ("use '" ALT "' instead")))
                  ^
1 warning generated.
flexe/application/FedSETRANDOMRSU11p.cc
flexe/application/FedSETRANDOMRSU11p.cc:222:18: warning: 'random_shuffle<__gnu_cxx::__normal_iterator<int *, std::vector<int>>>' is deprecated: use 'std::shuffle' instead [-Wdeprecated-declarations]
            std::random_shuffle(std::begin(connectedClientsVector), std::end(connectedClientsVector));
                 ^
/usr/bin/../lib/gcc/x86_64-linux-gnu/12/../../../../include/c++/12/bits/stl_algo.h:4539:5: note: 'random_shuffle<__gnu_cxx::__normal_iterator<int *, std::vector<int>>>' has been explicitly marked deprecated here
    _GLIBCXX14_DEPRECATED_SUGGEST("std::shuffle")
    ^
/usr/bin/../lib/gcc/x86_64-linux-gnu/12/../../../../include/x86_64-linux-gnu/c++/12/bits/c++config.h:112:45: note: expanded from macro '_GLIBCXX14_DEPRECATED_SUGGEST'
# define _GLIBCXX14_DEPRECATED_SUGGEST(ALT) _GLIBCXX_DEPRECATED_SUGGEST(ALT)
                                            ^
/usr/bin/../lib/gcc/x86_64-linux-gnu/12/../../../../include/x86_64-linux-gnu/c++/12/bits/c++config.h:96:19: note: expanded from macro '_GLIBCXX_DEPRECATED_SUGGEST'
  __attribute__ ((__deprecated__ ("use '" ALT "' instead")))
                  ^
1 warning generated.
flexe/application/MLApp.cc
flexe/application/MLEntropyApp.cc
flexe/proto/flexe.grpc.pb.cc
flexe/proto/flexe.pb.cc
Creating shared library: ../out/clang-release/src/libflexe.so
echo /home/flexe/Flexe
/home/flexe/Flexe
/home/flexe/.conan/data/protobuf/3.17.1/_/_/package/53f76f058631e1c3a500008c75af3f37d7786131/bin/protoc --proto_path /home/flexe/Flexe /home/flexe/Flexe/flexe.proto --cpp_out /home/flexe/Flexe/src/flexe/proto/ 
/home/flexe/.conan/data/protobuf/3.17.1/_/_/package/53f76f058631e1c3a500008c75af3f37d7786131/bin/protoc --proto_path /home/flexe/Flexe --grpc_out=/home/flexe/Flexe/src/flexe/proto/ --plugin=protoc-gen-grpc=/home/flexe/.conan/data/grpc/1.38.1/_/_/package/44ecaec4536223f790dd5e0a72b2d16b1dfaa76c/bin/grpc_cpp_plugin /home/flexe/Flexe/flexe.proto
make[1]: Leaving directory '/home/flexe/Flexe/src'
21:28:24 **** Incremental Build of configuration gcc-release for project veins ****
make MODE=release -j8 all 
make[1]: Entering directory '/home/flexe/veins-veins-5.2/src'
make[1]: Nothing to be done for 'all'.
make[1]: Leaving directory '/home/flexe/veins-veins-5.2/src'
21:28:25 **** Incremental Build of configuration release for project flexe ****
make MODE=release all 
cd src && make
make[1]: Entering directory '/home/flexe/Flexe/src'
flexe/application/FedLimRSU11p.cc
flexe/application/FedLimRSU11p.cc:225:18: warning: 'random_shuffle<__gnu_cxx::__normal_iterator<int *, std::vector<int>>>' is deprecated: use 'std::shuffle' instead [-Wdeprecated-declarations]
            std::random_shuffle(std::begin(connectedClientsVector), std::end(connectedClientsVector));
                 ^
/usr/bin/../lib/gcc/x86_64-linux-gnu/12/../../../../include/c++/12/bits/stl_algo.h:4539:5: note: 'random_shuffle<__gnu_cxx::__normal_iterator<int *, std::vector<int>>>' has been explicitly marked deprecated here
    _GLIBCXX14_DEPRECATED_SUGGEST("std::shuffle")
    ^
/usr/bin/../lib/gcc/x86_64-linux-gnu/12/../../../../include/x86_64-linux-gnu/c++/12/bits/c++config.h:112:45: note: expanded from macro '_GLIBCXX14_DEPRECATED_SUGGEST'
# define _GLIBCXX14_DEPRECATED_SUGGEST(ALT) _GLIBCXX_DEPRECATED_SUGGEST(ALT)
                                            ^
/usr/bin/../lib/gcc/x86_64-linux-gnu/12/../../../../include/x86_64-linux-gnu/c++/12/bits/c++config.h:96:19: note: expanded from macro '_GLIBCXX_DEPRECATED_SUGGEST'
  __attribute__ ((__deprecated__ ("use '" ALT "' instead")))
                  ^
1 warning generated.
flexe/application/FedSETRANDOMRSU11p.cc
flexe/application/FedSETRANDOMRSU11p.cc:222:18: warning: 'random_shuffle<__gnu_cxx::__normal_iterator<int *, std::vector<int>>>' is deprecated: use 'std::shuffle' instead [-Wdeprecated-declarations]
            std::random_shuffle(std::begin(connectedClientsVector), std::end(connectedClientsVector));
                 ^
/usr/bin/../lib/gcc/x86_64-linux-gnu/12/../../../../include/c++/12/bits/stl_algo.h:4539:5: note: 'random_shuffle<__gnu_cxx::__normal_iterator<int *, std::vector<int>>>' has been explicitly marked deprecated here
    _GLIBCXX14_DEPRECATED_SUGGEST("std::shuffle")
    ^
/usr/bin/../lib/gcc/x86_64-linux-gnu/12/../../../../include/x86_64-linux-gnu/c++/12/bits/c++config.h:112:45: note: expanded from macro '_GLIBCXX14_DEPRECATED_SUGGEST'
# define _GLIBCXX14_DEPRECATED_SUGGEST(ALT) _GLIBCXX_DEPRECATED_SUGGEST(ALT)
                                            ^
/usr/bin/../lib/gcc/x86_64-linux-gnu/12/../../../../include/x86_64-linux-gnu/c++/12/bits/c++config.h:96:19: note: expanded from macro '_GLIBCXX_DEPRECATED_SUGGEST'
  __attribute__ ((__deprecated__ ("use '" ALT "' instead")))
                  ^
1 warning generated.
flexe/application/MLApp.cc
flexe/application/MLEntropyApp.cc
flexe/proto/flexe.grpc.pb.cc
flexe/proto/flexe.pb.cc
Creating shared library: ../out/clang-release/src/libflexe.so
echo /home/flexe/Flexe
/home/flexe/Flexe
/home/flexe/.conan/data/protobuf/3.17.1/_/_/package/53f76f058631e1c3a500008c75af3f37d7786131/bin/protoc --proto_path /home/flexe/Flexe /home/flexe/Flexe/flexe.proto --cpp_out /home/flexe/Flexe/src/flexe/proto/ 
/home/flexe/.conan/data/protobuf/3.17.1/_/_/package/53f76f058631e1c3a500008c75af3f37d7786131/bin/protoc --proto_path /home/flexe/Flexe --grpc_out=/home/flexe/Flexe/src/flexe/proto/ --plugin=protoc-gen-grpc=/home/flexe/.conan/data/grpc/1.38.1/_/_/package/44ecaec4536223f790dd5e0a72b2d16b1dfaa76c/bin/grpc_cpp_plugin /home/flexe/Flexe/flexe.proto
make[1]: Leaving directory '/home/flexe/Flexe/src'
21:35:07 **** Incremental Build of configuration gcc-release for project veins ****
make MODE=release -j8 all 
make[1]: Entering directory '/home/flexe/veins-veins-5.2/src'
make[1]: Nothing to be done for 'all'.
make[1]: Leaving directory '/home/flexe/veins-veins-5.2/src'
21:35:08 **** Incremental Build of configuration release for project flexe ****
make MODE=release all 
cd src && make
make[1]: Entering directory '/home/flexe/Flexe/src'
flexe/application/FedLimRSU11p.cc
flexe/application/FedLimRSU11p.cc:225:18: warning: 'random_shuffle<__gnu_cxx::__normal_iterator<int *, std::vector<int>>>' is deprecated: use 'std::shuffle' instead [-Wdeprecated-declarations]
            std::random_shuffle(std::begin(connectedClientsVector), std::end(connectedClientsVector));
                 ^
/usr/bin/../lib/gcc/x86_64-linux-gnu/12/../../../../include/c++/12/bits/stl_algo.h:4539:5: note: 'random_shuffle<__gnu_cxx::__normal_iterator<int *, std::vector<int>>>' has been explicitly marked deprecated here
    _GLIBCXX14_DEPRECATED_SUGGEST("std::shuffle")
    ^
/usr/bin/../lib/gcc/x86_64-linux-gnu/12/../../../../include/x86_64-linux-gnu/c++/12/bits/c++config.h:112:45: note: expanded from macro '_GLIBCXX14_DEPRECATED_SUGGEST'
# define _GLIBCXX14_DEPRECATED_SUGGEST(ALT) _GLIBCXX_DEPRECATED_SUGGEST(ALT)
                                            ^
/usr/bin/../lib/gcc/x86_64-linux-gnu/12/../../../../include/x86_64-linux-gnu/c++/12/bits/c++config.h:96:19: note: expanded from macro '_GLIBCXX_DEPRECATED_SUGGEST'
  __attribute__ ((__deprecated__ ("use '" ALT "' instead")))
                  ^
1 warning generated.
flexe/application/FedSETRANDOMRSU11p.cc
flexe/application/FedSETRANDOMRSU11p.cc:222:18: warning: 'random_shuffle<__gnu_cxx::__normal_iterator<int *, std::vector<int>>>' is deprecated: use 'std::shuffle' instead [-Wdeprecated-declarations]
            std::random_shuffle(std::begin(connectedClientsVector), std::end(connectedClientsVector));
                 ^
/usr/bin/../lib/gcc/x86_64-linux-gnu/12/../../../../include/c++/12/bits/stl_algo.h:4539:5: note: 'random_shuffle<__gnu_cxx::__normal_iterator<int *, std::vector<int>>>' has been explicitly marked deprecated here
    _GLIBCXX14_DEPRECATED_SUGGEST("std::shuffle")
    ^
/usr/bin/../lib/gcc/x86_64-linux-gnu/12/../../../../include/x86_64-linux-gnu/c++/12/bits/c++config.h:112:45: note: expanded from macro '_GLIBCXX14_DEPRECATED_SUGGEST'
# define _GLIBCXX14_DEPRECATED_SUGGEST(ALT) _GLIBCXX_DEPRECATED_SUGGEST(ALT)
                                            ^
/usr/bin/../lib/gcc/x86_64-linux-gnu/12/../../../../include/x86_64-linux-gnu/c++/12/bits/c++config.h:96:19: note: expanded from macro '_GLIBCXX_DEPRECATED_SUGGEST'
  __attribute__ ((__deprecated__ ("use '" ALT "' instead")))
                  ^
1 warning generated.
flexe/application/MLApp.cc
flexe/application/MLEntropyApp.cc
flexe/proto/flexe.grpc.pb.cc
flexe/proto/flexe.pb.cc
Creating shared library: ../out/clang-release/src/libflexe.so
echo /home/flexe/Flexe
/home/flexe/Flexe
/home/flexe/.conan/data/protobuf/3.17.1/_/_/package/53f76f058631e1c3a500008c75af3f37d7786131/bin/protoc --proto_path /home/flexe/Flexe /home/flexe/Flexe/flexe.proto --cpp_out /home/flexe/Flexe/src/flexe/proto/ 
/home/flexe/.conan/data/protobuf/3.17.1/_/_/package/53f76f058631e1c3a500008c75af3f37d7786131/bin/protoc --proto_path /home/flexe/Flexe --grpc_out=/home/flexe/Flexe/src/flexe/proto/ --plugin=protoc-gen-grpc=/home/flexe/.conan/data/grpc/1.38.1/_/_/package/44ecaec4536223f790dd5e0a72b2d16b1dfaa76c/bin/grpc_cpp_plugin /home/flexe/Flexe/flexe.proto
make[1]: Leaving directory '/home/flexe/Flexe/src'
21:35:45 **** Incremental Build of configuration gcc-release for project veins ****
make MODE=release -j8 all 
make[1]: Entering directory '/home/flexe/veins-veins-5.2/src'
make[1]: Nothing to be done for 'all'.
make[1]: Leaving directory '/home/flexe/veins-veins-5.2/src'
21:35:46 **** Incremental Build of configuration release for project flexe ****
make MODE=release all 
cd src && make
make[1]: Entering directory '/home/flexe/Flexe/src'
flexe/application/FedLimRSU11p.cc
flexe/application/FedLimRSU11p.cc:225:18: warning: 'random_shuffle<__gnu_cxx::__normal_iterator<int *, std::vector<int>>>' is deprecated: use 'std::shuffle' instead [-Wdeprecated-declarations]
            std::random_shuffle(std::begin(connectedClientsVector), std::end(connectedClientsVector));
                 ^
/usr/bin/../lib/gcc/x86_64-linux-gnu/12/../../../../include/c++/12/bits/stl_algo.h:4539:5: note: 'random_shuffle<__gnu_cxx::__normal_iterator<int *, std::vector<int>>>' has been explicitly marked deprecated here
    _GLIBCXX14_DEPRECATED_SUGGEST("std::shuffle")
    ^
/usr/bin/../lib/gcc/x86_64-linux-gnu/12/../../../../include/x86_64-linux-gnu/c++/12/bits/c++config.h:112:45: note: expanded from macro '_GLIBCXX14_DEPRECATED_SUGGEST'
# define _GLIBCXX14_DEPRECATED_SUGGEST(ALT) _GLIBCXX_DEPRECATED_SUGGEST(ALT)
                                            ^
/usr/bin/../lib/gcc/x86_64-linux-gnu/12/../../../../include/x86_64-linux-gnu/c++/12/bits/c++config.h:96:19: note: expanded from macro '_GLIBCXX_DEPRECATED_SUGGEST'
  __attribute__ ((__deprecated__ ("use '" ALT "' instead")))
                  ^
1 warning generated.
flexe/application/FedSETRANDOMRSU11p.cc
flexe/application/FedSETRANDOMRSU11p.cc:222:18: warning: 'random_shuffle<__gnu_cxx::__normal_iterator<int *, std::vector<int>>>' is deprecated: use 'std::shuffle' instead [-Wdeprecated-declarations]
            std::random_shuffle(std::begin(connectedClientsVector), std::end(connectedClientsVector));
                 ^
/usr/bin/../lib/gcc/x86_64-linux-gnu/12/../../../../include/c++/12/bits/stl_algo.h:4539:5: note: 'random_shuffle<__gnu_cxx::__normal_iterator<int *, std::vector<int>>>' has been explicitly marked deprecated here
    _GLIBCXX14_DEPRECATED_SUGGEST("std::shuffle")
    ^
/usr/bin/../lib/gcc/x86_64-linux-gnu/12/../../../../include/x86_64-linux-gnu/c++/12/bits/c++config.h:112:45: note: expanded from macro '_GLIBCXX14_DEPRECATED_SUGGEST'
# define _GLIBCXX14_DEPRECATED_SUGGEST(ALT) _GLIBCXX_DEPRECATED_SUGGEST(ALT)
                                            ^
/usr/bin/../lib/gcc/x86_64-linux-gnu/12/../../../../include/x86_64-linux-gnu/c++/12/bits/c++config.h:96:19: note: expanded from macro '_GLIBCXX_DEPRECATED_SUGGEST'
  __attribute__ ((__deprecated__ ("use '" ALT "' instead")))
                  ^
1 warning generated.
flexe/application/MLApp.cc
flexe/application/MLEntropyApp.cc
flexe/proto/flexe.grpc.pb.cc
flexe/proto/flexe.pb.cc
Creating shared library: ../out/clang-release/src/libflexe.so
echo /home/flexe/Flexe
/home/flexe/Flexe
/home/flexe/.conan/data/protobuf/3.17.1/_/_/package/53f76f058631e1c3a500008c75af3f37d7786131/bin/protoc --proto_path /home/flexe/Flexe /home/flexe/Flexe/flexe.proto --cpp_out /home/flexe/Flexe/src/flexe/proto/ 
/home/flexe/.conan/data/protobuf/3.17.1/_/_/package/53f76f058631e1c3a500008c75af3f37d7786131/bin/protoc --proto_path /home/flexe/Flexe --grpc_out=/home/flexe/Flexe/src/flexe/proto/ --plugin=protoc-gen-grpc=/home/flexe/.conan/data/grpc/1.38.1/_/_/package/44ecaec4536223f790dd5e0a72b2d16b1dfaa76c/bin/grpc_cpp_plugin /home/flexe/Flexe/flexe.proto
make[1]: Leaving directory '/home/flexe/Flexe/src'
23:00:01 **** Incremental Build of configuration gcc-release for project veins ****
make MODE=release -j8 all 
make[1]: Entering directory '/home/flexe/veins-veins-5.2/src'
make[1]: Nothing to be done for 'all'.
make[1]: Leaving directory '/home/flexe/veins-veins-5.2/src'
23:00:02 **** Incremental Build of configuration release for project flexe ****
make MODE=release all 
cd src && make
make[1]: Entering directory '/home/flexe/Flexe/src'
flexe/application/FedLimRSU11p.cc
flexe/application/FedLimRSU11p.cc:225:18: warning: 'random_shuffle<__gnu_cxx::__normal_iterator<int *, std::vector<int>>>' is deprecated: use 'std::shuffle' instead [-Wdeprecated-declarations]
            std::random_shuffle(std::begin(connectedClientsVector), std::end(connectedClientsVector));
                 ^
/usr/bin/../lib/gcc/x86_64-linux-gnu/12/../../../../include/c++/12/bits/stl_algo.h:4539:5: note: 'random_shuffle<__gnu_cxx::__normal_iterator<int *, std::vector<int>>>' has been explicitly marked deprecated here
    _GLIBCXX14_DEPRECATED_SUGGEST("std::shuffle")
    ^
/usr/bin/../lib/gcc/x86_64-linux-gnu/12/../../../../include/x86_64-linux-gnu/c++/12/bits/c++config.h:112:45: note: expanded from macro '_GLIBCXX14_DEPRECATED_SUGGEST'
# define _GLIBCXX14_DEPRECATED_SUGGEST(ALT) _GLIBCXX_DEPRECATED_SUGGEST(ALT)
                                            ^
/usr/bin/../lib/gcc/x86_64-linux-gnu/12/../../../../include/x86_64-linux-gnu/c++/12/bits/c++config.h:96:19: note: expanded from macro '_GLIBCXX_DEPRECATED_SUGGEST'
  __attribute__ ((__deprecated__ ("use '" ALT "' instead")))
                  ^
1 warning generated.
flexe/application/FedSETRANDOMRSU11p.cc
flexe/application/FedSETRANDOMRSU11p.cc:222:18: warning: 'random_shuffle<__gnu_cxx::__normal_iterator<int *, std::vector<int>>>' is deprecated: use 'std::shuffle' instead [-Wdeprecated-declarations]
            std::random_shuffle(std::begin(connectedClientsVector), std::end(connectedClientsVector));
                 ^
/usr/bin/../lib/gcc/x86_64-linux-gnu/12/../../../../include/c++/12/bits/stl_algo.h:4539:5: note: 'random_shuffle<__gnu_cxx::__normal_iterator<int *, std::vector<int>>>' has been explicitly marked deprecated here
    _GLIBCXX14_DEPRECATED_SUGGEST("std::shuffle")
    ^
/usr/bin/../lib/gcc/x86_64-linux-gnu/12/../../../../include/x86_64-linux-gnu/c++/12/bits/c++config.h:112:45: note: expanded from macro '_GLIBCXX14_DEPRECATED_SUGGEST'
# define _GLIBCXX14_DEPRECATED_SUGGEST(ALT) _GLIBCXX_DEPRECATED_SUGGEST(ALT)
                                            ^
/usr/bin/../lib/gcc/x86_64-linux-gnu/12/../../../../include/x86_64-linux-gnu/c++/12/bits/c++config.h:96:19: note: expanded from macro '_GLIBCXX_DEPRECATED_SUGGEST'
  __attribute__ ((__deprecated__ ("use '" ALT "' instead")))
                  ^
1 warning generated.
flexe/application/MLApp.cc
flexe/application/MLEntropyApp.cc
flexe/proto/flexe.grpc.pb.cc
flexe/proto/flexe.pb.cc
Creating shared library: ../out/clang-release/src/libflexe.so
echo /home/flexe/Flexe
/home/flexe/Flexe
/home/flexe/.conan/data/protobuf/3.17.1/_/_/package/53f76f058631e1c3a500008c75af3f37d7786131/bin/protoc --proto_path /home/flexe/Flexe /home/flexe/Flexe/flexe.proto --cpp_out /home/flexe/Flexe/src/flexe/proto/ 
/home/flexe/.conan/data/protobuf/3.17.1/_/_/package/53f76f058631e1c3a500008c75af3f37d7786131/bin/protoc --proto_path /home/flexe/Flexe --grpc_out=/home/flexe/Flexe/src/flexe/proto/ --plugin=protoc-gen-grpc=/home/flexe/.conan/data/grpc/1.38.1/_/_/package/44ecaec4536223f790dd5e0a72b2d16b1dfaa76c/bin/grpc_cpp_plugin /home/flexe/Flexe/flexe.proto
make[1]: Leaving directory '/home/flexe/Flexe/src'
23:00:52 **** Incremental Build of configuration gcc-release for project veins ****
make MODE=release -j8 all 
make[1]: Entering directory '/home/flexe/veins-veins-5.2/src'
make[1]: Nothing to be done for 'all'.
make[1]: Leaving directory '/home/flexe/veins-veins-5.2/src'
23:00:52 **** Incremental Build of configuration release for project flexe ****
make MODE=release all 
cd src && make
make[1]: Entering directory '/home/flexe/Flexe/src'
flexe/application/FedLimRSU11p.cc
flexe/application/FedLimRSU11p.cc:225:18: warning: 'random_shuffle<__gnu_cxx::__normal_iterator<int *, std::vector<int>>>' is deprecated: use 'std::shuffle' instead [-Wdeprecated-declarations]
            std::random_shuffle(std::begin(connectedClientsVector), std::end(connectedClientsVector));
                 ^
/usr/bin/../lib/gcc/x86_64-linux-gnu/12/../../../../include/c++/12/bits/stl_algo.h:4539:5: note: 'random_shuffle<__gnu_cxx::__normal_iterator<int *, std::vector<int>>>' has been explicitly marked deprecated here
    _GLIBCXX14_DEPRECATED_SUGGEST("std::shuffle")
    ^
/usr/bin/../lib/gcc/x86_64-linux-gnu/12/../../../../include/x86_64-linux-gnu/c++/12/bits/c++config.h:112:45: note: expanded from macro '_GLIBCXX14_DEPRECATED_SUGGEST'
# define _GLIBCXX14_DEPRECATED_SUGGEST(ALT) _GLIBCXX_DEPRECATED_SUGGEST(ALT)
                                            ^
/usr/bin/../lib/gcc/x86_64-linux-gnu/12/../../../../include/x86_64-linux-gnu/c++/12/bits/c++config.h:96:19: note: expanded from macro '_GLIBCXX_DEPRECATED_SUGGEST'
  __attribute__ ((__deprecated__ ("use '" ALT "' instead")))
                  ^
1 warning generated.
flexe/application/FedSETRANDOMRSU11p.cc
flexe/application/FedSETRANDOMRSU11p.cc:222:18: warning: 'random_shuffle<__gnu_cxx::__normal_iterator<int *, std::vector<int>>>' is deprecated: use 'std::shuffle' instead [-Wdeprecated-declarations]
            std::random_shuffle(std::begin(connectedClientsVector), std::end(connectedClientsVector));
                 ^
/usr/bin/../lib/gcc/x86_64-linux-gnu/12/../../../../include/c++/12/bits/stl_algo.h:4539:5: note: 'random_shuffle<__gnu_cxx::__normal_iterator<int *, std::vector<int>>>' has been explicitly marked deprecated here
    _GLIBCXX14_DEPRECATED_SUGGEST("std::shuffle")
    ^
/usr/bin/../lib/gcc/x86_64-linux-gnu/12/../../../../include/x86_64-linux-gnu/c++/12/bits/c++config.h:112:45: note: expanded from macro '_GLIBCXX14_DEPRECATED_SUGGEST'
# define _GLIBCXX14_DEPRECATED_SUGGEST(ALT) _GLIBCXX_DEPRECATED_SUGGEST(ALT)
                                            ^
/usr/bin/../lib/gcc/x86_64-linux-gnu/12/../../../../include/x86_64-linux-gnu/c++/12/bits/c++config.h:96:19: note: expanded from macro '_GLIBCXX_DEPRECATED_SUGGEST'
  __attribute__ ((__deprecated__ ("use '" ALT "' instead")))
                  ^
1 warning generated.
flexe/application/MLApp.cc
flexe/application/MLEntropyApp.cc
flexe/proto/flexe.grpc.pb.cc
flexe/proto/flexe.pb.cc
Creating shared library: ../out/clang-release/src/libflexe.so
echo /home/flexe/Flexe
/home/flexe/Flexe
/home/flexe/.conan/data/protobuf/3.17.1/_/_/package/53f76f058631e1c3a500008c75af3f37d7786131/bin/protoc --proto_path /home/flexe/Flexe /home/flexe/Flexe/flexe.proto --cpp_out /home/flexe/Flexe/src/flexe/proto/ 
/home/flexe/.conan/data/protobuf/3.17.1/_/_/package/53f76f058631e1c3a500008c75af3f37d7786131/bin/protoc --proto_path /home/flexe/Flexe --grpc_out=/home/flexe/Flexe/src/flexe/proto/ --plugin=protoc-gen-grpc=/home/flexe/.conan/data/grpc/1.38.1/_/_/package/44ecaec4536223f790dd5e0a72b2d16b1dfaa76c/bin/grpc_cpp_plugin /home/flexe/Flexe/flexe.proto
make[1]: Leaving directory '/home/flexe/Flexe/src'
23:01:32 **** Incremental Build of configuration gcc-release for project veins ****
make MODE=release -j8 all 
make[1]: Entering directory '/home/flexe/veins-veins-5.2/src'
make[1]: Nothing to be done for 'all'.
make[1]: Leaving directory '/home/flexe/veins-veins-5.2/src'
23:01:33 **** Incremental Build of configuration release for project flexe ****
make MODE=release all 
cd src && make
make[1]: Entering directory '/home/flexe/Flexe/src'
flexe/application/FedLimRSU11p.cc
flexe/application/FedLimRSU11p.cc:225:18: warning: 'random_shuffle<__gnu_cxx::__normal_iterator<int *, std::vector<int>>>' is deprecated: use 'std::shuffle' instead [-Wdeprecated-declarations]
            std::random_shuffle(std::begin(connectedClientsVector), std::end(connectedClientsVector));
                 ^
/usr/bin/../lib/gcc/x86_64-linux-gnu/12/../../../../include/c++/12/bits/stl_algo.h:4539:5: note: 'random_shuffle<__gnu_cxx::__normal_iterator<int *, std::vector<int>>>' has been explicitly marked deprecated here
    _GLIBCXX14_DEPRECATED_SUGGEST("std::shuffle")
    ^
/usr/bin/../lib/gcc/x86_64-linux-gnu/12/../../../../include/x86_64-linux-gnu/c++/12/bits/c++config.h:112:45: note: expanded from macro '_GLIBCXX14_DEPRECATED_SUGGEST'
# define _GLIBCXX14_DEPRECATED_SUGGEST(ALT) _GLIBCXX_DEPRECATED_SUGGEST(ALT)
                                            ^
/usr/bin/../lib/gcc/x86_64-linux-gnu/12/../../../../include/x86_64-linux-gnu/c++/12/bits/c++config.h:96:19: note: expanded from macro '_GLIBCXX_DEPRECATED_SUGGEST'
  __attribute__ ((__deprecated__ ("use '" ALT "' instead")))
                  ^
1 warning generated.
flexe/application/FedSETRANDOMRSU11p.cc
flexe/application/FedSETRANDOMRSU11p.cc:222:18: warning: 'random_shuffle<__gnu_cxx::__normal_iterator<int *, std::vector<int>>>' is deprecated: use 'std::shuffle' instead [-Wdeprecated-declarations]
            std::random_shuffle(std::begin(connectedClientsVector), std::end(connectedClientsVector));
                 ^
/usr/bin/../lib/gcc/x86_64-linux-gnu/12/../../../../include/c++/12/bits/stl_algo.h:4539:5: note: 'random_shuffle<__gnu_cxx::__normal_iterator<int *, std::vector<int>>>' has been explicitly marked deprecated here
    _GLIBCXX14_DEPRECATED_SUGGEST("std::shuffle")
    ^
/usr/bin/../lib/gcc/x86_64-linux-gnu/12/../../../../include/x86_64-linux-gnu/c++/12/bits/c++config.h:112:45: note: expanded from macro '_GLIBCXX14_DEPRECATED_SUGGEST'
# define _GLIBCXX14_DEPRECATED_SUGGEST(ALT) _GLIBCXX_DEPRECATED_SUGGEST(ALT)
                                            ^
/usr/bin/../lib/gcc/x86_64-linux-gnu/12/../../../../include/x86_64-linux-gnu/c++/12/bits/c++config.h:96:19: note: expanded from macro '_GLIBCXX_DEPRECATED_SUGGEST'
  __attribute__ ((__deprecated__ ("use '" ALT "' instead")))
                  ^
1 warning generated.
flexe/application/MLApp.cc
flexe/application/MLEntropyApp.cc
flexe/proto/flexe.grpc.pb.cc
flexe/proto/flexe.pb.cc
Creating shared library: ../out/clang-release/src/libflexe.so
echo /home/flexe/Flexe
/home/flexe/Flexe
/home/flexe/.conan/data/protobuf/3.17.1/_/_/package/53f76f058631e1c3a500008c75af3f37d7786131/bin/protoc --proto_path /home/flexe/Flexe /home/flexe/Flexe/flexe.proto --cpp_out /home/flexe/Flexe/src/flexe/proto/ 
/home/flexe/.conan/data/protobuf/3.17.1/_/_/package/53f76f058631e1c3a500008c75af3f37d7786131/bin/protoc --proto_path /home/flexe/Flexe --grpc_out=/home/flexe/Flexe/src/flexe/proto/ --plugin=protoc-gen-grpc=/home/flexe/.conan/data/grpc/1.38.1/_/_/package/44ecaec4536223f790dd5e0a72b2d16b1dfaa76c/bin/grpc_cpp_plugin /home/flexe/Flexe/flexe.proto
make[1]: Leaving directory '/home/flexe/Flexe/src'
23:09:19 **** Incremental Build of configuration gcc-release for project veins ****
make MODE=release -j8 all 
make[1]: Entering directory '/home/flexe/veins-veins-5.2/src'
make[1]: Nothing to be done for 'all'.
make[1]: Leaving directory '/home/flexe/veins-veins-5.2/src'
23:09:20 **** Incremental Build of configuration release for project flexe ****
make MODE=release all 
cd src && make
make[1]: Entering directory '/home/flexe/Flexe/src'
flexe/application/FedLimRSU11p.cc
flexe/application/FedLimRSU11p.cc:225:18: warning: 'random_shuffle<__gnu_cxx::__normal_iterator<int *, std::vector<int>>>' is deprecated: use 'std::shuffle' instead [-Wdeprecated-declarations]
            std::random_shuffle(std::begin(connectedClientsVector), std::end(connectedClientsVector));
                 ^
/usr/bin/../lib/gcc/x86_64-linux-gnu/12/../../../../include/c++/12/bits/stl_algo.h:4539:5: note: 'random_shuffle<__gnu_cxx::__normal_iterator<int *, std::vector<int>>>' has been explicitly marked deprecated here
    _GLIBCXX14_DEPRECATED_SUGGEST("std::shuffle")
    ^
/usr/bin/../lib/gcc/x86_64-linux-gnu/12/../../../../include/x86_64-linux-gnu/c++/12/bits/c++config.h:112:45: note: expanded from macro '_GLIBCXX14_DEPRECATED_SUGGEST'
# define _GLIBCXX14_DEPRECATED_SUGGEST(ALT) _GLIBCXX_DEPRECATED_SUGGEST(ALT)
                                            ^
/usr/bin/../lib/gcc/x86_64-linux-gnu/12/../../../../include/x86_64-linux-gnu/c++/12/bits/c++config.h:96:19: note: expanded from macro '_GLIBCXX_DEPRECATED_SUGGEST'
  __attribute__ ((__deprecated__ ("use '" ALT "' instead")))
                  ^
1 warning generated.
flexe/application/FedSETRANDOMRSU11p.cc
flexe/application/FedSETRANDOMRSU11p.cc:222:18: warning: 'random_shuffle<__gnu_cxx::__normal_iterator<int *, std::vector<int>>>' is deprecated: use 'std::shuffle' instead [-Wdeprecated-declarations]
            std::random_shuffle(std::begin(connectedClientsVector), std::end(connectedClientsVector));
                 ^
/usr/bin/../lib/gcc/x86_64-linux-gnu/12/../../../../include/c++/12/bits/stl_algo.h:4539:5: note: 'random_shuffle<__gnu_cxx::__normal_iterator<int *, std::vector<int>>>' has been explicitly marked deprecated here
    _GLIBCXX14_DEPRECATED_SUGGEST("std::shuffle")
    ^
/usr/bin/../lib/gcc/x86_64-linux-gnu/12/../../../../include/x86_64-linux-gnu/c++/12/bits/c++config.h:112:45: note: expanded from macro '_GLIBCXX14_DEPRECATED_SUGGEST'
# define _GLIBCXX14_DEPRECATED_SUGGEST(ALT) _GLIBCXX_DEPRECATED_SUGGEST(ALT)
                                            ^
/usr/bin/../lib/gcc/x86_64-linux-gnu/12/../../../../include/x86_64-linux-gnu/c++/12/bits/c++config.h:96:19: note: expanded from macro '_GLIBCXX_DEPRECATED_SUGGEST'
  __attribute__ ((__deprecated__ ("use '" ALT "' instead")))
                  ^
1 warning generated.
flexe/application/MLApp.cc
flexe/application/MLEntropyApp.cc
flexe/proto/flexe.grpc.pb.cc
flexe/proto/flexe.pb.cc
Creating shared library: ../out/clang-release/src/libflexe.so
echo /home/flexe/Flexe
/home/flexe/Flexe
/home/flexe/.conan/data/protobuf/3.17.1/_/_/package/53f76f058631e1c3a500008c75af3f37d7786131/bin/protoc --proto_path /home/flexe/Flexe /home/flexe/Flexe/flexe.proto --cpp_out /home/flexe/Flexe/src/flexe/proto/ 
/home/flexe/.conan/data/protobuf/3.17.1/_/_/package/53f76f058631e1c3a500008c75af3f37d7786131/bin/protoc --proto_path /home/flexe/Flexe --grpc_out=/home/flexe/Flexe/src/flexe/proto/ --plugin=protoc-gen-grpc=/home/flexe/.conan/data/grpc/1.38.1/_/_/package/44ecaec4536223f790dd5e0a72b2d16b1dfaa76c/bin/grpc_cpp_plugin /home/flexe/Flexe/flexe.proto
make[1]: Leaving directory '/home/flexe/Flexe/src'
23:09:54 **** Incremental Build of configuration gcc-release for project veins ****
make MODE=release -j8 all 
make[1]: Entering directory '/home/flexe/veins-veins-5.2/src'
make[1]: Nothing to be done for 'all'.
make[1]: Leaving directory '/home/flexe/veins-veins-5.2/src'
23:09:55 **** Incremental Build of configuration release for project flexe ****
make MODE=release all 
cd src && make
make[1]: Entering directory '/home/flexe/Flexe/src'
flexe/application/FedLimRSU11p.cc
flexe/application/FedLimRSU11p.cc:225:18: warning: 'random_shuffle<__gnu_cxx::__normal_iterator<int *, std::vector<int>>>' is deprecated: use 'std::shuffle' instead [-Wdeprecated-declarations]
            std::random_shuffle(std::begin(connectedClientsVector), std::end(connectedClientsVector));
                 ^
/usr/bin/../lib/gcc/x86_64-linux-gnu/12/../../../../include/c++/12/bits/stl_algo.h:4539:5: note: 'random_shuffle<__gnu_cxx::__normal_iterator<int *, std::vector<int>>>' has been explicitly marked deprecated here
    _GLIBCXX14_DEPRECATED_SUGGEST("std::shuffle")
    ^
/usr/bin/../lib/gcc/x86_64-linux-gnu/12/../../../../include/x86_64-linux-gnu/c++/12/bits/c++config.h:112:45: note: expanded from macro '_GLIBCXX14_DEPRECATED_SUGGEST'
# define _GLIBCXX14_DEPRECATED_SUGGEST(ALT) _GLIBCXX_DEPRECATED_SUGGEST(ALT)
                                            ^
/usr/bin/../lib/gcc/x86_64-linux-gnu/12/../../../../include/x86_64-linux-gnu/c++/12/bits/c++config.h:96:19: note: expanded from macro '_GLIBCXX_DEPRECATED_SUGGEST'
  __attribute__ ((__deprecated__ ("use '" ALT "' instead")))
                  ^
1 warning generated.
flexe/application/FedSETRANDOMRSU11p.cc
flexe/application/FedSETRANDOMRSU11p.cc:222:18: warning: 'random_shuffle<__gnu_cxx::__normal_iterator<int *, std::vector<int>>>' is deprecated: use 'std::shuffle' instead [-Wdeprecated-declarations]
            std::random_shuffle(std::begin(connectedClientsVector), std::end(connectedClientsVector));
                 ^
/usr/bin/../lib/gcc/x86_64-linux-gnu/12/../../../../include/c++/12/bits/stl_algo.h:4539:5: note: 'random_shuffle<__gnu_cxx::__normal_iterator<int *, std::vector<int>>>' has been explicitly marked deprecated here
    _GLIBCXX14_DEPRECATED_SUGGEST("std::shuffle")
    ^
/usr/bin/../lib/gcc/x86_64-linux-gnu/12/../../../../include/x86_64-linux-gnu/c++/12/bits/c++config.h:112:45: note: expanded from macro '_GLIBCXX14_DEPRECATED_SUGGEST'
# define _GLIBCXX14_DEPRECATED_SUGGEST(ALT) _GLIBCXX_DEPRECATED_SUGGEST(ALT)
                                            ^
/usr/bin/../lib/gcc/x86_64-linux-gnu/12/../../../../include/x86_64-linux-gnu/c++/12/bits/c++config.h:96:19: note: expanded from macro '_GLIBCXX_DEPRECATED_SUGGEST'
  __attribute__ ((__deprecated__ ("use '" ALT "' instead")))
                  ^
1 warning generated.
flexe/application/MLApp.cc
flexe/application/MLEntropyApp.cc
flexe/proto/flexe.grpc.pb.cc
flexe/proto/flexe.pb.cc
Creating shared library: ../out/clang-release/src/libflexe.so
echo /home/flexe/Flexe
/home/flexe/Flexe
/home/flexe/.conan/data/protobuf/3.17.1/_/_/package/53f76f058631e1c3a500008c75af3f37d7786131/bin/protoc --proto_path /home/flexe/Flexe /home/flexe/Flexe/flexe.proto --cpp_out /home/flexe/Flexe/src/flexe/proto/ 
/home/flexe/.conan/data/protobuf/3.17.1/_/_/package/53f76f058631e1c3a500008c75af3f37d7786131/bin/protoc --proto_path /home/flexe/Flexe --grpc_out=/home/flexe/Flexe/src/flexe/proto/ --plugin=protoc-gen-grpc=/home/flexe/.conan/data/grpc/1.38.1/_/_/package/44ecaec4536223f790dd5e0a72b2d16b1dfaa76c/bin/grpc_cpp_plugin /home/flexe/Flexe/flexe.proto
make[1]: Leaving directory '/home/flexe/Flexe/src'
11:55:44 **** Incremental Build of configuration gcc-release for project veins ****
make MODE=release -j8 all 
make[1]: Entering directory '/home/flexe/veins-veins-5.2/src'
make[1]: Nothing to be done for 'all'.
make[1]: Leaving directory '/home/flexe/veins-veins-5.2/src'
11:55:45 **** Incremental Build of configuration release for project flexe ****
make MODE=release all 
cd src && make
make[1]: Entering directory '/home/flexe/Flexe/src'
flexe/application/FedLimRSU11p.cc
flexe/application/FedLimRSU11p.cc:225:18: warning: 'random_shuffle<__gnu_cxx::__normal_iterator<int *, std::vector<int>>>' is deprecated: use 'std::shuffle' instead [-Wdeprecated-declarations]
            std::random_shuffle(std::begin(connectedClientsVector), std::end(connectedClientsVector));
                 ^
/usr/bin/../lib/gcc/x86_64-linux-gnu/12/../../../../include/c++/12/bits/stl_algo.h:4539:5: note: 'random_shuffle<__gnu_cxx::__normal_iterator<int *, std::vector<int>>>' has been explicitly marked deprecated here
    _GLIBCXX14_DEPRECATED_SUGGEST("std::shuffle")
    ^
/usr/bin/../lib/gcc/x86_64-linux-gnu/12/../../../../include/x86_64-linux-gnu/c++/12/bits/c++config.h:112:45: note: expanded from macro '_GLIBCXX14_DEPRECATED_SUGGEST'
# define _GLIBCXX14_DEPRECATED_SUGGEST(ALT) _GLIBCXX_DEPRECATED_SUGGEST(ALT)
                                            ^
/usr/bin/../lib/gcc/x86_64-linux-gnu/12/../../../../include/x86_64-linux-gnu/c++/12/bits/c++config.h:96:19: note: expanded from macro '_GLIBCXX_DEPRECATED_SUGGEST'
  __attribute__ ((__deprecated__ ("use '" ALT "' instead")))
                  ^
1 warning generated.
flexe/application/FedSETRANDOMRSU11p.cc
flexe/application/FedSETRANDOMRSU11p.cc:222:18: warning: 'random_shuffle<__gnu_cxx::__normal_iterator<int *, std::vector<int>>>' is deprecated: use 'std::shuffle' instead [-Wdeprecated-declarations]
            std::random_shuffle(std::begin(connectedClientsVector), std::end(connectedClientsVector));
                 ^
/usr/bin/../lib/gcc/x86_64-linux-gnu/12/../../../../include/c++/12/bits/stl_algo.h:4539:5: note: 'random_shuffle<__gnu_cxx::__normal_iterator<int *, std::vector<int>>>' has been explicitly marked deprecated here
    _GLIBCXX14_DEPRECATED_SUGGEST("std::shuffle")
    ^
/usr/bin/../lib/gcc/x86_64-linux-gnu/12/../../../../include/x86_64-linux-gnu/c++/12/bits/c++config.h:112:45: note: expanded from macro '_GLIBCXX14_DEPRECATED_SUGGEST'
# define _GLIBCXX14_DEPRECATED_SUGGEST(ALT) _GLIBCXX_DEPRECATED_SUGGEST(ALT)
                                            ^
/usr/bin/../lib/gcc/x86_64-linux-gnu/12/../../../../include/x86_64-linux-gnu/c++/12/bits/c++config.h:96:19: note: expanded from macro '_GLIBCXX_DEPRECATED_SUGGEST'
  __attribute__ ((__deprecated__ ("use '" ALT "' instead")))
                  ^
1 warning generated.
flexe/application/MLApp.cc
flexe/application/MLEntropyApp.cc
flexe/proto/flexe.grpc.pb.cc
flexe/proto/flexe.pb.cc
Creating shared library: ../out/clang-release/src/libflexe.so
echo /home/flexe/Flexe
/home/flexe/Flexe
/home/flexe/.conan/data/protobuf/3.17.1/_/_/package/53f76f058631e1c3a500008c75af3f37d7786131/bin/protoc --proto_path /home/flexe/Flexe /home/flexe/Flexe/flexe.proto --cpp_out /home/flexe/Flexe/src/flexe/proto/ 
/home/flexe/.conan/data/protobuf/3.17.1/_/_/package/53f76f058631e1c3a500008c75af3f37d7786131/bin/protoc --proto_path /home/flexe/Flexe --grpc_out=/home/flexe/Flexe/src/flexe/proto/ --plugin=protoc-gen-grpc=/home/flexe/.conan/data/grpc/1.38.1/_/_/package/44ecaec4536223f790dd5e0a72b2d16b1dfaa76c/bin/grpc_cpp_plugin /home/flexe/Flexe/flexe.proto
make[1]: Leaving directory '/home/flexe/Flexe/src'
11:56:21 **** Incremental Build of configuration gcc-release for project veins ****
make MODE=release -j8 all 
make[1]: Entering directory '/home/flexe/veins-veins-5.2/src'
make[1]: Nothing to be done for 'all'.
make[1]: Leaving directory '/home/flexe/veins-veins-5.2/src'
11:56:22 **** Incremental Build of configuration release for project flexe ****
make MODE=release all 
cd src && make
make[1]: Entering directory '/home/flexe/Flexe/src'
flexe/application/FedLimRSU11p.cc
flexe/application/FedLimRSU11p.cc:225:18: warning: 'random_shuffle<__gnu_cxx::__normal_iterator<int *, std::vector<int>>>' is deprecated: use 'std::shuffle' instead [-Wdeprecated-declarations]
            std::random_shuffle(std::begin(connectedClientsVector), std::end(connectedClientsVector));
                 ^
/usr/bin/../lib/gcc/x86_64-linux-gnu/12/../../../../include/c++/12/bits/stl_algo.h:4539:5: note: 'random_shuffle<__gnu_cxx::__normal_iterator<int *, std::vector<int>>>' has been explicitly marked deprecated here
    _GLIBCXX14_DEPRECATED_SUGGEST("std::shuffle")
    ^
/usr/bin/../lib/gcc/x86_64-linux-gnu/12/../../../../include/x86_64-linux-gnu/c++/12/bits/c++config.h:112:45: note: expanded from macro '_GLIBCXX14_DEPRECATED_SUGGEST'
# define _GLIBCXX14_DEPRECATED_SUGGEST(ALT) _GLIBCXX_DEPRECATED_SUGGEST(ALT)
                                            ^
/usr/bin/../lib/gcc/x86_64-linux-gnu/12/../../../../include/x86_64-linux-gnu/c++/12/bits/c++config.h:96:19: note: expanded from macro '_GLIBCXX_DEPRECATED_SUGGEST'
  __attribute__ ((__deprecated__ ("use '" ALT "' instead")))
                  ^
1 warning generated.
flexe/application/FedSETRANDOMRSU11p.cc
flexe/application/FedSETRANDOMRSU11p.cc:222:18: warning: 'random_shuffle<__gnu_cxx::__normal_iterator<int *, std::vector<int>>>' is deprecated: use 'std::shuffle' instead [-Wdeprecated-declarations]
            std::random_shuffle(std::begin(connectedClientsVector), std::end(connectedClientsVector));
                 ^
/usr/bin/../lib/gcc/x86_64-linux-gnu/12/../../../../include/c++/12/bits/stl_algo.h:4539:5: note: 'random_shuffle<__gnu_cxx::__normal_iterator<int *, std::vector<int>>>' has been explicitly marked deprecated here
    _GLIBCXX14_DEPRECATED_SUGGEST("std::shuffle")
    ^
/usr/bin/../lib/gcc/x86_64-linux-gnu/12/../../../../include/x86_64-linux-gnu/c++/12/bits/c++config.h:112:45: note: expanded from macro '_GLIBCXX14_DEPRECATED_SUGGEST'
# define _GLIBCXX14_DEPRECATED_SUGGEST(ALT) _GLIBCXX_DEPRECATED_SUGGEST(ALT)
                                            ^
/usr/bin/../lib/gcc/x86_64-linux-gnu/12/../../../../include/x86_64-linux-gnu/c++/12/bits/c++config.h:96:19: note: expanded from macro '_GLIBCXX_DEPRECATED_SUGGEST'
  __attribute__ ((__deprecated__ ("use '" ALT "' instead")))
                  ^
1 warning generated.
flexe/application/MLApp.cc
flexe/application/MLEntropyApp.cc
flexe/proto/flexe.grpc.pb.cc
flexe/proto/flexe.pb.cc
Creating shared library: ../out/clang-release/src/libflexe.so
echo /home/flexe/Flexe
/home/flexe/Flexe
/home/flexe/.conan/data/protobuf/3.17.1/_/_/package/53f76f058631e1c3a500008c75af3f37d7786131/bin/protoc --proto_path /home/flexe/Flexe /home/flexe/Flexe/flexe.proto --cpp_out /home/flexe/Flexe/src/flexe/proto/ 
/home/flexe/.conan/data/protobuf/3.17.1/_/_/package/53f76f058631e1c3a500008c75af3f37d7786131/bin/protoc --proto_path /home/flexe/Flexe --grpc_out=/home/flexe/Flexe/src/flexe/proto/ --plugin=protoc-gen-grpc=/home/flexe/.conan/data/grpc/1.38.1/_/_/package/44ecaec4536223f790dd5e0a72b2d16b1dfaa76c/bin/grpc_cpp_plugin /home/flexe/Flexe/flexe.proto
make[1]: Leaving directory '/home/flexe/Flexe/src'
11:59:39 **** Incremental Build of configuration gcc-release for project veins ****
make MODE=release -j8 all 
make[1]: Entering directory '/home/flexe/veins-veins-5.2/src'
make[1]: Nothing to be done for 'all'.
make[1]: Leaving directory '/home/flexe/veins-veins-5.2/src'
11:59:40 **** Incremental Build of configuration release for project flexe ****
make MODE=release all 
cd src && make
make[1]: Entering directory '/home/flexe/Flexe/src'
flexe/application/FedLimRSU11p.cc
flexe/application/FedLimRSU11p.cc:225:18: warning: 'random_shuffle<__gnu_cxx::__normal_iterator<int *, std::vector<int>>>' is deprecated: use 'std::shuffle' instead [-Wdeprecated-declarations]
            std::random_shuffle(std::begin(connectedClientsVector), std::end(connectedClientsVector));
                 ^
/usr/bin/../lib/gcc/x86_64-linux-gnu/12/../../../../include/c++/12/bits/stl_algo.h:4539:5: note: 'random_shuffle<__gnu_cxx::__normal_iterator<int *, std::vector<int>>>' has been explicitly marked deprecated here
    _GLIBCXX14_DEPRECATED_SUGGEST("std::shuffle")
    ^
/usr/bin/../lib/gcc/x86_64-linux-gnu/12/../../../../include/x86_64-linux-gnu/c++/12/bits/c++config.h:112:45: note: expanded from macro '_GLIBCXX14_DEPRECATED_SUGGEST'
# define _GLIBCXX14_DEPRECATED_SUGGEST(ALT) _GLIBCXX_DEPRECATED_SUGGEST(ALT)
                                            ^
/usr/bin/../lib/gcc/x86_64-linux-gnu/12/../../../../include/x86_64-linux-gnu/c++/12/bits/c++config.h:96:19: note: expanded from macro '_GLIBCXX_DEPRECATED_SUGGEST'
  __attribute__ ((__deprecated__ ("use '" ALT "' instead")))
                  ^
1 warning generated.
flexe/application/FedSETRANDOMRSU11p.cc
flexe/application/FedSETRANDOMRSU11p.cc:222:18: warning: 'random_shuffle<__gnu_cxx::__normal_iterator<int *, std::vector<int>>>' is deprecated: use 'std::shuffle' instead [-Wdeprecated-declarations]
            std::random_shuffle(std::begin(connectedClientsVector), std::end(connectedClientsVector));
                 ^
/usr/bin/../lib/gcc/x86_64-linux-gnu/12/../../../../include/c++/12/bits/stl_algo.h:4539:5: note: 'random_shuffle<__gnu_cxx::__normal_iterator<int *, std::vector<int>>>' has been explicitly marked deprecated here
    _GLIBCXX14_DEPRECATED_SUGGEST("std::shuffle")
    ^
/usr/bin/../lib/gcc/x86_64-linux-gnu/12/../../../../include/x86_64-linux-gnu/c++/12/bits/c++config.h:112:45: note: expanded from macro '_GLIBCXX14_DEPRECATED_SUGGEST'
# define _GLIBCXX14_DEPRECATED_SUGGEST(ALT) _GLIBCXX_DEPRECATED_SUGGEST(ALT)
                                            ^
/usr/bin/../lib/gcc/x86_64-linux-gnu/12/../../../../include/x86_64-linux-gnu/c++/12/bits/c++config.h:96:19: note: expanded from macro '_GLIBCXX_DEPRECATED_SUGGEST'
  __attribute__ ((__deprecated__ ("use '" ALT "' instead")))
                  ^
1 warning generated.
flexe/application/MLApp.cc
flexe/application/MLEntropyApp.cc
flexe/proto/flexe.grpc.pb.cc
flexe/proto/flexe.pb.cc
Creating shared library: ../out/clang-release/src/libflexe.so
echo /home/flexe/Flexe
/home/flexe/Flexe
/home/flexe/.conan/data/protobuf/3.17.1/_/_/package/53f76f058631e1c3a500008c75af3f37d7786131/bin/protoc --proto_path /home/flexe/Flexe /home/flexe/Flexe/flexe.proto --cpp_out /home/flexe/Flexe/src/flexe/proto/ 
/home/flexe/.conan/data/protobuf/3.17.1/_/_/package/53f76f058631e1c3a500008c75af3f37d7786131/bin/protoc --proto_path /home/flexe/Flexe --grpc_out=/home/flexe/Flexe/src/flexe/proto/ --plugin=protoc-gen-grpc=/home/flexe/.conan/data/grpc/1.38.1/_/_/package/44ecaec4536223f790dd5e0a72b2d16b1dfaa76c/bin/grpc_cpp_plugin /home/flexe/Flexe/flexe.proto
make[1]: Leaving directory '/home/flexe/Flexe/src'
12:00:17 **** Incremental Build of configuration gcc-release for project veins ****
make MODE=release -j8 all 
make[1]: Entering directory '/home/flexe/veins-veins-5.2/src'
make[1]: Nothing to be done for 'all'.
make[1]: Leaving directory '/home/flexe/veins-veins-5.2/src'
12:00:18 **** Incremental Build of configuration release for project flexe ****
make MODE=release all 
cd src && make
make[1]: Entering directory '/home/flexe/Flexe/src'
flexe/application/FedLimRSU11p.cc
flexe/application/FedLimRSU11p.cc:225:18: warning: 'random_shuffle<__gnu_cxx::__normal_iterator<int *, std::vector<int>>>' is deprecated: use 'std::shuffle' instead [-Wdeprecated-declarations]
            std::random_shuffle(std::begin(connectedClientsVector), std::end(connectedClientsVector));
                 ^
/usr/bin/../lib/gcc/x86_64-linux-gnu/12/../../../../include/c++/12/bits/stl_algo.h:4539:5: note: 'random_shuffle<__gnu_cxx::__normal_iterator<int *, std::vector<int>>>' has been explicitly marked deprecated here
    _GLIBCXX14_DEPRECATED_SUGGEST("std::shuffle")
    ^
/usr/bin/../lib/gcc/x86_64-linux-gnu/12/../../../../include/x86_64-linux-gnu/c++/12/bits/c++config.h:112:45: note: expanded from macro '_GLIBCXX14_DEPRECATED_SUGGEST'
# define _GLIBCXX14_DEPRECATED_SUGGEST(ALT) _GLIBCXX_DEPRECATED_SUGGEST(ALT)
                                            ^
/usr/bin/../lib/gcc/x86_64-linux-gnu/12/../../../../include/x86_64-linux-gnu/c++/12/bits/c++config.h:96:19: note: expanded from macro '_GLIBCXX_DEPRECATED_SUGGEST'
  __attribute__ ((__deprecated__ ("use '" ALT "' instead")))
                  ^
1 warning generated.
flexe/application/FedSETRANDOMRSU11p.cc
flexe/application/FedSETRANDOMRSU11p.cc:222:18: warning: 'random_shuffle<__gnu_cxx::__normal_iterator<int *, std::vector<int>>>' is deprecated: use 'std::shuffle' instead [-Wdeprecated-declarations]
            std::random_shuffle(std::begin(connectedClientsVector), std::end(connectedClientsVector));
                 ^
/usr/bin/../lib/gcc/x86_64-linux-gnu/12/../../../../include/c++/12/bits/stl_algo.h:4539:5: note: 'random_shuffle<__gnu_cxx::__normal_iterator<int *, std::vector<int>>>' has been explicitly marked deprecated here
    _GLIBCXX14_DEPRECATED_SUGGEST("std::shuffle")
    ^
/usr/bin/../lib/gcc/x86_64-linux-gnu/12/../../../../include/x86_64-linux-gnu/c++/12/bits/c++config.h:112:45: note: expanded from macro '_GLIBCXX14_DEPRECATED_SUGGEST'
# define _GLIBCXX14_DEPRECATED_SUGGEST(ALT) _GLIBCXX_DEPRECATED_SUGGEST(ALT)
                                            ^
/usr/bin/../lib/gcc/x86_64-linux-gnu/12/../../../../include/x86_64-linux-gnu/c++/12/bits/c++config.h:96:19: note: expanded from macro '_GLIBCXX_DEPRECATED_SUGGEST'
  __attribute__ ((__deprecated__ ("use '" ALT "' instead")))
                  ^
1 warning generated.
flexe/application/MLApp.cc
flexe/application/MLEntropyApp.cc
flexe/proto/flexe.grpc.pb.cc
flexe/proto/flexe.pb.cc
Creating shared library: ../out/clang-release/src/libflexe.so
echo /home/flexe/Flexe
/home/flexe/Flexe
/home/flexe/.conan/data/protobuf/3.17.1/_/_/package/53f76f058631e1c3a500008c75af3f37d7786131/bin/protoc --proto_path /home/flexe/Flexe /home/flexe/Flexe/flexe.proto --cpp_out /home/flexe/Flexe/src/flexe/proto/ 
/home/flexe/.conan/data/protobuf/3.17.1/_/_/package/53f76f058631e1c3a500008c75af3f37d7786131/bin/protoc --proto_path /home/flexe/Flexe --grpc_out=/home/flexe/Flexe/src/flexe/proto/ --plugin=protoc-gen-grpc=/home/flexe/.conan/data/grpc/1.38.1/_/_/package/44ecaec4536223f790dd5e0a72b2d16b1dfaa76c/bin/grpc_cpp_plugin /home/flexe/Flexe/flexe.proto
make[1]: Leaving directory '/home/flexe/Flexe/src'
01:22:59 **** Incremental Build of configuration gcc-release for project veins ****
make MODE=release -j8 all 
make[1]: Entering directory '/home/flexe/veins-veins-5.2/src'
make[1]: Nothing to be done for 'all'.
make[1]: Leaving directory '/home/flexe/veins-veins-5.2/src'
01:23:00 **** Incremental Build of configuration release for project flexe ****
make MODE=release all 
cd src && make
make[1]: Entering directory '/home/flexe/Flexe/src'
flexe/application/FedLimRSU11p.cc
flexe/application/FedLimRSU11p.cc:225:18: warning: 'random_shuffle<__gnu_cxx::__normal_iterator<int *, std::vector<int>>>' is deprecated: use 'std::shuffle' instead [-Wdeprecated-declarations]
            std::random_shuffle(std::begin(connectedClientsVector), std::end(connectedClientsVector));
                 ^
/usr/bin/../lib/gcc/x86_64-linux-gnu/12/../../../../include/c++/12/bits/stl_algo.h:4539:5: note: 'random_shuffle<__gnu_cxx::__normal_iterator<int *, std::vector<int>>>' has been explicitly marked deprecated here
    _GLIBCXX14_DEPRECATED_SUGGEST("std::shuffle")
    ^
/usr/bin/../lib/gcc/x86_64-linux-gnu/12/../../../../include/x86_64-linux-gnu/c++/12/bits/c++config.h:112:45: note: expanded from macro '_GLIBCXX14_DEPRECATED_SUGGEST'
# define _GLIBCXX14_DEPRECATED_SUGGEST(ALT) _GLIBCXX_DEPRECATED_SUGGEST(ALT)
                                            ^
/usr/bin/../lib/gcc/x86_64-linux-gnu/12/../../../../include/x86_64-linux-gnu/c++/12/bits/c++config.h:96:19: note: expanded from macro '_GLIBCXX_DEPRECATED_SUGGEST'
  __attribute__ ((__deprecated__ ("use '" ALT "' instead")))
                  ^
1 warning generated.
flexe/application/FedSETRANDOMRSU11p.cc
flexe/application/FedSETRANDOMRSU11p.cc:222:18: warning: 'random_shuffle<__gnu_cxx::__normal_iterator<int *, std::vector<int>>>' is deprecated: use 'std::shuffle' instead [-Wdeprecated-declarations]
            std::random_shuffle(std::begin(connectedClientsVector), std::end(connectedClientsVector));
                 ^
/usr/bin/../lib/gcc/x86_64-linux-gnu/12/../../../../include/c++/12/bits/stl_algo.h:4539:5: note: 'random_shuffle<__gnu_cxx::__normal_iterator<int *, std::vector<int>>>' has been explicitly marked deprecated here
    _GLIBCXX14_DEPRECATED_SUGGEST("std::shuffle")
    ^
/usr/bin/../lib/gcc/x86_64-linux-gnu/12/../../../../include/x86_64-linux-gnu/c++/12/bits/c++config.h:112:45: note: expanded from macro '_GLIBCXX14_DEPRECATED_SUGGEST'
# define _GLIBCXX14_DEPRECATED_SUGGEST(ALT) _GLIBCXX_DEPRECATED_SUGGEST(ALT)
                                            ^
/usr/bin/../lib/gcc/x86_64-linux-gnu/12/../../../../include/x86_64-linux-gnu/c++/12/bits/c++config.h:96:19: note: expanded from macro '_GLIBCXX_DEPRECATED_SUGGEST'
  __attribute__ ((__deprecated__ ("use '" ALT "' instead")))
                  ^
1 warning generated.
flexe/application/MLApp.cc
flexe/application/MLEntropyApp.cc
flexe/proto/flexe.grpc.pb.cc
flexe/proto/flexe.pb.cc
Creating shared library: ../out/clang-release/src/libflexe.so
echo /home/flexe/Flexe
/home/flexe/Flexe
/home/flexe/.conan/data/protobuf/3.17.1/_/_/package/53f76f058631e1c3a500008c75af3f37d7786131/bin/protoc --proto_path /home/flexe/Flexe /home/flexe/Flexe/flexe.proto --cpp_out /home/flexe/Flexe/src/flexe/proto/ 
/home/flexe/.conan/data/protobuf/3.17.1/_/_/package/53f76f058631e1c3a500008c75af3f37d7786131/bin/protoc --proto_path /home/flexe/Flexe --grpc_out=/home/flexe/Flexe/src/flexe/proto/ --plugin=protoc-gen-grpc=/home/flexe/.conan/data/grpc/1.38.1/_/_/package/44ecaec4536223f790dd5e0a72b2d16b1dfaa76c/bin/grpc_cpp_plugin /home/flexe/Flexe/flexe.proto
make[1]: Leaving directory '/home/flexe/Flexe/src'
01:24:02 **** Incremental Build of configuration gcc-release for project veins ****
make MODE=release -j8 all 
make[1]: Entering directory '/home/flexe/veins-veins-5.2/src'
make[1]: Nothing to be done for 'all'.
make[1]: Leaving directory '/home/flexe/veins-veins-5.2/src'
01:24:02 **** Incremental Build of configuration release for project flexe ****
make MODE=release all 
cd src && make
make[1]: Entering directory '/home/flexe/Flexe/src'
flexe/application/FedLimRSU11p.cc
flexe/application/FedLimRSU11p.cc:225:18: warning: 'random_shuffle<__gnu_cxx::__normal_iterator<int *, std::vector<int>>>' is deprecated: use 'std::shuffle' instead [-Wdeprecated-declarations]
            std::random_shuffle(std::begin(connectedClientsVector), std::end(connectedClientsVector));
                 ^
/usr/bin/../lib/gcc/x86_64-linux-gnu/12/../../../../include/c++/12/bits/stl_algo.h:4539:5: note: 'random_shuffle<__gnu_cxx::__normal_iterator<int *, std::vector<int>>>' has been explicitly marked deprecated here
    _GLIBCXX14_DEPRECATED_SUGGEST("std::shuffle")
    ^
/usr/bin/../lib/gcc/x86_64-linux-gnu/12/../../../../include/x86_64-linux-gnu/c++/12/bits/c++config.h:112:45: note: expanded from macro '_GLIBCXX14_DEPRECATED_SUGGEST'
# define _GLIBCXX14_DEPRECATED_SUGGEST(ALT) _GLIBCXX_DEPRECATED_SUGGEST(ALT)
                                            ^
/usr/bin/../lib/gcc/x86_64-linux-gnu/12/../../../../include/x86_64-linux-gnu/c++/12/bits/c++config.h:96:19: note: expanded from macro '_GLIBCXX_DEPRECATED_SUGGEST'
  __attribute__ ((__deprecated__ ("use '" ALT "' instead")))
                  ^
1 warning generated.
flexe/application/FedSETRANDOMRSU11p.cc
flexe/application/FedSETRANDOMRSU11p.cc:222:18: warning: 'random_shuffle<__gnu_cxx::__normal_iterator<int *, std::vector<int>>>' is deprecated: use 'std::shuffle' instead [-Wdeprecated-declarations]
            std::random_shuffle(std::begin(connectedClientsVector), std::end(connectedClientsVector));
                 ^
/usr/bin/../lib/gcc/x86_64-linux-gnu/12/../../../../include/c++/12/bits/stl_algo.h:4539:5: note: 'random_shuffle<__gnu_cxx::__normal_iterator<int *, std::vector<int>>>' has been explicitly marked deprecated here
    _GLIBCXX14_DEPRECATED_SUGGEST("std::shuffle")
    ^
/usr/bin/../lib/gcc/x86_64-linux-gnu/12/../../../../include/x86_64-linux-gnu/c++/12/bits/c++config.h:112:45: note: expanded from macro '_GLIBCXX14_DEPRECATED_SUGGEST'
# define _GLIBCXX14_DEPRECATED_SUGGEST(ALT) _GLIBCXX_DEPRECATED_SUGGEST(ALT)
                                            ^
/usr/bin/../lib/gcc/x86_64-linux-gnu/12/../../../../include/x86_64-linux-gnu/c++/12/bits/c++config.h:96:19: note: expanded from macro '_GLIBCXX_DEPRECATED_SUGGEST'
  __attribute__ ((__deprecated__ ("use '" ALT "' instead")))
                  ^
1 warning generated.
flexe/application/MLApp.cc
flexe/application/MLEntropyApp.cc
flexe/proto/flexe.grpc.pb.cc
flexe/proto/flexe.pb.cc
Creating shared library: ../out/clang-release/src/libflexe.so
echo /home/flexe/Flexe
/home/flexe/Flexe
/home/flexe/.conan/data/protobuf/3.17.1/_/_/package/53f76f058631e1c3a500008c75af3f37d7786131/bin/protoc --proto_path /home/flexe/Flexe /home/flexe/Flexe/flexe.proto --cpp_out /home/flexe/Flexe/src/flexe/proto/ 
/home/flexe/.conan/data/protobuf/3.17.1/_/_/package/53f76f058631e1c3a500008c75af3f37d7786131/bin/protoc --proto_path /home/flexe/Flexe --grpc_out=/home/flexe/Flexe/src/flexe/proto/ --plugin=protoc-gen-grpc=/home/flexe/.conan/data/grpc/1.38.1/_/_/package/44ecaec4536223f790dd5e0a72b2d16b1dfaa76c/bin/grpc_cpp_plugin /home/flexe/Flexe/flexe.proto
make[1]: Leaving directory '/home/flexe/Flexe/src'
01:24:56 **** Incremental Build of configuration gcc-release for project veins ****
make MODE=release -j8 all 
make[1]: Entering directory '/home/flexe/veins-veins-5.2/src'
make[1]: Nothing to be done for 'all'.
make[1]: Leaving directory '/home/flexe/veins-veins-5.2/src'
01:24:57 **** Incremental Build of configuration release for project flexe ****
make MODE=release all 
cd src && make
make[1]: Entering directory '/home/flexe/Flexe/src'
flexe/application/FedLimRSU11p.cc
flexe/application/FedLimRSU11p.cc:225:18: warning: 'random_shuffle<__gnu_cxx::__normal_iterator<int *, std::vector<int>>>' is deprecated: use 'std::shuffle' instead [-Wdeprecated-declarations]
            std::random_shuffle(std::begin(connectedClientsVector), std::end(connectedClientsVector));
                 ^
/usr/bin/../lib/gcc/x86_64-linux-gnu/12/../../../../include/c++/12/bits/stl_algo.h:4539:5: note: 'random_shuffle<__gnu_cxx::__normal_iterator<int *, std::vector<int>>>' has been explicitly marked deprecated here
    _GLIBCXX14_DEPRECATED_SUGGEST("std::shuffle")
    ^
/usr/bin/../lib/gcc/x86_64-linux-gnu/12/../../../../include/x86_64-linux-gnu/c++/12/bits/c++config.h:112:45: note: expanded from macro '_GLIBCXX14_DEPRECATED_SUGGEST'
# define _GLIBCXX14_DEPRECATED_SUGGEST(ALT) _GLIBCXX_DEPRECATED_SUGGEST(ALT)
                                            ^
/usr/bin/../lib/gcc/x86_64-linux-gnu/12/../../../../include/x86_64-linux-gnu/c++/12/bits/c++config.h:96:19: note: expanded from macro '_GLIBCXX_DEPRECATED_SUGGEST'
  __attribute__ ((__deprecated__ ("use '" ALT "' instead")))
                  ^
1 warning generated.
flexe/application/FedSETRANDOMRSU11p.cc
flexe/application/FedSETRANDOMRSU11p.cc:222:18: warning: 'random_shuffle<__gnu_cxx::__normal_iterator<int *, std::vector<int>>>' is deprecated: use 'std::shuffle' instead [-Wdeprecated-declarations]
            std::random_shuffle(std::begin(connectedClientsVector), std::end(connectedClientsVector));
                 ^
/usr/bin/../lib/gcc/x86_64-linux-gnu/12/../../../../include/c++/12/bits/stl_algo.h:4539:5: note: 'random_shuffle<__gnu_cxx::__normal_iterator<int *, std::vector<int>>>' has been explicitly marked deprecated here
    _GLIBCXX14_DEPRECATED_SUGGEST("std::shuffle")
    ^
/usr/bin/../lib/gcc/x86_64-linux-gnu/12/../../../../include/x86_64-linux-gnu/c++/12/bits/c++config.h:112:45: note: expanded from macro '_GLIBCXX14_DEPRECATED_SUGGEST'
# define _GLIBCXX14_DEPRECATED_SUGGEST(ALT) _GLIBCXX_DEPRECATED_SUGGEST(ALT)
                                            ^
/usr/bin/../lib/gcc/x86_64-linux-gnu/12/../../../../include/x86_64-linux-gnu/c++/12/bits/c++config.h:96:19: note: expanded from macro '_GLIBCXX_DEPRECATED_SUGGEST'
  __attribute__ ((__deprecated__ ("use '" ALT "' instead")))
                  ^
1 warning generated.
flexe/application/MLApp.cc
flexe/application/MLEntropyApp.cc
flexe/proto/flexe.grpc.pb.cc
flexe/proto/flexe.pb.cc
Creating shared library: ../out/clang-release/src/libflexe.so
echo /home/flexe/Flexe
/home/flexe/Flexe
/home/flexe/.conan/data/protobuf/3.17.1/_/_/package/53f76f058631e1c3a500008c75af3f37d7786131/bin/protoc --proto_path /home/flexe/Flexe /home/flexe/Flexe/flexe.proto --cpp_out /home/flexe/Flexe/src/flexe/proto/ 
/home/flexe/.conan/data/protobuf/3.17.1/_/_/package/53f76f058631e1c3a500008c75af3f37d7786131/bin/protoc --proto_path /home/flexe/Flexe --grpc_out=/home/flexe/Flexe/src/flexe/proto/ --plugin=protoc-gen-grpc=/home/flexe/.conan/data/grpc/1.38.1/_/_/package/44ecaec4536223f790dd5e0a72b2d16b1dfaa76c/bin/grpc_cpp_plugin /home/flexe/Flexe/flexe.proto
make[1]: Leaving directory '/home/flexe/Flexe/src'
17:47:11 **** Incremental Build of configuration gcc-release for project veins ****
make MODE=release -j8 all 
make[1]: Entering directory '/home/flexe/veins-veins-5.2/src'
make[1]: Nothing to be done for 'all'.
make[1]: Leaving directory '/home/flexe/veins-veins-5.2/src'
17:47:12 **** Incremental Build of configuration release for project flexe ****
make MODE=release all 
cd src && make
make[1]: Entering directory '/home/flexe/Flexe/src'
flexe/application/FedLimRSU11p.cc
flexe/application/FedLimRSU11p.cc:225:18: warning: 'random_shuffle<__gnu_cxx::__normal_iterator<int *, std::vector<int>>>' is deprecated: use 'std::shuffle' instead [-Wdeprecated-declarations]
            std::random_shuffle(std::begin(connectedClientsVector), std::end(connectedClientsVector));
                 ^
/usr/bin/../lib/gcc/x86_64-linux-gnu/12/../../../../include/c++/12/bits/stl_algo.h:4539:5: note: 'random_shuffle<__gnu_cxx::__normal_iterator<int *, std::vector<int>>>' has been explicitly marked deprecated here
    _GLIBCXX14_DEPRECATED_SUGGEST("std::shuffle")
    ^
/usr/bin/../lib/gcc/x86_64-linux-gnu/12/../../../../include/x86_64-linux-gnu/c++/12/bits/c++config.h:112:45: note: expanded from macro '_GLIBCXX14_DEPRECATED_SUGGEST'
# define _GLIBCXX14_DEPRECATED_SUGGEST(ALT) _GLIBCXX_DEPRECATED_SUGGEST(ALT)
                                            ^
/usr/bin/../lib/gcc/x86_64-linux-gnu/12/../../../../include/x86_64-linux-gnu/c++/12/bits/c++config.h:96:19: note: expanded from macro '_GLIBCXX_DEPRECATED_SUGGEST'
  __attribute__ ((__deprecated__ ("use '" ALT "' instead")))
                  ^
1 warning generated.
flexe/application/FedSETRANDOMRSU11p.cc
flexe/application/FedSETRANDOMRSU11p.cc:222:18: warning: 'random_shuffle<__gnu_cxx::__normal_iterator<int *, std::vector<int>>>' is deprecated: use 'std::shuffle' instead [-Wdeprecated-declarations]
            std::random_shuffle(std::begin(connectedClientsVector), std::end(connectedClientsVector));
                 ^
/usr/bin/../lib/gcc/x86_64-linux-gnu/12/../../../../include/c++/12/bits/stl_algo.h:4539:5: note: 'random_shuffle<__gnu_cxx::__normal_iterator<int *, std::vector<int>>>' has been explicitly marked deprecated here
    _GLIBCXX14_DEPRECATED_SUGGEST("std::shuffle")
    ^
/usr/bin/../lib/gcc/x86_64-linux-gnu/12/../../../../include/x86_64-linux-gnu/c++/12/bits/c++config.h:112:45: note: expanded from macro '_GLIBCXX14_DEPRECATED_SUGGEST'
# define _GLIBCXX14_DEPRECATED_SUGGEST(ALT) _GLIBCXX_DEPRECATED_SUGGEST(ALT)
                                            ^
/usr/bin/../lib/gcc/x86_64-linux-gnu/12/../../../../include/x86_64-linux-gnu/c++/12/bits/c++config.h:96:19: note: expanded from macro '_GLIBCXX_DEPRECATED_SUGGEST'
  __attribute__ ((__deprecated__ ("use '" ALT "' instead")))
                  ^
1 warning generated.
flexe/application/MLApp.cc
flexe/application/MLEntropyApp.cc
flexe/proto/flexe.grpc.pb.cc
flexe/proto/flexe.pb.cc
Creating shared library: ../out/clang-release/src/libflexe.so
echo /home/flexe/Flexe
/home/flexe/Flexe
/home/flexe/.conan/data/protobuf/3.17.1/_/_/package/53f76f058631e1c3a500008c75af3f37d7786131/bin/protoc --proto_path /home/flexe/Flexe /home/flexe/Flexe/flexe.proto --cpp_out /home/flexe/Flexe/src/flexe/proto/ 
/home/flexe/.conan/data/protobuf/3.17.1/_/_/package/53f76f058631e1c3a500008c75af3f37d7786131/bin/protoc --proto_path /home/flexe/Flexe --grpc_out=/home/flexe/Flexe/src/flexe/proto/ --plugin=protoc-gen-grpc=/home/flexe/.conan/data/grpc/1.38.1/_/_/package/44ecaec4536223f790dd5e0a72b2d16b1dfaa76c/bin/grpc_cpp_plugin /home/flexe/Flexe/flexe.proto
make[1]: Leaving directory '/home/flexe/Flexe/src'
17:47:49 **** Incremental Build of configuration gcc-release for project veins ****
make MODE=release -j8 all 
make[1]: Entering directory '/home/flexe/veins-veins-5.2/src'
make[1]: Nothing to be done for 'all'.
make[1]: Leaving directory '/home/flexe/veins-veins-5.2/src'
17:47:50 **** Incremental Build of configuration release for project flexe ****
make MODE=release all 
cd src && make
make[1]: Entering directory '/home/flexe/Flexe/src'
flexe/application/FedLimRSU11p.cc
flexe/application/FedLimRSU11p.cc:225:18: warning: 'random_shuffle<__gnu_cxx::__normal_iterator<int *, std::vector<int>>>' is deprecated: use 'std::shuffle' instead [-Wdeprecated-declarations]
            std::random_shuffle(std::begin(connectedClientsVector), std::end(connectedClientsVector));
                 ^
/usr/bin/../lib/gcc/x86_64-linux-gnu/12/../../../../include/c++/12/bits/stl_algo.h:4539:5: note: 'random_shuffle<__gnu_cxx::__normal_iterator<int *, std::vector<int>>>' has been explicitly marked deprecated here
    _GLIBCXX14_DEPRECATED_SUGGEST("std::shuffle")
    ^
/usr/bin/../lib/gcc/x86_64-linux-gnu/12/../../../../include/x86_64-linux-gnu/c++/12/bits/c++config.h:112:45: note: expanded from macro '_GLIBCXX14_DEPRECATED_SUGGEST'
# define _GLIBCXX14_DEPRECATED_SUGGEST(ALT) _GLIBCXX_DEPRECATED_SUGGEST(ALT)
                                            ^
/usr/bin/../lib/gcc/x86_64-linux-gnu/12/../../../../include/x86_64-linux-gnu/c++/12/bits/c++config.h:96:19: note: expanded from macro '_GLIBCXX_DEPRECATED_SUGGEST'
  __attribute__ ((__deprecated__ ("use '" ALT "' instead")))
                  ^
1 warning generated.
flexe/application/FedSETRANDOMRSU11p.cc
flexe/application/FedSETRANDOMRSU11p.cc:222:18: warning: 'random_shuffle<__gnu_cxx::__normal_iterator<int *, std::vector<int>>>' is deprecated: use 'std::shuffle' instead [-Wdeprecated-declarations]
            std::random_shuffle(std::begin(connectedClientsVector), std::end(connectedClientsVector));
                 ^
/usr/bin/../lib/gcc/x86_64-linux-gnu/12/../../../../include/c++/12/bits/stl_algo.h:4539:5: note: 'random_shuffle<__gnu_cxx::__normal_iterator<int *, std::vector<int>>>' has been explicitly marked deprecated here
    _GLIBCXX14_DEPRECATED_SUGGEST("std::shuffle")
    ^
/usr/bin/../lib/gcc/x86_64-linux-gnu/12/../../../../include/x86_64-linux-gnu/c++/12/bits/c++config.h:112:45: note: expanded from macro '_GLIBCXX14_DEPRECATED_SUGGEST'
# define _GLIBCXX14_DEPRECATED_SUGGEST(ALT) _GLIBCXX_DEPRECATED_SUGGEST(ALT)
                                            ^
/usr/bin/../lib/gcc/x86_64-linux-gnu/12/../../../../include/x86_64-linux-gnu/c++/12/bits/c++config.h:96:19: note: expanded from macro '_GLIBCXX_DEPRECATED_SUGGEST'
  __attribute__ ((__deprecated__ ("use '" ALT "' instead")))
                  ^
1 warning generated.
flexe/application/MLApp.cc
flexe/application/MLEntropyApp.cc
flexe/proto/flexe.grpc.pb.cc
flexe/proto/flexe.pb.cc
Creating shared library: ../out/clang-release/src/libflexe.so
echo /home/flexe/Flexe
/home/flexe/Flexe
/home/flexe/.conan/data/protobuf/3.17.1/_/_/package/53f76f058631e1c3a500008c75af3f37d7786131/bin/protoc --proto_path /home/flexe/Flexe /home/flexe/Flexe/flexe.proto --cpp_out /home/flexe/Flexe/src/flexe/proto/ 
/home/flexe/.conan/data/protobuf/3.17.1/_/_/package/53f76f058631e1c3a500008c75af3f37d7786131/bin/protoc --proto_path /home/flexe/Flexe --grpc_out=/home/flexe/Flexe/src/flexe/proto/ --plugin=protoc-gen-grpc=/home/flexe/.conan/data/grpc/1.38.1/_/_/package/44ecaec4536223f790dd5e0a72b2d16b1dfaa76c/bin/grpc_cpp_plugin /home/flexe/Flexe/flexe.proto
make[1]: Leaving directory '/home/flexe/Flexe/src'
17:48:28 **** Incremental Build of configuration gcc-release for project veins ****
make MODE=release -j8 all 
make[1]: Entering directory '/home/flexe/veins-veins-5.2/src'
make[1]: Nothing to be done for 'all'.
make[1]: Leaving directory '/home/flexe/veins-veins-5.2/src'
17:48:29 **** Incremental Build of configuration release for project flexe ****
make MODE=release all 
cd src && make
make[1]: Entering directory '/home/flexe/Flexe/src'
flexe/application/FedLimRSU11p.cc
flexe/application/FedLimRSU11p.cc:225:18: warning: 'random_shuffle<__gnu_cxx::__normal_iterator<int *, std::vector<int>>>' is deprecated: use 'std::shuffle' instead [-Wdeprecated-declarations]
            std::random_shuffle(std::begin(connectedClientsVector), std::end(connectedClientsVector));
                 ^
/usr/bin/../lib/gcc/x86_64-linux-gnu/12/../../../../include/c++/12/bits/stl_algo.h:4539:5: note: 'random_shuffle<__gnu_cxx::__normal_iterator<int *, std::vector<int>>>' has been explicitly marked deprecated here
    _GLIBCXX14_DEPRECATED_SUGGEST("std::shuffle")
    ^
/usr/bin/../lib/gcc/x86_64-linux-gnu/12/../../../../include/x86_64-linux-gnu/c++/12/bits/c++config.h:112:45: note: expanded from macro '_GLIBCXX14_DEPRECATED_SUGGEST'
# define _GLIBCXX14_DEPRECATED_SUGGEST(ALT) _GLIBCXX_DEPRECATED_SUGGEST(ALT)
                                            ^
/usr/bin/../lib/gcc/x86_64-linux-gnu/12/../../../../include/x86_64-linux-gnu/c++/12/bits/c++config.h:96:19: note: expanded from macro '_GLIBCXX_DEPRECATED_SUGGEST'
  __attribute__ ((__deprecated__ ("use '" ALT "' instead")))
                  ^
1 warning generated.
flexe/application/FedSETRANDOMRSU11p.cc
flexe/application/FedSETRANDOMRSU11p.cc:222:18: warning: 'random_shuffle<__gnu_cxx::__normal_iterator<int *, std::vector<int>>>' is deprecated: use 'std::shuffle' instead [-Wdeprecated-declarations]
            std::random_shuffle(std::begin(connectedClientsVector), std::end(connectedClientsVector));
                 ^
/usr/bin/../lib/gcc/x86_64-linux-gnu/12/../../../../include/c++/12/bits/stl_algo.h:4539:5: note: 'random_shuffle<__gnu_cxx::__normal_iterator<int *, std::vector<int>>>' has been explicitly marked deprecated here
    _GLIBCXX14_DEPRECATED_SUGGEST("std::shuffle")
    ^
/usr/bin/../lib/gcc/x86_64-linux-gnu/12/../../../../include/x86_64-linux-gnu/c++/12/bits/c++config.h:112:45: note: expanded from macro '_GLIBCXX14_DEPRECATED_SUGGEST'
# define _GLIBCXX14_DEPRECATED_SUGGEST(ALT) _GLIBCXX_DEPRECATED_SUGGEST(ALT)
                                            ^
/usr/bin/../lib/gcc/x86_64-linux-gnu/12/../../../../include/x86_64-linux-gnu/c++/12/bits/c++config.h:96:19: note: expanded from macro '_GLIBCXX_DEPRECATED_SUGGEST'
  __attribute__ ((__deprecated__ ("use '" ALT "' instead")))
                  ^
1 warning generated.
flexe/application/MLApp.cc
flexe/application/MLEntropyApp.cc
flexe/proto/flexe.grpc.pb.cc
flexe/proto/flexe.pb.cc
Creating shared library: ../out/clang-release/src/libflexe.so
echo /home/flexe/Flexe
/home/flexe/Flexe
/home/flexe/.conan/data/protobuf/3.17.1/_/_/package/53f76f058631e1c3a500008c75af3f37d7786131/bin/protoc --proto_path /home/flexe/Flexe /home/flexe/Flexe/flexe.proto --cpp_out /home/flexe/Flexe/src/flexe/proto/ 
/home/flexe/.conan/data/protobuf/3.17.1/_/_/package/53f76f058631e1c3a500008c75af3f37d7786131/bin/protoc --proto_path /home/flexe/Flexe --grpc_out=/home/flexe/Flexe/src/flexe/proto/ --plugin=protoc-gen-grpc=/home/flexe/.conan/data/grpc/1.38.1/_/_/package/44ecaec4536223f790dd5e0a72b2d16b1dfaa76c/bin/grpc_cpp_plugin /home/flexe/Flexe/flexe.proto
make[1]: Leaving directory '/home/flexe/Flexe/src'
17:49:17 **** Incremental Build of configuration gcc-release for project veins ****
make MODE=release -j8 all 
make[1]: Entering directory '/home/flexe/veins-veins-5.2/src'
make[1]: Nothing to be done for 'all'.
make[1]: Leaving directory '/home/flexe/veins-veins-5.2/src'
17:49:17 **** Incremental Build of configuration release for project flexe ****
make MODE=release all 
cd src && make
make[1]: Entering directory '/home/flexe/Flexe/src'
flexe/application/FedLimRSU11p.cc
flexe/application/FedLimRSU11p.cc:225:18: warning: 'random_shuffle<__gnu_cxx::__normal_iterator<int *, std::vector<int>>>' is deprecated: use 'std::shuffle' instead [-Wdeprecated-declarations]
            std::random_shuffle(std::begin(connectedClientsVector), std::end(connectedClientsVector));
                 ^
/usr/bin/../lib/gcc/x86_64-linux-gnu/12/../../../../include/c++/12/bits/stl_algo.h:4539:5: note: 'random_shuffle<__gnu_cxx::__normal_iterator<int *, std::vector<int>>>' has been explicitly marked deprecated here
    _GLIBCXX14_DEPRECATED_SUGGEST("std::shuffle")
    ^
/usr/bin/../lib/gcc/x86_64-linux-gnu/12/../../../../include/x86_64-linux-gnu/c++/12/bits/c++config.h:112:45: note: expanded from macro '_GLIBCXX14_DEPRECATED_SUGGEST'
# define _GLIBCXX14_DEPRECATED_SUGGEST(ALT) _GLIBCXX_DEPRECATED_SUGGEST(ALT)
                                            ^
/usr/bin/../lib/gcc/x86_64-linux-gnu/12/../../../../include/x86_64-linux-gnu/c++/12/bits/c++config.h:96:19: note: expanded from macro '_GLIBCXX_DEPRECATED_SUGGEST'
  __attribute__ ((__deprecated__ ("use '" ALT "' instead")))
                  ^
1 warning generated.
flexe/application/FedSETRANDOMRSU11p.cc
flexe/application/FedSETRANDOMRSU11p.cc:222:18: warning: 'random_shuffle<__gnu_cxx::__normal_iterator<int *, std::vector<int>>>' is deprecated: use 'std::shuffle' instead [-Wdeprecated-declarations]
            std::random_shuffle(std::begin(connectedClientsVector), std::end(connectedClientsVector));
                 ^
/usr/bin/../lib/gcc/x86_64-linux-gnu/12/../../../../include/c++/12/bits/stl_algo.h:4539:5: note: 'random_shuffle<__gnu_cxx::__normal_iterator<int *, std::vector<int>>>' has been explicitly marked deprecated here
    _GLIBCXX14_DEPRECATED_SUGGEST("std::shuffle")
    ^
/usr/bin/../lib/gcc/x86_64-linux-gnu/12/../../../../include/x86_64-linux-gnu/c++/12/bits/c++config.h:112:45: note: expanded from macro '_GLIBCXX14_DEPRECATED_SUGGEST'
# define _GLIBCXX14_DEPRECATED_SUGGEST(ALT) _GLIBCXX_DEPRECATED_SUGGEST(ALT)
                                            ^
/usr/bin/../lib/gcc/x86_64-linux-gnu/12/../../../../include/x86_64-linux-gnu/c++/12/bits/c++config.h:96:19: note: expanded from macro '_GLIBCXX_DEPRECATED_SUGGEST'
  __attribute__ ((__deprecated__ ("use '" ALT "' instead")))
                  ^
1 warning generated.
flexe/application/MLApp.cc
flexe/application/MLEntropyApp.cc
flexe/proto/flexe.grpc.pb.cc
flexe/proto/flexe.pb.cc
Creating shared library: ../out/clang-release/src/libflexe.so
echo /home/flexe/Flexe
/home/flexe/Flexe
/home/flexe/.conan/data/protobuf/3.17.1/_/_/package/53f76f058631e1c3a500008c75af3f37d7786131/bin/protoc --proto_path /home/flexe/Flexe /home/flexe/Flexe/flexe.proto --cpp_out /home/flexe/Flexe/src/flexe/proto/ 
/home/flexe/.conan/data/protobuf/3.17.1/_/_/package/53f76f058631e1c3a500008c75af3f37d7786131/bin/protoc --proto_path /home/flexe/Flexe --grpc_out=/home/flexe/Flexe/src/flexe/proto/ --plugin=protoc-gen-grpc=/home/flexe/.conan/data/grpc/1.38.1/_/_/package/44ecaec4536223f790dd5e0a72b2d16b1dfaa76c/bin/grpc_cpp_plugin /home/flexe/Flexe/flexe.proto
make[1]: Leaving directory '/home/flexe/Flexe/src'
17:52:08 **** Incremental Build of configuration gcc-release for project veins ****
make MODE=release -j8 all 
make[1]: Entering directory '/home/flexe/veins-veins-5.2/src'
make[1]: Nothing to be done for 'all'.
make[1]: Leaving directory '/home/flexe/veins-veins-5.2/src'
17:52:09 **** Incremental Build of configuration release for project flexe ****
make MODE=release all 
cd src && make
make[1]: Entering directory '/home/flexe/Flexe/src'
flexe/application/FedLimRSU11p.cc
flexe/application/FedLimRSU11p.cc:225:18: warning: 'random_shuffle<__gnu_cxx::__normal_iterator<int *, std::vector<int>>>' is deprecated: use 'std::shuffle' instead [-Wdeprecated-declarations]
            std::random_shuffle(std::begin(connectedClientsVector), std::end(connectedClientsVector));
                 ^
/usr/bin/../lib/gcc/x86_64-linux-gnu/12/../../../../include/c++/12/bits/stl_algo.h:4539:5: note: 'random_shuffle<__gnu_cxx::__normal_iterator<int *, std::vector<int>>>' has been explicitly marked deprecated here
    _GLIBCXX14_DEPRECATED_SUGGEST("std::shuffle")
    ^
/usr/bin/../lib/gcc/x86_64-linux-gnu/12/../../../../include/x86_64-linux-gnu/c++/12/bits/c++config.h:112:45: note: expanded from macro '_GLIBCXX14_DEPRECATED_SUGGEST'
# define _GLIBCXX14_DEPRECATED_SUGGEST(ALT) _GLIBCXX_DEPRECATED_SUGGEST(ALT)
                                            ^
/usr/bin/../lib/gcc/x86_64-linux-gnu/12/../../../../include/x86_64-linux-gnu/c++/12/bits/c++config.h:96:19: note: expanded from macro '_GLIBCXX_DEPRECATED_SUGGEST'
  __attribute__ ((__deprecated__ ("use '" ALT "' instead")))
                  ^
1 warning generated.
flexe/application/FedSETRANDOMRSU11p.cc
flexe/application/FedSETRANDOMRSU11p.cc:222:18: warning: 'random_shuffle<__gnu_cxx::__normal_iterator<int *, std::vector<int>>>' is deprecated: use 'std::shuffle' instead [-Wdeprecated-declarations]
            std::random_shuffle(std::begin(connectedClientsVector), std::end(connectedClientsVector));
                 ^
/usr/bin/../lib/gcc/x86_64-linux-gnu/12/../../../../include/c++/12/bits/stl_algo.h:4539:5: note: 'random_shuffle<__gnu_cxx::__normal_iterator<int *, std::vector<int>>>' has been explicitly marked deprecated here
    _GLIBCXX14_DEPRECATED_SUGGEST("std::shuffle")
    ^
/usr/bin/../lib/gcc/x86_64-linux-gnu/12/../../../../include/x86_64-linux-gnu/c++/12/bits/c++config.h:112:45: note: expanded from macro '_GLIBCXX14_DEPRECATED_SUGGEST'
# define _GLIBCXX14_DEPRECATED_SUGGEST(ALT) _GLIBCXX_DEPRECATED_SUGGEST(ALT)
                                            ^
/usr/bin/../lib/gcc/x86_64-linux-gnu/12/../../../../include/x86_64-linux-gnu/c++/12/bits/c++config.h:96:19: note: expanded from macro '_GLIBCXX_DEPRECATED_SUGGEST'
  __attribute__ ((__deprecated__ ("use '" ALT "' instead")))
                  ^
1 warning generated.
flexe/application/MLApp.cc
flexe/application/MLEntropyApp.cc
flexe/proto/flexe.grpc.pb.cc
flexe/proto/flexe.pb.cc
Creating shared library: ../out/clang-release/src/libflexe.so
echo /home/flexe/Flexe
/home/flexe/Flexe
/home/flexe/.conan/data/protobuf/3.17.1/_/_/package/53f76f058631e1c3a500008c75af3f37d7786131/bin/protoc --proto_path /home/flexe/Flexe /home/flexe/Flexe/flexe.proto --cpp_out /home/flexe/Flexe/src/flexe/proto/ 
/home/flexe/.conan/data/protobuf/3.17.1/_/_/package/53f76f058631e1c3a500008c75af3f37d7786131/bin/protoc --proto_path /home/flexe/Flexe --grpc_out=/home/flexe/Flexe/src/flexe/proto/ --plugin=protoc-gen-grpc=/home/flexe/.conan/data/grpc/1.38.1/_/_/package/44ecaec4536223f790dd5e0a72b2d16b1dfaa76c/bin/grpc_cpp_plugin /home/flexe/Flexe/flexe.proto
make[1]: Leaving directory '/home/flexe/Flexe/src'
17:52:36 **** Incremental Build of configuration gcc-release for project veins ****
make MODE=release -j8 all 
make[1]: Entering directory '/home/flexe/veins-veins-5.2/src'
make[1]: Nothing to be done for 'all'.
make[1]: Leaving directory '/home/flexe/veins-veins-5.2/src'
17:52:37 **** Incremental Build of configuration release for project flexe ****
make MODE=release all 
cd src && make
make[1]: Entering directory '/home/flexe/Flexe/src'
flexe/application/FedLimRSU11p.cc
flexe/application/FedLimRSU11p.cc:225:18: warning: 'random_shuffle<__gnu_cxx::__normal_iterator<int *, std::vector<int>>>' is deprecated: use 'std::shuffle' instead [-Wdeprecated-declarations]
            std::random_shuffle(std::begin(connectedClientsVector), std::end(connectedClientsVector));
                 ^
/usr/bin/../lib/gcc/x86_64-linux-gnu/12/../../../../include/c++/12/bits/stl_algo.h:4539:5: note: 'random_shuffle<__gnu_cxx::__normal_iterator<int *, std::vector<int>>>' has been explicitly marked deprecated here
    _GLIBCXX14_DEPRECATED_SUGGEST("std::shuffle")
    ^
/usr/bin/../lib/gcc/x86_64-linux-gnu/12/../../../../include/x86_64-linux-gnu/c++/12/bits/c++config.h:112:45: note: expanded from macro '_GLIBCXX14_DEPRECATED_SUGGEST'
# define _GLIBCXX14_DEPRECATED_SUGGEST(ALT) _GLIBCXX_DEPRECATED_SUGGEST(ALT)
                                            ^
/usr/bin/../lib/gcc/x86_64-linux-gnu/12/../../../../include/x86_64-linux-gnu/c++/12/bits/c++config.h:96:19: note: expanded from macro '_GLIBCXX_DEPRECATED_SUGGEST'
  __attribute__ ((__deprecated__ ("use '" ALT "' instead")))
                  ^
1 warning generated.
flexe/application/FedSETRANDOMRSU11p.cc
flexe/application/FedSETRANDOMRSU11p.cc:222:18: warning: 'random_shuffle<__gnu_cxx::__normal_iterator<int *, std::vector<int>>>' is deprecated: use 'std::shuffle' instead [-Wdeprecated-declarations]
            std::random_shuffle(std::begin(connectedClientsVector), std::end(connectedClientsVector));
                 ^
/usr/bin/../lib/gcc/x86_64-linux-gnu/12/../../../../include/c++/12/bits/stl_algo.h:4539:5: note: 'random_shuffle<__gnu_cxx::__normal_iterator<int *, std::vector<int>>>' has been explicitly marked deprecated here
    _GLIBCXX14_DEPRECATED_SUGGEST("std::shuffle")
    ^
/usr/bin/../lib/gcc/x86_64-linux-gnu/12/../../../../include/x86_64-linux-gnu/c++/12/bits/c++config.h:112:45: note: expanded from macro '_GLIBCXX14_DEPRECATED_SUGGEST'
# define _GLIBCXX14_DEPRECATED_SUGGEST(ALT) _GLIBCXX_DEPRECATED_SUGGEST(ALT)
                                            ^
/usr/bin/../lib/gcc/x86_64-linux-gnu/12/../../../../include/x86_64-linux-gnu/c++/12/bits/c++config.h:96:19: note: expanded from macro '_GLIBCXX_DEPRECATED_SUGGEST'
  __attribute__ ((__deprecated__ ("use '" ALT "' instead")))
                  ^
1 warning generated.
flexe/application/MLApp.cc
flexe/application/MLEntropyApp.cc
flexe/proto/flexe.grpc.pb.cc
flexe/proto/flexe.pb.cc
Creating shared library: ../out/clang-release/src/libflexe.so
echo /home/flexe/Flexe
/home/flexe/Flexe
/home/flexe/.conan/data/protobuf/3.17.1/_/_/package/53f76f058631e1c3a500008c75af3f37d7786131/bin/protoc --proto_path /home/flexe/Flexe /home/flexe/Flexe/flexe.proto --cpp_out /home/flexe/Flexe/src/flexe/proto/ 
/home/flexe/.conan/data/protobuf/3.17.1/_/_/package/53f76f058631e1c3a500008c75af3f37d7786131/bin/protoc --proto_path /home/flexe/Flexe --grpc_out=/home/flexe/Flexe/src/flexe/proto/ --plugin=protoc-gen-grpc=/home/flexe/.conan/data/grpc/1.38.1/_/_/package/44ecaec4536223f790dd5e0a72b2d16b1dfaa76c/bin/grpc_cpp_plugin /home/flexe/Flexe/flexe.proto
make[1]: Leaving directory '/home/flexe/Flexe/src'
01:27:49 **** Incremental Build of configuration gcc-release for project veins ****
make MODE=release -j8 all 
make[1]: Entering directory '/home/flexe/veins-veins-5.2/src'
make[1]: Nothing to be done for 'all'.
make[1]: Leaving directory '/home/flexe/veins-veins-5.2/src'
01:27:49 **** Incremental Build of configuration release for project flexe ****
make MODE=release all 
cd src && make
make[1]: Entering directory '/home/flexe/Flexe/src'
flexe/application/FedLimRSU11p.cc
flexe/application/FedLimRSU11p.cc:225:18: warning: 'random_shuffle<__gnu_cxx::__normal_iterator<int *, std::vector<int>>>' is deprecated: use 'std::shuffle' instead [-Wdeprecated-declarations]
            std::random_shuffle(std::begin(connectedClientsVector), std::end(connectedClientsVector));
                 ^
/usr/bin/../lib/gcc/x86_64-linux-gnu/12/../../../../include/c++/12/bits/stl_algo.h:4539:5: note: 'random_shuffle<__gnu_cxx::__normal_iterator<int *, std::vector<int>>>' has been explicitly marked deprecated here
    _GLIBCXX14_DEPRECATED_SUGGEST("std::shuffle")
    ^
/usr/bin/../lib/gcc/x86_64-linux-gnu/12/../../../../include/x86_64-linux-gnu/c++/12/bits/c++config.h:112:45: note: expanded from macro '_GLIBCXX14_DEPRECATED_SUGGEST'
# define _GLIBCXX14_DEPRECATED_SUGGEST(ALT) _GLIBCXX_DEPRECATED_SUGGEST(ALT)
                                            ^
/usr/bin/../lib/gcc/x86_64-linux-gnu/12/../../../../include/x86_64-linux-gnu/c++/12/bits/c++config.h:96:19: note: expanded from macro '_GLIBCXX_DEPRECATED_SUGGEST'
  __attribute__ ((__deprecated__ ("use '" ALT "' instead")))
                  ^
1 warning generated.
flexe/application/FedSETRANDOMRSU11p.cc
flexe/application/FedSETRANDOMRSU11p.cc:222:18: warning: 'random_shuffle<__gnu_cxx::__normal_iterator<int *, std::vector<int>>>' is deprecated: use 'std::shuffle' instead [-Wdeprecated-declarations]
            std::random_shuffle(std::begin(connectedClientsVector), std::end(connectedClientsVector));
                 ^
/usr/bin/../lib/gcc/x86_64-linux-gnu/12/../../../../include/c++/12/bits/stl_algo.h:4539:5: note: 'random_shuffle<__gnu_cxx::__normal_iterator<int *, std::vector<int>>>' has been explicitly marked deprecated here
    _GLIBCXX14_DEPRECATED_SUGGEST("std::shuffle")
    ^
/usr/bin/../lib/gcc/x86_64-linux-gnu/12/../../../../include/x86_64-linux-gnu/c++/12/bits/c++config.h:112:45: note: expanded from macro '_GLIBCXX14_DEPRECATED_SUGGEST'
# define _GLIBCXX14_DEPRECATED_SUGGEST(ALT) _GLIBCXX_DEPRECATED_SUGGEST(ALT)
                                            ^
/usr/bin/../lib/gcc/x86_64-linux-gnu/12/../../../../include/x86_64-linux-gnu/c++/12/bits/c++config.h:96:19: note: expanded from macro '_GLIBCXX_DEPRECATED_SUGGEST'
  __attribute__ ((__deprecated__ ("use '" ALT "' instead")))
                  ^
1 warning generated.
flexe/application/MLApp.cc
flexe/application/MLEntropyApp.cc
flexe/proto/flexe.grpc.pb.cc
flexe/proto/flexe.pb.cc
Creating shared library: ../out/clang-release/src/libflexe.so
echo /home/flexe/Flexe
/home/flexe/Flexe
/home/flexe/.conan/data/protobuf/3.17.1/_/_/package/53f76f058631e1c3a500008c75af3f37d7786131/bin/protoc --proto_path /home/flexe/Flexe /home/flexe/Flexe/flexe.proto --cpp_out /home/flexe/Flexe/src/flexe/proto/ 
/home/flexe/.conan/data/protobuf/3.17.1/_/_/package/53f76f058631e1c3a500008c75af3f37d7786131/bin/protoc --proto_path /home/flexe/Flexe --grpc_out=/home/flexe/Flexe/src/flexe/proto/ --plugin=protoc-gen-grpc=/home/flexe/.conan/data/grpc/1.38.1/_/_/package/44ecaec4536223f790dd5e0a72b2d16b1dfaa76c/bin/grpc_cpp_plugin /home/flexe/Flexe/flexe.proto
make[1]: Leaving directory '/home/flexe/Flexe/src'
11:28:21 **** Incremental Build of configuration gcc-release for project veins ****
make MODE=release -j8 all 
make[1]: Entering directory '/home/flexe/veins-veins-5.2/src'
make[1]: Nothing to be done for 'all'.
make[1]: Leaving directory '/home/flexe/veins-veins-5.2/src'
11:28:22 **** Incremental Build of configuration release for project flexe ****
make MODE=release all 
cd src && make
make[1]: Entering directory '/home/flexe/Flexe/src'
flexe/application/FedLimRSU11p.cc
flexe/application/FedLimRSU11p.cc:225:18: warning: 'random_shuffle<__gnu_cxx::__normal_iterator<int *, std::vector<int>>>' is deprecated: use 'std::shuffle' instead [-Wdeprecated-declarations]
            std::random_shuffle(std::begin(connectedClientsVector), std::end(connectedClientsVector));
                 ^
/usr/bin/../lib/gcc/x86_64-linux-gnu/12/../../../../include/c++/12/bits/stl_algo.h:4539:5: note: 'random_shuffle<__gnu_cxx::__normal_iterator<int *, std::vector<int>>>' has been explicitly marked deprecated here
    _GLIBCXX14_DEPRECATED_SUGGEST("std::shuffle")
    ^
/usr/bin/../lib/gcc/x86_64-linux-gnu/12/../../../../include/x86_64-linux-gnu/c++/12/bits/c++config.h:112:45: note: expanded from macro '_GLIBCXX14_DEPRECATED_SUGGEST'
# define _GLIBCXX14_DEPRECATED_SUGGEST(ALT) _GLIBCXX_DEPRECATED_SUGGEST(ALT)
                                            ^
/usr/bin/../lib/gcc/x86_64-linux-gnu/12/../../../../include/x86_64-linux-gnu/c++/12/bits/c++config.h:96:19: note: expanded from macro '_GLIBCXX_DEPRECATED_SUGGEST'
  __attribute__ ((__deprecated__ ("use '" ALT "' instead")))
                  ^
1 warning generated.
flexe/application/FedSETRANDOMRSU11p.cc
flexe/application/FedSETRANDOMRSU11p.cc:222:18: warning: 'random_shuffle<__gnu_cxx::__normal_iterator<int *, std::vector<int>>>' is deprecated: use 'std::shuffle' instead [-Wdeprecated-declarations]
            std::random_shuffle(std::begin(connectedClientsVector), std::end(connectedClientsVector));
                 ^
/usr/bin/../lib/gcc/x86_64-linux-gnu/12/../../../../include/c++/12/bits/stl_algo.h:4539:5: note: 'random_shuffle<__gnu_cxx::__normal_iterator<int *, std::vector<int>>>' has been explicitly marked deprecated here
    _GLIBCXX14_DEPRECATED_SUGGEST("std::shuffle")
    ^
/usr/bin/../lib/gcc/x86_64-linux-gnu/12/../../../../include/x86_64-linux-gnu/c++/12/bits/c++config.h:112:45: note: expanded from macro '_GLIBCXX14_DEPRECATED_SUGGEST'
# define _GLIBCXX14_DEPRECATED_SUGGEST(ALT) _GLIBCXX_DEPRECATED_SUGGEST(ALT)
                                            ^
/usr/bin/../lib/gcc/x86_64-linux-gnu/12/../../../../include/x86_64-linux-gnu/c++/12/bits/c++config.h:96:19: note: expanded from macro '_GLIBCXX_DEPRECATED_SUGGEST'
  __attribute__ ((__deprecated__ ("use '" ALT "' instead")))
                  ^
1 warning generated.
flexe/application/MLApp.cc
flexe/application/MLEntropyApp.cc
flexe/proto/flexe.grpc.pb.cc
flexe/proto/flexe.pb.cc
Creating shared library: ../out/clang-release/src/libflexe.so
echo /home/flexe/Flexe
/home/flexe/Flexe
/home/flexe/.conan/data/protobuf/3.17.1/_/_/package/53f76f058631e1c3a500008c75af3f37d7786131/bin/protoc --proto_path /home/flexe/Flexe /home/flexe/Flexe/flexe.proto --cpp_out /home/flexe/Flexe/src/flexe/proto/ 
/home/flexe/.conan/data/protobuf/3.17.1/_/_/package/53f76f058631e1c3a500008c75af3f37d7786131/bin/protoc --proto_path /home/flexe/Flexe --grpc_out=/home/flexe/Flexe/src/flexe/proto/ --plugin=protoc-gen-grpc=/home/flexe/.conan/data/grpc/1.38.1/_/_/package/44ecaec4536223f790dd5e0a72b2d16b1dfaa76c/bin/grpc_cpp_plugin /home/flexe/Flexe/flexe.proto
make[1]: Leaving directory '/home/flexe/Flexe/src'
11:28:57 **** Incremental Build of configuration gcc-release for project veins ****
make MODE=release -j8 all 
make[1]: Entering directory '/home/flexe/veins-veins-5.2/src'
make[1]: Nothing to be done for 'all'.
make[1]: Leaving directory '/home/flexe/veins-veins-5.2/src'
11:28:58 **** Incremental Build of configuration release for project flexe ****
make MODE=release all 
cd src && make
make[1]: Entering directory '/home/flexe/Flexe/src'
flexe/application/FedLimRSU11p.cc
flexe/application/FedLimRSU11p.cc:225:18: warning: 'random_shuffle<__gnu_cxx::__normal_iterator<int *, std::vector<int>>>' is deprecated: use 'std::shuffle' instead [-Wdeprecated-declarations]
            std::random_shuffle(std::begin(connectedClientsVector), std::end(connectedClientsVector));
                 ^
/usr/bin/../lib/gcc/x86_64-linux-gnu/12/../../../../include/c++/12/bits/stl_algo.h:4539:5: note: 'random_shuffle<__gnu_cxx::__normal_iterator<int *, std::vector<int>>>' has been explicitly marked deprecated here
    _GLIBCXX14_DEPRECATED_SUGGEST("std::shuffle")
    ^
/usr/bin/../lib/gcc/x86_64-linux-gnu/12/../../../../include/x86_64-linux-gnu/c++/12/bits/c++config.h:112:45: note: expanded from macro '_GLIBCXX14_DEPRECATED_SUGGEST'
# define _GLIBCXX14_DEPRECATED_SUGGEST(ALT) _GLIBCXX_DEPRECATED_SUGGEST(ALT)
                                            ^
/usr/bin/../lib/gcc/x86_64-linux-gnu/12/../../../../include/x86_64-linux-gnu/c++/12/bits/c++config.h:96:19: note: expanded from macro '_GLIBCXX_DEPRECATED_SUGGEST'
  __attribute__ ((__deprecated__ ("use '" ALT "' instead")))
                  ^
1 warning generated.
flexe/application/FedSETRANDOMRSU11p.cc
flexe/application/FedSETRANDOMRSU11p.cc:222:18: warning: 'random_shuffle<__gnu_cxx::__normal_iterator<int *, std::vector<int>>>' is deprecated: use 'std::shuffle' instead [-Wdeprecated-declarations]
            std::random_shuffle(std::begin(connectedClientsVector), std::end(connectedClientsVector));
                 ^
/usr/bin/../lib/gcc/x86_64-linux-gnu/12/../../../../include/c++/12/bits/stl_algo.h:4539:5: note: 'random_shuffle<__gnu_cxx::__normal_iterator<int *, std::vector<int>>>' has been explicitly marked deprecated here
    _GLIBCXX14_DEPRECATED_SUGGEST("std::shuffle")
    ^
/usr/bin/../lib/gcc/x86_64-linux-gnu/12/../../../../include/x86_64-linux-gnu/c++/12/bits/c++config.h:112:45: note: expanded from macro '_GLIBCXX14_DEPRECATED_SUGGEST'
# define _GLIBCXX14_DEPRECATED_SUGGEST(ALT) _GLIBCXX_DEPRECATED_SUGGEST(ALT)
                                            ^
/usr/bin/../lib/gcc/x86_64-linux-gnu/12/../../../../include/x86_64-linux-gnu/c++/12/bits/c++config.h:96:19: note: expanded from macro '_GLIBCXX_DEPRECATED_SUGGEST'
  __attribute__ ((__deprecated__ ("use '" ALT "' instead")))
                  ^
1 warning generated.
flexe/application/MLApp.cc
flexe/application/MLEntropyApp.cc
flexe/proto/flexe.grpc.pb.cc
flexe/proto/flexe.pb.cc
Creating shared library: ../out/clang-release/src/libflexe.so
echo /home/flexe/Flexe
/home/flexe/Flexe
/home/flexe/.conan/data/protobuf/3.17.1/_/_/package/53f76f058631e1c3a500008c75af3f37d7786131/bin/protoc --proto_path /home/flexe/Flexe /home/flexe/Flexe/flexe.proto --cpp_out /home/flexe/Flexe/src/flexe/proto/ 
/home/flexe/.conan/data/protobuf/3.17.1/_/_/package/53f76f058631e1c3a500008c75af3f37d7786131/bin/protoc --proto_path /home/flexe/Flexe --grpc_out=/home/flexe/Flexe/src/flexe/proto/ --plugin=protoc-gen-grpc=/home/flexe/.conan/data/grpc/1.38.1/_/_/package/44ecaec4536223f790dd5e0a72b2d16b1dfaa76c/bin/grpc_cpp_plugin /home/flexe/Flexe/flexe.proto
make[1]: Leaving directory '/home/flexe/Flexe/src'
11:35:16 **** Incremental Build of configuration gcc-release for project veins ****
make MODE=release -j8 all 
make[1]: Entering directory '/home/flexe/veins-veins-5.2/src'
make[1]: Nothing to be done for 'all'.
make[1]: Leaving directory '/home/flexe/veins-veins-5.2/src'
11:35:16 **** Incremental Build of configuration release for project flexe ****
make MODE=release all 
cd src && make
make[1]: Entering directory '/home/flexe/Flexe/src'
flexe/application/FedLimRSU11p.cc
flexe/application/FedLimRSU11p.cc:225:18: warning: 'random_shuffle<__gnu_cxx::__normal_iterator<int *, std::vector<int>>>' is deprecated: use 'std::shuffle' instead [-Wdeprecated-declarations]
            std::random_shuffle(std::begin(connectedClientsVector), std::end(connectedClientsVector));
                 ^
/usr/bin/../lib/gcc/x86_64-linux-gnu/12/../../../../include/c++/12/bits/stl_algo.h:4539:5: note: 'random_shuffle<__gnu_cxx::__normal_iterator<int *, std::vector<int>>>' has been explicitly marked deprecated here
    _GLIBCXX14_DEPRECATED_SUGGEST("std::shuffle")
    ^
/usr/bin/../lib/gcc/x86_64-linux-gnu/12/../../../../include/x86_64-linux-gnu/c++/12/bits/c++config.h:112:45: note: expanded from macro '_GLIBCXX14_DEPRECATED_SUGGEST'
# define _GLIBCXX14_DEPRECATED_SUGGEST(ALT) _GLIBCXX_DEPRECATED_SUGGEST(ALT)
                                            ^
/usr/bin/../lib/gcc/x86_64-linux-gnu/12/../../../../include/x86_64-linux-gnu/c++/12/bits/c++config.h:96:19: note: expanded from macro '_GLIBCXX_DEPRECATED_SUGGEST'
  __attribute__ ((__deprecated__ ("use '" ALT "' instead")))
                  ^
1 warning generated.
flexe/application/FedSETRANDOMRSU11p.cc
flexe/application/FedSETRANDOMRSU11p.cc:222:18: warning: 'random_shuffle<__gnu_cxx::__normal_iterator<int *, std::vector<int>>>' is deprecated: use 'std::shuffle' instead [-Wdeprecated-declarations]
            std::random_shuffle(std::begin(connectedClientsVector), std::end(connectedClientsVector));
                 ^
/usr/bin/../lib/gcc/x86_64-linux-gnu/12/../../../../include/c++/12/bits/stl_algo.h:4539:5: note: 'random_shuffle<__gnu_cxx::__normal_iterator<int *, std::vector<int>>>' has been explicitly marked deprecated here
    _GLIBCXX14_DEPRECATED_SUGGEST("std::shuffle")
    ^
/usr/bin/../lib/gcc/x86_64-linux-gnu/12/../../../../include/x86_64-linux-gnu/c++/12/bits/c++config.h:112:45: note: expanded from macro '_GLIBCXX14_DEPRECATED_SUGGEST'
# define _GLIBCXX14_DEPRECATED_SUGGEST(ALT) _GLIBCXX_DEPRECATED_SUGGEST(ALT)
                                            ^
/usr/bin/../lib/gcc/x86_64-linux-gnu/12/../../../../include/x86_64-linux-gnu/c++/12/bits/c++config.h:96:19: note: expanded from macro '_GLIBCXX_DEPRECATED_SUGGEST'
  __attribute__ ((__deprecated__ ("use '" ALT "' instead")))
                  ^
1 warning generated.
flexe/application/MLApp.cc
flexe/application/MLEntropyApp.cc
flexe/proto/flexe.grpc.pb.cc
flexe/proto/flexe.pb.cc
Creating shared library: ../out/clang-release/src/libflexe.so
echo /home/flexe/Flexe
/home/flexe/Flexe
/home/flexe/.conan/data/protobuf/3.17.1/_/_/package/53f76f058631e1c3a500008c75af3f37d7786131/bin/protoc --proto_path /home/flexe/Flexe /home/flexe/Flexe/flexe.proto --cpp_out /home/flexe/Flexe/src/flexe/proto/ 
/home/flexe/.conan/data/protobuf/3.17.1/_/_/package/53f76f058631e1c3a500008c75af3f37d7786131/bin/protoc --proto_path /home/flexe/Flexe --grpc_out=/home/flexe/Flexe/src/flexe/proto/ --plugin=protoc-gen-grpc=/home/flexe/.conan/data/grpc/1.38.1/_/_/package/44ecaec4536223f790dd5e0a72b2d16b1dfaa76c/bin/grpc_cpp_plugin /home/flexe/Flexe/flexe.proto
make[1]: Leaving directory '/home/flexe/Flexe/src'
12:11:02 **** Incremental Build of configuration gcc-release for project veins ****
make MODE=release -j8 all 
make[1]: Entering directory '/home/flexe/veins-veins-5.2/src'
make[1]: Nothing to be done for 'all'.
make[1]: Leaving directory '/home/flexe/veins-veins-5.2/src'
12:11:03 **** Incremental Build of configuration release for project flexe ****
make MODE=release all 
cd src && make
make[1]: Entering directory '/home/flexe/Flexe/src'
flexe/application/FedLimRSU11p.cc
flexe/application/FedLimRSU11p.cc:225:18: warning: 'random_shuffle<__gnu_cxx::__normal_iterator<int *, std::vector<int>>>' is deprecated: use 'std::shuffle' instead [-Wdeprecated-declarations]
            std::random_shuffle(std::begin(connectedClientsVector), std::end(connectedClientsVector));
                 ^
/usr/bin/../lib/gcc/x86_64-linux-gnu/12/../../../../include/c++/12/bits/stl_algo.h:4539:5: note: 'random_shuffle<__gnu_cxx::__normal_iterator<int *, std::vector<int>>>' has been explicitly marked deprecated here
    _GLIBCXX14_DEPRECATED_SUGGEST("std::shuffle")
    ^
/usr/bin/../lib/gcc/x86_64-linux-gnu/12/../../../../include/x86_64-linux-gnu/c++/12/bits/c++config.h:112:45: note: expanded from macro '_GLIBCXX14_DEPRECATED_SUGGEST'
# define _GLIBCXX14_DEPRECATED_SUGGEST(ALT) _GLIBCXX_DEPRECATED_SUGGEST(ALT)
                                            ^
/usr/bin/../lib/gcc/x86_64-linux-gnu/12/../../../../include/x86_64-linux-gnu/c++/12/bits/c++config.h:96:19: note: expanded from macro '_GLIBCXX_DEPRECATED_SUGGEST'
  __attribute__ ((__deprecated__ ("use '" ALT "' instead")))
                  ^
1 warning generated.
flexe/application/FedSETRANDOMRSU11p.cc
flexe/application/FedSETRANDOMRSU11p.cc:222:18: warning: 'random_shuffle<__gnu_cxx::__normal_iterator<int *, std::vector<int>>>' is deprecated: use 'std::shuffle' instead [-Wdeprecated-declarations]
            std::random_shuffle(std::begin(connectedClientsVector), std::end(connectedClientsVector));
                 ^
/usr/bin/../lib/gcc/x86_64-linux-gnu/12/../../../../include/c++/12/bits/stl_algo.h:4539:5: note: 'random_shuffle<__gnu_cxx::__normal_iterator<int *, std::vector<int>>>' has been explicitly marked deprecated here
    _GLIBCXX14_DEPRECATED_SUGGEST("std::shuffle")
    ^
/usr/bin/../lib/gcc/x86_64-linux-gnu/12/../../../../include/x86_64-linux-gnu/c++/12/bits/c++config.h:112:45: note: expanded from macro '_GLIBCXX14_DEPRECATED_SUGGEST'
# define _GLIBCXX14_DEPRECATED_SUGGEST(ALT) _GLIBCXX_DEPRECATED_SUGGEST(ALT)
                                            ^
/usr/bin/../lib/gcc/x86_64-linux-gnu/12/../../../../include/x86_64-linux-gnu/c++/12/bits/c++config.h:96:19: note: expanded from macro '_GLIBCXX_DEPRECATED_SUGGEST'
  __attribute__ ((__deprecated__ ("use '" ALT "' instead")))
                  ^
1 warning generated.
flexe/application/MLApp.cc
flexe/application/MLEntropyApp.cc
flexe/proto/flexe.grpc.pb.cc
flexe/proto/flexe.pb.cc
Creating shared library: ../out/clang-release/src/libflexe.so
echo /home/flexe/Flexe
/home/flexe/Flexe
/home/flexe/.conan/data/protobuf/3.17.1/_/_/package/53f76f058631e1c3a500008c75af3f37d7786131/bin/protoc --proto_path /home/flexe/Flexe /home/flexe/Flexe/flexe.proto --cpp_out /home/flexe/Flexe/src/flexe/proto/ 
/home/flexe/.conan/data/protobuf/3.17.1/_/_/package/53f76f058631e1c3a500008c75af3f37d7786131/bin/protoc --proto_path /home/flexe/Flexe --grpc_out=/home/flexe/Flexe/src/flexe/proto/ --plugin=protoc-gen-grpc=/home/flexe/.conan/data/grpc/1.38.1/_/_/package/44ecaec4536223f790dd5e0a72b2d16b1dfaa76c/bin/grpc_cpp_plugin /home/flexe/Flexe/flexe.proto
make[1]: Leaving directory '/home/flexe/Flexe/src'
22:50:56 **** Incremental Build of configuration gcc-release for project veins ****
make MODE=release -j8 all 
make[1]: Entering directory '/home/flexe/veins-veins-5.2/src'
make[1]: Nothing to be done for 'all'.
make[1]: Leaving directory '/home/flexe/veins-veins-5.2/src'
22:50:57 **** Incremental Build of configuration release for project flexe ****
make MODE=release all 
cd src && make
make[1]: Entering directory '/home/flexe/Flexe/src'
flexe/application/FedLimRSU11p.cc
flexe/application/FedLimRSU11p.cc:225:18: warning: 'random_shuffle<__gnu_cxx::__normal_iterator<int *, std::vector<int>>>' is deprecated: use 'std::shuffle' instead [-Wdeprecated-declarations]
            std::random_shuffle(std::begin(connectedClientsVector), std::end(connectedClientsVector));
                 ^
/usr/bin/../lib/gcc/x86_64-linux-gnu/12/../../../../include/c++/12/bits/stl_algo.h:4539:5: note: 'random_shuffle<__gnu_cxx::__normal_iterator<int *, std::vector<int>>>' has been explicitly marked deprecated here
    _GLIBCXX14_DEPRECATED_SUGGEST("std::shuffle")
    ^
/usr/bin/../lib/gcc/x86_64-linux-gnu/12/../../../../include/x86_64-linux-gnu/c++/12/bits/c++config.h:112:45: note: expanded from macro '_GLIBCXX14_DEPRECATED_SUGGEST'
# define _GLIBCXX14_DEPRECATED_SUGGEST(ALT) _GLIBCXX_DEPRECATED_SUGGEST(ALT)
                                            ^
/usr/bin/../lib/gcc/x86_64-linux-gnu/12/../../../../include/x86_64-linux-gnu/c++/12/bits/c++config.h:96:19: note: expanded from macro '_GLIBCXX_DEPRECATED_SUGGEST'
  __attribute__ ((__deprecated__ ("use '" ALT "' instead")))
                  ^
1 warning generated.
flexe/application/FedSETRANDOMRSU11p.cc
flexe/application/FedSETRANDOMRSU11p.cc:222:18: warning: 'random_shuffle<__gnu_cxx::__normal_iterator<int *, std::vector<int>>>' is deprecated: use 'std::shuffle' instead [-Wdeprecated-declarations]
            std::random_shuffle(std::begin(connectedClientsVector), std::end(connectedClientsVector));
                 ^
/usr/bin/../lib/gcc/x86_64-linux-gnu/12/../../../../include/c++/12/bits/stl_algo.h:4539:5: note: 'random_shuffle<__gnu_cxx::__normal_iterator<int *, std::vector<int>>>' has been explicitly marked deprecated here
    _GLIBCXX14_DEPRECATED_SUGGEST("std::shuffle")
    ^
/usr/bin/../lib/gcc/x86_64-linux-gnu/12/../../../../include/x86_64-linux-gnu/c++/12/bits/c++config.h:112:45: note: expanded from macro '_GLIBCXX14_DEPRECATED_SUGGEST'
# define _GLIBCXX14_DEPRECATED_SUGGEST(ALT) _GLIBCXX_DEPRECATED_SUGGEST(ALT)
                                            ^
/usr/bin/../lib/gcc/x86_64-linux-gnu/12/../../../../include/x86_64-linux-gnu/c++/12/bits/c++config.h:96:19: note: expanded from macro '_GLIBCXX_DEPRECATED_SUGGEST'
  __attribute__ ((__deprecated__ ("use '" ALT "' instead")))
                  ^
1 warning generated.
flexe/application/MLApp.cc
flexe/application/MLEntropyApp.cc
flexe/proto/flexe.grpc.pb.cc
flexe/proto/flexe.pb.cc
Creating shared library: ../out/clang-release/src/libflexe.so
echo /home/flexe/Flexe
/home/flexe/Flexe
/home/flexe/.conan/data/protobuf/3.17.1/_/_/package/53f76f058631e1c3a500008c75af3f37d7786131/bin/protoc --proto_path /home/flexe/Flexe /home/flexe/Flexe/flexe.proto --cpp_out /home/flexe/Flexe/src/flexe/proto/ 
/home/flexe/.conan/data/protobuf/3.17.1/_/_/package/53f76f058631e1c3a500008c75af3f37d7786131/bin/protoc --proto_path /home/flexe/Flexe --grpc_out=/home/flexe/Flexe/src/flexe/proto/ --plugin=protoc-gen-grpc=/home/flexe/.conan/data/grpc/1.38.1/_/_/package/44ecaec4536223f790dd5e0a72b2d16b1dfaa76c/bin/grpc_cpp_plugin /home/flexe/Flexe/flexe.proto
make[1]: Leaving directory '/home/flexe/Flexe/src'
22:51:49 **** Incremental Build of configuration gcc-release for project veins ****
make MODE=release -j8 all 
make[1]: Entering directory '/home/flexe/veins-veins-5.2/src'
make[1]: Nothing to be done for 'all'.
make[1]: Leaving directory '/home/flexe/veins-veins-5.2/src'
22:51:49 **** Incremental Build of configuration release for project flexe ****
make MODE=release all 
cd src && make
make[1]: Entering directory '/home/flexe/Flexe/src'
flexe/application/FedLimRSU11p.cc
flexe/application/FedLimRSU11p.cc:225:18: warning: 'random_shuffle<__gnu_cxx::__normal_iterator<int *, std::vector<int>>>' is deprecated: use 'std::shuffle' instead [-Wdeprecated-declarations]
            std::random_shuffle(std::begin(connectedClientsVector), std::end(connectedClientsVector));
                 ^
/usr/bin/../lib/gcc/x86_64-linux-gnu/12/../../../../include/c++/12/bits/stl_algo.h:4539:5: note: 'random_shuffle<__gnu_cxx::__normal_iterator<int *, std::vector<int>>>' has been explicitly marked deprecated here
    _GLIBCXX14_DEPRECATED_SUGGEST("std::shuffle")
    ^
/usr/bin/../lib/gcc/x86_64-linux-gnu/12/../../../../include/x86_64-linux-gnu/c++/12/bits/c++config.h:112:45: note: expanded from macro '_GLIBCXX14_DEPRECATED_SUGGEST'
# define _GLIBCXX14_DEPRECATED_SUGGEST(ALT) _GLIBCXX_DEPRECATED_SUGGEST(ALT)
                                            ^
/usr/bin/../lib/gcc/x86_64-linux-gnu/12/../../../../include/x86_64-linux-gnu/c++/12/bits/c++config.h:96:19: note: expanded from macro '_GLIBCXX_DEPRECATED_SUGGEST'
  __attribute__ ((__deprecated__ ("use '" ALT "' instead")))
                  ^
1 warning generated.
flexe/application/FedSETRANDOMRSU11p.cc
flexe/application/FedSETRANDOMRSU11p.cc:222:18: warning: 'random_shuffle<__gnu_cxx::__normal_iterator<int *, std::vector<int>>>' is deprecated: use 'std::shuffle' instead [-Wdeprecated-declarations]
            std::random_shuffle(std::begin(connectedClientsVector), std::end(connectedClientsVector));
                 ^
/usr/bin/../lib/gcc/x86_64-linux-gnu/12/../../../../include/c++/12/bits/stl_algo.h:4539:5: note: 'random_shuffle<__gnu_cxx::__normal_iterator<int *, std::vector<int>>>' has been explicitly marked deprecated here
    _GLIBCXX14_DEPRECATED_SUGGEST("std::shuffle")
    ^
/usr/bin/../lib/gcc/x86_64-linux-gnu/12/../../../../include/x86_64-linux-gnu/c++/12/bits/c++config.h:112:45: note: expanded from macro '_GLIBCXX14_DEPRECATED_SUGGEST'
# define _GLIBCXX14_DEPRECATED_SUGGEST(ALT) _GLIBCXX_DEPRECATED_SUGGEST(ALT)
                                            ^
/usr/bin/../lib/gcc/x86_64-linux-gnu/12/../../../../include/x86_64-linux-gnu/c++/12/bits/c++config.h:96:19: note: expanded from macro '_GLIBCXX_DEPRECATED_SUGGEST'
  __attribute__ ((__deprecated__ ("use '" ALT "' instead")))
                  ^
1 warning generated.
flexe/application/MLApp.cc
flexe/application/MLEntropyApp.cc
flexe/proto/flexe.grpc.pb.cc
flexe/proto/flexe.pb.cc
Creating shared library: ../out/clang-release/src/libflexe.so
echo /home/flexe/Flexe
/home/flexe/Flexe
/home/flexe/.conan/data/protobuf/3.17.1/_/_/package/53f76f058631e1c3a500008c75af3f37d7786131/bin/protoc --proto_path /home/flexe/Flexe /home/flexe/Flexe/flexe.proto --cpp_out /home/flexe/Flexe/src/flexe/proto/ 
/home/flexe/.conan/data/protobuf/3.17.1/_/_/package/53f76f058631e1c3a500008c75af3f37d7786131/bin/protoc --proto_path /home/flexe/Flexe --grpc_out=/home/flexe/Flexe/src/flexe/proto/ --plugin=protoc-gen-grpc=/home/flexe/.conan/data/grpc/1.38.1/_/_/package/44ecaec4536223f790dd5e0a72b2d16b1dfaa76c/bin/grpc_cpp_plugin /home/flexe/Flexe/flexe.proto
make[1]: Leaving directory '/home/flexe/Flexe/src'
11:12:15 **** Incremental Build of configuration gcc-release for project veins ****
make MODE=release -j8 all 
make[1]: Entering directory '/home/flexe/veins-veins-5.2/src'
make[1]: Nothing to be done for 'all'.
make[1]: Leaving directory '/home/flexe/veins-veins-5.2/src'
11:12:17 **** Incremental Build of configuration release for project flexe ****
make MODE=release all 
cd src && make
make[1]: Entering directory '/home/flexe/Flexe/src'
flexe/application/FedLimRSU11p.cc
flexe/application/FedLimRSU11p.cc:225:18: warning: 'random_shuffle<__gnu_cxx::__normal_iterator<int *, std::vector<int>>>' is deprecated: use 'std::shuffle' instead [-Wdeprecated-declarations]
            std::random_shuffle(std::begin(connectedClientsVector), std::end(connectedClientsVector));
                 ^
/usr/bin/../lib/gcc/x86_64-linux-gnu/12/../../../../include/c++/12/bits/stl_algo.h:4539:5: note: 'random_shuffle<__gnu_cxx::__normal_iterator<int *, std::vector<int>>>' has been explicitly marked deprecated here
    _GLIBCXX14_DEPRECATED_SUGGEST("std::shuffle")
    ^
/usr/bin/../lib/gcc/x86_64-linux-gnu/12/../../../../include/x86_64-linux-gnu/c++/12/bits/c++config.h:112:45: note: expanded from macro '_GLIBCXX14_DEPRECATED_SUGGEST'
# define _GLIBCXX14_DEPRECATED_SUGGEST(ALT) _GLIBCXX_DEPRECATED_SUGGEST(ALT)
                                            ^
/usr/bin/../lib/gcc/x86_64-linux-gnu/12/../../../../include/x86_64-linux-gnu/c++/12/bits/c++config.h:96:19: note: expanded from macro '_GLIBCXX_DEPRECATED_SUGGEST'
  __attribute__ ((__deprecated__ ("use '" ALT "' instead")))
                  ^
1 warning generated.
flexe/application/FedSETRANDOMRSU11p.cc
flexe/application/FedSETRANDOMRSU11p.cc:222:18: warning: 'random_shuffle<__gnu_cxx::__normal_iterator<int *, std::vector<int>>>' is deprecated: use 'std::shuffle' instead [-Wdeprecated-declarations]
            std::random_shuffle(std::begin(connectedClientsVector), std::end(connectedClientsVector));
                 ^
/usr/bin/../lib/gcc/x86_64-linux-gnu/12/../../../../include/c++/12/bits/stl_algo.h:4539:5: note: 'random_shuffle<__gnu_cxx::__normal_iterator<int *, std::vector<int>>>' has been explicitly marked deprecated here
    _GLIBCXX14_DEPRECATED_SUGGEST("std::shuffle")
    ^
/usr/bin/../lib/gcc/x86_64-linux-gnu/12/../../../../include/x86_64-linux-gnu/c++/12/bits/c++config.h:112:45: note: expanded from macro '_GLIBCXX14_DEPRECATED_SUGGEST'
# define _GLIBCXX14_DEPRECATED_SUGGEST(ALT) _GLIBCXX_DEPRECATED_SUGGEST(ALT)
                                            ^
/usr/bin/../lib/gcc/x86_64-linux-gnu/12/../../../../include/x86_64-linux-gnu/c++/12/bits/c++config.h:96:19: note: expanded from macro '_GLIBCXX_DEPRECATED_SUGGEST'
  __attribute__ ((__deprecated__ ("use '" ALT "' instead")))
                  ^
1 warning generated.
flexe/application/MLApp.cc
flexe/application/MLEntropyApp.cc
flexe/proto/flexe.grpc.pb.cc
flexe/proto/flexe.pb.cc
Creating shared library: ../out/clang-release/src/libflexe.so
echo /home/flexe/Flexe
/home/flexe/Flexe
/home/flexe/.conan/data/protobuf/3.17.1/_/_/package/53f76f058631e1c3a500008c75af3f37d7786131/bin/protoc --proto_path /home/flexe/Flexe /home/flexe/Flexe/flexe.proto --cpp_out /home/flexe/Flexe/src/flexe/proto/ 
/home/flexe/.conan/data/protobuf/3.17.1/_/_/package/53f76f058631e1c3a500008c75af3f37d7786131/bin/protoc --proto_path /home/flexe/Flexe --grpc_out=/home/flexe/Flexe/src/flexe/proto/ --plugin=protoc-gen-grpc=/home/flexe/.conan/data/grpc/1.38.1/_/_/package/44ecaec4536223f790dd5e0a72b2d16b1dfaa76c/bin/grpc_cpp_plugin /home/flexe/Flexe/flexe.proto
make[1]: Leaving directory '/home/flexe/Flexe/src'
11:13:27 **** Incremental Build of configuration gcc-release for project veins ****
make MODE=release -j8 all 
make[1]: Entering directory '/home/flexe/veins-veins-5.2/src'
make[1]: Nothing to be done for 'all'.
make[1]: Leaving directory '/home/flexe/veins-veins-5.2/src'
11:13:28 **** Incremental Build of configuration release for project flexe ****
make MODE=release all 
cd src && make
make[1]: Entering directory '/home/flexe/Flexe/src'
flexe/application/FedLimRSU11p.cc
flexe/application/FedLimRSU11p.cc:225:18: warning: 'random_shuffle<__gnu_cxx::__normal_iterator<int *, std::vector<int>>>' is deprecated: use 'std::shuffle' instead [-Wdeprecated-declarations]
            std::random_shuffle(std::begin(connectedClientsVector), std::end(connectedClientsVector));
                 ^
/usr/bin/../lib/gcc/x86_64-linux-gnu/12/../../../../include/c++/12/bits/stl_algo.h:4539:5: note: 'random_shuffle<__gnu_cxx::__normal_iterator<int *, std::vector<int>>>' has been explicitly marked deprecated here
    _GLIBCXX14_DEPRECATED_SUGGEST("std::shuffle")
    ^
/usr/bin/../lib/gcc/x86_64-linux-gnu/12/../../../../include/x86_64-linux-gnu/c++/12/bits/c++config.h:112:45: note: expanded from macro '_GLIBCXX14_DEPRECATED_SUGGEST'
# define _GLIBCXX14_DEPRECATED_SUGGEST(ALT) _GLIBCXX_DEPRECATED_SUGGEST(ALT)
                                            ^
/usr/bin/../lib/gcc/x86_64-linux-gnu/12/../../../../include/x86_64-linux-gnu/c++/12/bits/c++config.h:96:19: note: expanded from macro '_GLIBCXX_DEPRECATED_SUGGEST'
  __attribute__ ((__deprecated__ ("use '" ALT "' instead")))
                  ^
1 warning generated.
flexe/application/FedSETRANDOMRSU11p.cc
flexe/application/FedSETRANDOMRSU11p.cc:222:18: warning: 'random_shuffle<__gnu_cxx::__normal_iterator<int *, std::vector<int>>>' is deprecated: use 'std::shuffle' instead [-Wdeprecated-declarations]
            std::random_shuffle(std::begin(connectedClientsVector), std::end(connectedClientsVector));
                 ^
/usr/bin/../lib/gcc/x86_64-linux-gnu/12/../../../../include/c++/12/bits/stl_algo.h:4539:5: note: 'random_shuffle<__gnu_cxx::__normal_iterator<int *, std::vector<int>>>' has been explicitly marked deprecated here
    _GLIBCXX14_DEPRECATED_SUGGEST("std::shuffle")
    ^
/usr/bin/../lib/gcc/x86_64-linux-gnu/12/../../../../include/x86_64-linux-gnu/c++/12/bits/c++config.h:112:45: note: expanded from macro '_GLIBCXX14_DEPRECATED_SUGGEST'
# define _GLIBCXX14_DEPRECATED_SUGGEST(ALT) _GLIBCXX_DEPRECATED_SUGGEST(ALT)
                                            ^
/usr/bin/../lib/gcc/x86_64-linux-gnu/12/../../../../include/x86_64-linux-gnu/c++/12/bits/c++config.h:96:19: note: expanded from macro '_GLIBCXX_DEPRECATED_SUGGEST'
  __attribute__ ((__deprecated__ ("use '" ALT "' instead")))
                  ^
1 warning generated.
flexe/application/MLApp.cc
flexe/application/MLEntropyApp.cc
flexe/proto/flexe.grpc.pb.cc
flexe/proto/flexe.pb.cc
Creating shared library: ../out/clang-release/src/libflexe.so
echo /home/flexe/Flexe
/home/flexe/Flexe
/home/flexe/.conan/data/protobuf/3.17.1/_/_/package/53f76f058631e1c3a500008c75af3f37d7786131/bin/protoc --proto_path /home/flexe/Flexe /home/flexe/Flexe/flexe.proto --cpp_out /home/flexe/Flexe/src/flexe/proto/ 
/home/flexe/.conan/data/protobuf/3.17.1/_/_/package/53f76f058631e1c3a500008c75af3f37d7786131/bin/protoc --proto_path /home/flexe/Flexe --grpc_out=/home/flexe/Flexe/src/flexe/proto/ --plugin=protoc-gen-grpc=/home/flexe/.conan/data/grpc/1.38.1/_/_/package/44ecaec4536223f790dd5e0a72b2d16b1dfaa76c/bin/grpc_cpp_plugin /home/flexe/Flexe/flexe.proto
make[1]: Leaving directory '/home/flexe/Flexe/src'
11:15:01 **** Incremental Build of configuration gcc-release for project veins ****
make MODE=release -j8 all 
make[1]: Entering directory '/home/flexe/veins-veins-5.2/src'
make[1]: Nothing to be done for 'all'.
make[1]: Leaving directory '/home/flexe/veins-veins-5.2/src'
11:15:02 **** Incremental Build of configuration release for project flexe ****
make MODE=release all 
cd src && make
make[1]: Entering directory '/home/flexe/Flexe/src'
flexe/application/FedLimRSU11p.cc
flexe/application/FedLimRSU11p.cc:225:18: warning: 'random_shuffle<__gnu_cxx::__normal_iterator<int *, std::vector<int>>>' is deprecated: use 'std::shuffle' instead [-Wdeprecated-declarations]
            std::random_shuffle(std::begin(connectedClientsVector), std::end(connectedClientsVector));
                 ^
/usr/bin/../lib/gcc/x86_64-linux-gnu/12/../../../../include/c++/12/bits/stl_algo.h:4539:5: note: 'random_shuffle<__gnu_cxx::__normal_iterator<int *, std::vector<int>>>' has been explicitly marked deprecated here
    _GLIBCXX14_DEPRECATED_SUGGEST("std::shuffle")
    ^
/usr/bin/../lib/gcc/x86_64-linux-gnu/12/../../../../include/x86_64-linux-gnu/c++/12/bits/c++config.h:112:45: note: expanded from macro '_GLIBCXX14_DEPRECATED_SUGGEST'
# define _GLIBCXX14_DEPRECATED_SUGGEST(ALT) _GLIBCXX_DEPRECATED_SUGGEST(ALT)
                                            ^
/usr/bin/../lib/gcc/x86_64-linux-gnu/12/../../../../include/x86_64-linux-gnu/c++/12/bits/c++config.h:96:19: note: expanded from macro '_GLIBCXX_DEPRECATED_SUGGEST'
  __attribute__ ((__deprecated__ ("use '" ALT "' instead")))
                  ^
1 warning generated.
flexe/application/FedSETRANDOMRSU11p.cc
flexe/application/FedSETRANDOMRSU11p.cc:222:18: warning: 'random_shuffle<__gnu_cxx::__normal_iterator<int *, std::vector<int>>>' is deprecated: use 'std::shuffle' instead [-Wdeprecated-declarations]
            std::random_shuffle(std::begin(connectedClientsVector), std::end(connectedClientsVector));
                 ^
/usr/bin/../lib/gcc/x86_64-linux-gnu/12/../../../../include/c++/12/bits/stl_algo.h:4539:5: note: 'random_shuffle<__gnu_cxx::__normal_iterator<int *, std::vector<int>>>' has been explicitly marked deprecated here
    _GLIBCXX14_DEPRECATED_SUGGEST("std::shuffle")
    ^
/usr/bin/../lib/gcc/x86_64-linux-gnu/12/../../../../include/x86_64-linux-gnu/c++/12/bits/c++config.h:112:45: note: expanded from macro '_GLIBCXX14_DEPRECATED_SUGGEST'
# define _GLIBCXX14_DEPRECATED_SUGGEST(ALT) _GLIBCXX_DEPRECATED_SUGGEST(ALT)
                                            ^
/usr/bin/../lib/gcc/x86_64-linux-gnu/12/../../../../include/x86_64-linux-gnu/c++/12/bits/c++config.h:96:19: note: expanded from macro '_GLIBCXX_DEPRECATED_SUGGEST'
  __attribute__ ((__deprecated__ ("use '" ALT "' instead")))
                  ^
1 warning generated.
flexe/application/MLApp.cc
flexe/application/MLEntropyApp.cc
flexe/proto/flexe.grpc.pb.cc
flexe/proto/flexe.pb.cc
Creating shared library: ../out/clang-release/src/libflexe.so
echo /home/flexe/Flexe
/home/flexe/Flexe
/home/flexe/.conan/data/protobuf/3.17.1/_/_/package/53f76f058631e1c3a500008c75af3f37d7786131/bin/protoc --proto_path /home/flexe/Flexe /home/flexe/Flexe/flexe.proto --cpp_out /home/flexe/Flexe/src/flexe/proto/ 
/home/flexe/.conan/data/protobuf/3.17.1/_/_/package/53f76f058631e1c3a500008c75af3f37d7786131/bin/protoc --proto_path /home/flexe/Flexe --grpc_out=/home/flexe/Flexe/src/flexe/proto/ --plugin=protoc-gen-grpc=/home/flexe/.conan/data/grpc/1.38.1/_/_/package/44ecaec4536223f790dd5e0a72b2d16b1dfaa76c/bin/grpc_cpp_plugin /home/flexe/Flexe/flexe.proto
make[1]: Leaving directory '/home/flexe/Flexe/src'
12:57:40 **** Incremental Build of configuration gcc-release for project veins ****
make MODE=release -j8 all 
make[1]: Entering directory '/home/flexe/veins-veins-5.2/src'
make[1]: Nothing to be done for 'all'.
make[1]: Leaving directory '/home/flexe/veins-veins-5.2/src'
12:57:40 **** Incremental Build of configuration release for project flexe ****
make MODE=release all 
cd src && make
make[1]: Entering directory '/home/flexe/Flexe/src'
flexe/application/FedLimRSU11p.cc
flexe/application/FedLimRSU11p.cc:225:18: warning: 'random_shuffle<__gnu_cxx::__normal_iterator<int *, std::vector<int>>>' is deprecated: use 'std::shuffle' instead [-Wdeprecated-declarations]
            std::random_shuffle(std::begin(connectedClientsVector), std::end(connectedClientsVector));
                 ^
/usr/bin/../lib/gcc/x86_64-linux-gnu/12/../../../../include/c++/12/bits/stl_algo.h:4539:5: note: 'random_shuffle<__gnu_cxx::__normal_iterator<int *, std::vector<int>>>' has been explicitly marked deprecated here
    _GLIBCXX14_DEPRECATED_SUGGEST("std::shuffle")
    ^
/usr/bin/../lib/gcc/x86_64-linux-gnu/12/../../../../include/x86_64-linux-gnu/c++/12/bits/c++config.h:112:45: note: expanded from macro '_GLIBCXX14_DEPRECATED_SUGGEST'
# define _GLIBCXX14_DEPRECATED_SUGGEST(ALT) _GLIBCXX_DEPRECATED_SUGGEST(ALT)
                                            ^
/usr/bin/../lib/gcc/x86_64-linux-gnu/12/../../../../include/x86_64-linux-gnu/c++/12/bits/c++config.h:96:19: note: expanded from macro '_GLIBCXX_DEPRECATED_SUGGEST'
  __attribute__ ((__deprecated__ ("use '" ALT "' instead")))
                  ^
1 warning generated.
flexe/application/FedSETRANDOMRSU11p.cc
flexe/application/FedSETRANDOMRSU11p.cc:222:18: warning: 'random_shuffle<__gnu_cxx::__normal_iterator<int *, std::vector<int>>>' is deprecated: use 'std::shuffle' instead [-Wdeprecated-declarations]
            std::random_shuffle(std::begin(connectedClientsVector), std::end(connectedClientsVector));
                 ^
/usr/bin/../lib/gcc/x86_64-linux-gnu/12/../../../../include/c++/12/bits/stl_algo.h:4539:5: note: 'random_shuffle<__gnu_cxx::__normal_iterator<int *, std::vector<int>>>' has been explicitly marked deprecated here
    _GLIBCXX14_DEPRECATED_SUGGEST("std::shuffle")
    ^
/usr/bin/../lib/gcc/x86_64-linux-gnu/12/../../../../include/x86_64-linux-gnu/c++/12/bits/c++config.h:112:45: note: expanded from macro '_GLIBCXX14_DEPRECATED_SUGGEST'
# define _GLIBCXX14_DEPRECATED_SUGGEST(ALT) _GLIBCXX_DEPRECATED_SUGGEST(ALT)
                                            ^
/usr/bin/../lib/gcc/x86_64-linux-gnu/12/../../../../include/x86_64-linux-gnu/c++/12/bits/c++config.h:96:19: note: expanded from macro '_GLIBCXX_DEPRECATED_SUGGEST'
  __attribute__ ((__deprecated__ ("use '" ALT "' instead")))
                  ^
1 warning generated.
flexe/application/MLApp.cc
flexe/application/MLEntropyApp.cc
flexe/proto/flexe.grpc.pb.cc
flexe/proto/flexe.pb.cc
Creating shared library: ../out/clang-release/src/libflexe.so
echo /home/flexe/Flexe
/home/flexe/Flexe
/home/flexe/.conan/data/protobuf/3.17.1/_/_/package/53f76f058631e1c3a500008c75af3f37d7786131/bin/protoc --proto_path /home/flexe/Flexe /home/flexe/Flexe/flexe.proto --cpp_out /home/flexe/Flexe/src/flexe/proto/ 
/home/flexe/.conan/data/protobuf/3.17.1/_/_/package/53f76f058631e1c3a500008c75af3f37d7786131/bin/protoc --proto_path /home/flexe/Flexe --grpc_out=/home/flexe/Flexe/src/flexe/proto/ --plugin=protoc-gen-grpc=/home/flexe/.conan/data/grpc/1.38.1/_/_/package/44ecaec4536223f790dd5e0a72b2d16b1dfaa76c/bin/grpc_cpp_plugin /home/flexe/Flexe/flexe.proto
make[1]: Leaving directory '/home/flexe/Flexe/src'
15:10:27 **** Incremental Build of configuration gcc-release for project veins ****
make MODE=release -j8 all 
make[1]: Entering directory '/home/flexe/veins-veins-5.2/src'
make[1]: Nothing to be done for 'all'.
make[1]: Leaving directory '/home/flexe/veins-veins-5.2/src'
15:10:28 **** Incremental Build of configuration release for project flexe ****
make MODE=release all 
cd src && make
make[1]: Entering directory '/home/flexe/Flexe/src'
flexe/application/FedLimRSU11p.cc
flexe/application/FedLimRSU11p.cc:225:18: warning: 'random_shuffle<__gnu_cxx::__normal_iterator<int *, std::vector<int>>>' is deprecated: use 'std::shuffle' instead [-Wdeprecated-declarations]
            std::random_shuffle(std::begin(connectedClientsVector), std::end(connectedClientsVector));
                 ^
/usr/bin/../lib/gcc/x86_64-linux-gnu/12/../../../../include/c++/12/bits/stl_algo.h:4539:5: note: 'random_shuffle<__gnu_cxx::__normal_iterator<int *, std::vector<int>>>' has been explicitly marked deprecated here
    _GLIBCXX14_DEPRECATED_SUGGEST("std::shuffle")
    ^
/usr/bin/../lib/gcc/x86_64-linux-gnu/12/../../../../include/x86_64-linux-gnu/c++/12/bits/c++config.h:112:45: note: expanded from macro '_GLIBCXX14_DEPRECATED_SUGGEST'
# define _GLIBCXX14_DEPRECATED_SUGGEST(ALT) _GLIBCXX_DEPRECATED_SUGGEST(ALT)
                                            ^
/usr/bin/../lib/gcc/x86_64-linux-gnu/12/../../../../include/x86_64-linux-gnu/c++/12/bits/c++config.h:96:19: note: expanded from macro '_GLIBCXX_DEPRECATED_SUGGEST'
  __attribute__ ((__deprecated__ ("use '" ALT "' instead")))
                  ^
1 warning generated.
flexe/application/FedSETRANDOMRSU11p.cc
flexe/application/FedSETRANDOMRSU11p.cc:222:18: warning: 'random_shuffle<__gnu_cxx::__normal_iterator<int *, std::vector<int>>>' is deprecated: use 'std::shuffle' instead [-Wdeprecated-declarations]
            std::random_shuffle(std::begin(connectedClientsVector), std::end(connectedClientsVector));
                 ^
/usr/bin/../lib/gcc/x86_64-linux-gnu/12/../../../../include/c++/12/bits/stl_algo.h:4539:5: note: 'random_shuffle<__gnu_cxx::__normal_iterator<int *, std::vector<int>>>' has been explicitly marked deprecated here
    _GLIBCXX14_DEPRECATED_SUGGEST("std::shuffle")
    ^
/usr/bin/../lib/gcc/x86_64-linux-gnu/12/../../../../include/x86_64-linux-gnu/c++/12/bits/c++config.h:112:45: note: expanded from macro '_GLIBCXX14_DEPRECATED_SUGGEST'
# define _GLIBCXX14_DEPRECATED_SUGGEST(ALT) _GLIBCXX_DEPRECATED_SUGGEST(ALT)
                                            ^
/usr/bin/../lib/gcc/x86_64-linux-gnu/12/../../../../include/x86_64-linux-gnu/c++/12/bits/c++config.h:96:19: note: expanded from macro '_GLIBCXX_DEPRECATED_SUGGEST'
  __attribute__ ((__deprecated__ ("use '" ALT "' instead")))
                  ^
1 warning generated.
flexe/application/MLApp.cc
flexe/application/MLEntropyApp.cc
flexe/proto/flexe.grpc.pb.cc
flexe/proto/flexe.pb.cc
Creating shared library: ../out/clang-release/src/libflexe.so
echo /home/flexe/Flexe
/home/flexe/Flexe
/home/flexe/.conan/data/protobuf/3.17.1/_/_/package/53f76f058631e1c3a500008c75af3f37d7786131/bin/protoc --proto_path /home/flexe/Flexe /home/flexe/Flexe/flexe.proto --cpp_out /home/flexe/Flexe/src/flexe/proto/ 
/home/flexe/.conan/data/protobuf/3.17.1/_/_/package/53f76f058631e1c3a500008c75af3f37d7786131/bin/protoc --proto_path /home/flexe/Flexe --grpc_out=/home/flexe/Flexe/src/flexe/proto/ --plugin=protoc-gen-grpc=/home/flexe/.conan/data/grpc/1.38.1/_/_/package/44ecaec4536223f790dd5e0a72b2d16b1dfaa76c/bin/grpc_cpp_plugin /home/flexe/Flexe/flexe.proto
make[1]: Leaving directory '/home/flexe/Flexe/src'
                                                                                                                                                                                                                                                                                                                                                                                                                                                                                                                                                                                                                                                                                                                                                                                                                                                                                                                                                                                                                                                                                                                                                                                                                                                                                                                                                                                                                                                                                                                                                                                                                                                                                                                                                                                                                                                                                                                                                                                                                                                                                                                                                                                                                                                                                                                                                                                                                                                                                                                                                                                                                                                                                                                                                                                                                                                                                                                                                                                        15:15:14 **** Incremental Build of configuration gcc-release for project veins ****
make MODE=release -j8 all 
make[1]: Entering directory '/home/flexe/veins-veins-5.2/src'
make[1]: Nothing to be done for 'all'.
make[1]: Leaving directory '/home/flexe/veins-veins-5.2/src'
15:15:14 **** Incremental Build of configuration release for project flexe ****
make MODE=release all 
cd src && make
make[1]: Entering directory '/home/flexe/Flexe/src'
flexe/application/FedLimRSU11p.cc
flexe/application/FedLimRSU11p.cc:225:18: warning: 'random_shuffle<__gnu_cxx::__normal_iterator<int *, std::vector<int>>>' is deprecated: use 'std::shuffle' instead [-Wdeprecated-declarations]
            std::random_shuffle(std::begin(connectedClientsVector), std::end(connectedClientsVector));
                 ^
/usr/bin/../lib/gcc/x86_64-linux-gnu/12/../../../../include/c++/12/bits/stl_algo.h:4539:5: note: 'random_shuffle<__gnu_cxx::__normal_iterator<int *, std::vector<int>>>' has been explicitly marked deprecated here
    _GLIBCXX14_DEPRECATED_SUGGEST("std::shuffle")
    ^
/usr/bin/../lib/gcc/x86_64-linux-gnu/12/../../../../include/x86_64-linux-gnu/c++/12/bits/c++config.h:112:45: note: expanded from macro '_GLIBCXX14_DEPRECATED_SUGGEST'
# define _GLIBCXX14_DEPRECATED_SUGGEST(ALT) _GLIBCXX_DEPRECATED_SUGGEST(ALT)
                                            ^
/usr/bin/../lib/gcc/x86_64-linux-gnu/12/../../../../include/x86_64-linux-gnu/c++/12/bits/c++config.h:96:19: note: expanded from macro '_GLIBCXX_DEPRECATED_SUGGEST'
  __attribute__ ((__deprecated__ ("use '" ALT "' instead")))
                  ^
1 warning generated.
flexe/application/FedSETRANDOMRSU11p.cc
flexe/application/FedSETRANDOMRSU11p.cc:222:18: warning: 'random_shuffle<__gnu_cxx::__normal_iterator<int *, std::vector<int>>>' is deprecated: use 'std::shuffle' instead [-Wdeprecated-declarations]
            std::random_shuffle(std::begin(connectedClientsVector), std::end(connectedClientsVector));
                 ^
/usr/bin/../lib/gcc/x86_64-linux-gnu/12/../../../../include/c++/12/bits/stl_algo.h:4539:5: note: 'random_shuffle<__gnu_cxx::__normal_iterator<int *, std::vector<int>>>' has been explicitly marked deprecated here
    _GLIBCXX14_DEPRECATED_SUGGEST("std::shuffle")
    ^
/usr/bin/../lib/gcc/x86_64-linux-gnu/12/../../../../include/x86_64-linux-gnu/c++/12/bits/c++config.h:112:45: note: expanded from macro '_GLIBCXX14_DEPRECATED_SUGGEST'
# define _GLIBCXX14_DEPRECATED_SUGGEST(ALT) _GLIBCXX_DEPRECATED_SUGGEST(ALT)
                                            ^
/usr/bin/../lib/gcc/x86_64-linux-gnu/12/../../../../include/x86_64-linux-gnu/c++/12/bits/c++config.h:96:19: note: expanded from macro '_GLIBCXX_DEPRECATED_SUGGEST'
  __attribute__ ((__deprecated__ ("use '" ALT "' instead")))
                  ^
1 warning generated.
flexe/application/MLApp.cc
flexe/application/MLEntropyApp.cc
flexe/proto/flexe.grpc.pb.cc
flexe/proto/flexe.pb.cc
Creating shared library: ../out/clang-release/src/libflexe.so
echo /home/flexe/Flexe
/home/flexe/Flexe
/home/flexe/.conan/data/protobuf/3.17.1/_/_/package/53f76f058631e1c3a500008c75af3f37d7786131/bin/protoc --proto_path /home/flexe/Flexe /home/flexe/Flexe/flexe.proto --cpp_out /home/flexe/Flexe/src/flexe/proto/ 
/home/flexe/.conan/data/protobuf/3.17.1/_/_/package/53f76f058631e1c3a500008c75af3f37d7786131/bin/protoc --proto_path /home/flexe/Flexe --grpc_out=/home/flexe/Flexe/src/flexe/proto/ --plugin=protoc-gen-grpc=/home/flexe/.conan/data/grpc/1.38.1/_/_/package/44ecaec4536223f790dd5e0a72b2d16b1dfaa76c/bin/grpc_cpp_plugin /home/flexe/Flexe/flexe.proto
make[1]: Leaving directory '/home/flexe/Flexe/src'
17:06:01 **** Incremental Build of configuration gcc-release for project veins ****
make MODE=release -j8 all 
make[1]: Entering directory '/home/flexe/veins-veins-5.2/src'
make[1]: Nothing to be done for 'all'.
make[1]: Leaving directory '/home/flexe/veins-veins-5.2/src'
17:06:01 **** Incremental Build of configuration release for project flexe ****
make MODE=release all 
cd src && make
make[1]: Entering directory '/home/flexe/Flexe/src'
flexe/application/FedLimRSU11p.cc
flexe/application/FedLimRSU11p.cc:225:18: warning: 'random_shuffle<__gnu_cxx::__normal_iterator<int *, std::vector<int>>>' is deprecated: use 'std::shuffle' instead [-Wdeprecated-declarations]
            std::random_shuffle(std::begin(connectedClientsVector), std::end(connectedClientsVector));
                 ^
/usr/bin/../lib/gcc/x86_64-linux-gnu/12/../../../../include/c++/12/bits/stl_algo.h:4539:5: note: 'random_shuffle<__gnu_cxx::__normal_iterator<int *, std::vector<int>>>' has been explicitly marked deprecated here
    _GLIBCXX14_DEPRECATED_SUGGEST("std::shuffle")
    ^
/usr/bin/../lib/gcc/x86_64-linux-gnu/12/../../../../include/x86_64-linux-gnu/c++/12/bits/c++config.h:112:45: note: expanded from macro '_GLIBCXX14_DEPRECATED_SUGGEST'
# define _GLIBCXX14_DEPRECATED_SUGGEST(ALT) _GLIBCXX_DEPRECATED_SUGGEST(ALT)
                                            ^
/usr/bin/../lib/gcc/x86_64-linux-gnu/12/../../../../include/x86_64-linux-gnu/c++/12/bits/c++config.h:96:19: note: expanded from macro '_GLIBCXX_DEPRECATED_SUGGEST'
  __attribute__ ((__deprecated__ ("use '" ALT "' instead")))
                  ^
1 warning generated.
flexe/application/FedSETRANDOMRSU11p.cc
flexe/application/FedSETRANDOMRSU11p.cc:222:18: warning: 'random_shuffle<__gnu_cxx::__normal_iterator<int *, std::vector<int>>>' is deprecated: use 'std::shuffle' instead [-Wdeprecated-declarations]
            std::random_shuffle(std::begin(connectedClientsVector), std::end(connectedClientsVector));
                 ^
/usr/bin/../lib/gcc/x86_64-linux-gnu/12/../../../../include/c++/12/bits/stl_algo.h:4539:5: note: 'random_shuffle<__gnu_cxx::__normal_iterator<int *, std::vector<int>>>' has been explicitly marked deprecated here
    _GLIBCXX14_DEPRECATED_SUGGEST("std::shuffle")
    ^
/usr/bin/../lib/gcc/x86_64-linux-gnu/12/../../../../include/x86_64-linux-gnu/c++/12/bits/c++config.h:112:45: note: expanded from macro '_GLIBCXX14_DEPRECATED_SUGGEST'
# define _GLIBCXX14_DEPRECATED_SUGGEST(ALT) _GLIBCXX_DEPRECATED_SUGGEST(ALT)
                                            ^
/usr/bin/../lib/gcc/x86_64-linux-gnu/12/../../../../include/x86_64-linux-gnu/c++/12/bits/c++config.h:96:19: note: expanded from macro '_GLIBCXX_DEPRECATED_SUGGEST'
  __attribute__ ((__deprecated__ ("use '" ALT "' instead")))
                  ^
1 warning generated.
flexe/application/MLApp.cc
flexe/application/MLEntropyApp.cc
flexe/proto/flexe.grpc.pb.cc
flexe/proto/flexe.pb.cc
Creating shared library: ../out/clang-release/src/libflexe.so
echo /home/flexe/Flexe
/home/flexe/Flexe
/home/flexe/.conan/data/protobuf/3.17.1/_/_/package/53f76f058631e1c3a500008c75af3f37d7786131/bin/protoc --proto_path /home/flexe/Flexe /home/flexe/Flexe/flexe.proto --cpp_out /home/flexe/Flexe/src/flexe/proto/ 
/home/flexe/.conan/data/protobuf/3.17.1/_/_/package/53f76f058631e1c3a500008c75af3f37d7786131/bin/protoc --proto_path /home/flexe/Flexe --grpc_out=/home/flexe/Flexe/src/flexe/proto/ --plugin=protoc-gen-grpc=/home/flexe/.conan/data/grpc/1.38.1/_/_/package/44ecaec4536223f790dd5e0a72b2d16b1dfaa76c/bin/grpc_cpp_plugin /home/flexe/Flexe/flexe.proto
make[1]: Leaving directory '/home/flexe/Flexe/src'
23:46:18 **** Incremental Build of configuration gcc-release for project veins ****
make MODE=release -j8 all 
make[1]: Entering directory '/home/flexe/veins-veins-5.2/src'
make[1]: Nothing to be done for 'all'.
make[1]: Leaving directory '/home/flexe/veins-veins-5.2/src'
23:46:19 **** Incremental Build of configuration release for project flexe ****
make MODE=release all 
cd src && make
make[1]: Entering directory '/home/flexe/Flexe/src'
flexe/application/FedLimRSU11p.cc
flexe/application/FedLimRSU11p.cc:225:18: warning: 'random_shuffle<__gnu_cxx::__normal_iterator<int *, std::vector<int>>>' is deprecated: use 'std::shuffle' instead [-Wdeprecated-declarations]
            std::random_shuffle(std::begin(connectedClientsVector), std::end(connectedClientsVector));
                 ^
/usr/bin/../lib/gcc/x86_64-linux-gnu/12/../../../../include/c++/12/bits/stl_algo.h:4539:5: note: 'random_shuffle<__gnu_cxx::__normal_iterator<int *, std::vector<int>>>' has been explicitly marked deprecated here
    _GLIBCXX14_DEPRECATED_SUGGEST("std::shuffle")
    ^
/usr/bin/../lib/gcc/x86_64-linux-gnu/12/../../../../include/x86_64-linux-gnu/c++/12/bits/c++config.h:112:45: note: expanded from macro '_GLIBCXX14_DEPRECATED_SUGGEST'
# define _GLIBCXX14_DEPRECATED_SUGGEST(ALT) _GLIBCXX_DEPRECATED_SUGGEST(ALT)
                                            ^
/usr/bin/../lib/gcc/x86_64-linux-gnu/12/../../../../include/x86_64-linux-gnu/c++/12/bits/c++config.h:96:19: note: expanded from macro '_GLIBCXX_DEPRECATED_SUGGEST'
  __attribute__ ((__deprecated__ ("use '" ALT "' instead")))
                  ^
1 warning generated.
flexe/application/FedSETRANDOMRSU11p.cc
flexe/application/FedSETRANDOMRSU11p.cc:222:18: warning: 'random_shuffle<__gnu_cxx::__normal_iterator<int *, std::vector<int>>>' is deprecated: use 'std::shuffle' instead [-Wdeprecated-declarations]
            std::random_shuffle(std::begin(connectedClientsVector), std::end(connectedClientsVector));
                 ^
/usr/bin/../lib/gcc/x86_64-linux-gnu/12/../../../../include/c++/12/bits/stl_algo.h:4539:5: note: 'random_shuffle<__gnu_cxx::__normal_iterator<int *, std::vector<int>>>' has been explicitly marked deprecated here
    _GLIBCXX14_DEPRECATED_SUGGEST("std::shuffle")
    ^
/usr/bin/../lib/gcc/x86_64-linux-gnu/12/../../../../include/x86_64-linux-gnu/c++/12/bits/c++config.h:112:45: note: expanded from macro '_GLIBCXX14_DEPRECATED_SUGGEST'
# define _GLIBCXX14_DEPRECATED_SUGGEST(ALT) _GLIBCXX_DEPRECATED_SUGGEST(ALT)
                                            ^
/usr/bin/../lib/gcc/x86_64-linux-gnu/12/../../../../include/x86_64-linux-gnu/c++/12/bits/c++config.h:96:19: note: expanded from macro '_GLIBCXX_DEPRECATED_SUGGEST'
  __attribute__ ((__deprecated__ ("use '" ALT "' instead")))
                  ^
1 warning generated.
flexe/application/MLApp.cc
flexe/application/MLEntropyApp.cc
flexe/proto/flexe.grpc.pb.cc
flexe/proto/flexe.pb.cc
Creating shared library: ../out/clang-release/src/libflexe.so
echo /home/flexe/Flexe
/home/flexe/Flexe
/home/flexe/.conan/data/protobuf/3.17.1/_/_/package/53f76f058631e1c3a500008c75af3f37d7786131/bin/protoc --proto_path /home/flexe/Flexe /home/flexe/Flexe/flexe.proto --cpp_out /home/flexe/Flexe/src/flexe/proto/ 
/home/flexe/.conan/data/protobuf/3.17.1/_/_/package/53f76f058631e1c3a500008c75af3f37d7786131/bin/protoc --proto_path /home/flexe/Flexe --grpc_out=/home/flexe/Flexe/src/flexe/proto/ --plugin=protoc-gen-grpc=/home/flexe/.conan/data/grpc/1.38.1/_/_/package/44ecaec4536223f790dd5e0a72b2d16b1dfaa76c/bin/grpc_cpp_plugin /home/flexe/Flexe/flexe.proto
make[1]: Leaving directory '/home/flexe/Flexe/src'
11:48:52 **** Incremental Build of configuration gcc-release for project veins ****
make MODE=release -j8 all 
make[1]: Entering directory '/home/flexe/veins-veins-5.2/src'
make[1]: Nothing to be done for 'all'.
make[1]: Leaving directory '/home/flexe/veins-veins-5.2/src'
11:48:53 **** Incremental Build of configuration release for project flexe ****
make MODE=release all 
cd src && make
make[1]: Entering directory '/home/flexe/Flexe/src'
flexe/application/FedLimRSU11p.cc
flexe/application/FedLimRSU11p.cc:225:18: warning: 'random_shuffle<__gnu_cxx::__normal_iterator<int *, std::vector<int>>>' is deprecated: use 'std::shuffle' instead [-Wdeprecated-declarations]
            std::random_shuffle(std::begin(connectedClientsVector), std::end(connectedClientsVector));
                 ^
/usr/bin/../lib/gcc/x86_64-linux-gnu/12/../../../../include/c++/12/bits/stl_algo.h:4539:5: note: 'random_shuffle<__gnu_cxx::__normal_iterator<int *, std::vector<int>>>' has been explicitly marked deprecated here
    _GLIBCXX14_DEPRECATED_SUGGEST("std::shuffle")
    ^
/usr/bin/../lib/gcc/x86_64-linux-gnu/12/../../../../include/x86_64-linux-gnu/c++/12/bits/c++config.h:112:45: note: expanded from macro '_GLIBCXX14_DEPRECATED_SUGGEST'
# define _GLIBCXX14_DEPRECATED_SUGGEST(ALT) _GLIBCXX_DEPRECATED_SUGGEST(ALT)
                                            ^
/usr/bin/../lib/gcc/x86_64-linux-gnu/12/../../../../include/x86_64-linux-gnu/c++/12/bits/c++config.h:96:19: note: expanded from macro '_GLIBCXX_DEPRECATED_SUGGEST'
  __attribute__ ((__deprecated__ ("use '" ALT "' instead")))
                  ^
1 warning generated.
flexe/application/FedSETRANDOMRSU11p.cc
flexe/application/FedSETRANDOMRSU11p.cc:222:18: warning: 'random_shuffle<__gnu_cxx::__normal_iterator<int *, std::vector<int>>>' is deprecated: use 'std::shuffle' instead [-Wdeprecated-declarations]
            std::random_shuffle(std::begin(connectedClientsVector), std::end(connectedClientsVector));
                 ^
/usr/bin/../lib/gcc/x86_64-linux-gnu/12/../../../../include/c++/12/bits/stl_algo.h:4539:5: note: 'random_shuffle<__gnu_cxx::__normal_iterator<int *, std::vector<int>>>' has been explicitly marked deprecated here
    _GLIBCXX14_DEPRECATED_SUGGEST("std::shuffle")
    ^
/usr/bin/../lib/gcc/x86_64-linux-gnu/12/../../../../include/x86_64-linux-gnu/c++/12/bits/c++config.h:112:45: note: expanded from macro '_GLIBCXX14_DEPRECATED_SUGGEST'
# define _GLIBCXX14_DEPRECATED_SUGGEST(ALT) _GLIBCXX_DEPRECATED_SUGGEST(ALT)
                                            ^
/usr/bin/../lib/gcc/x86_64-linux-gnu/12/../../../../include/x86_64-linux-gnu/c++/12/bits/c++config.h:96:19: note: expanded from macro '_GLIBCXX_DEPRECATED_SUGGEST'
  __attribute__ ((__deprecated__ ("use '" ALT "' instead")))
                  ^
1 warning generated.
flexe/application/MLApp.cc
flexe/application/MLEntropyApp.cc
flexe/proto/flexe.grpc.pb.cc
flexe/proto/flexe.pb.cc
Creating shared library: ../out/clang-release/src/libflexe.so
echo /home/flexe/Flexe
/home/flexe/Flexe
/home/flexe/.conan/data/protobuf/3.17.1/_/_/package/53f76f058631e1c3a500008c75af3f37d7786131/bin/protoc --proto_path /home/flexe/Flexe /home/flexe/Flexe/flexe.proto --cpp_out /home/flexe/Flexe/src/flexe/proto/ 
/home/flexe/.conan/data/protobuf/3.17.1/_/_/package/53f76f058631e1c3a500008c75af3f37d7786131/bin/protoc --proto_path /home/flexe/Flexe --grpc_out=/home/flexe/Flexe/src/flexe/proto/ --plugin=protoc-gen-grpc=/home/flexe/.conan/data/grpc/1.38.1/_/_/package/44ecaec4536223f790dd5e0a72b2d16b1dfaa76c/bin/grpc_cpp_plugin /home/flexe/Flexe/flexe.proto
make[1]: Leaving directory '/home/flexe/Flexe/src'
11:49:57 **** Incremental Build of configuration gcc-release for project veins ****
make MODE=release -j8 all 
make[1]: Entering directory '/home/flexe/veins-veins-5.2/src'
make[1]: Nothing to be done for 'all'.
make[1]: Leaving directory '/home/flexe/veins-veins-5.2/src'
11:49:58 **** Incremental Build of configuration release for project flexe ****
make MODE=release all 
cd src && make
make[1]: Entering directory '/home/flexe/Flexe/src'
flexe/application/FedLimRSU11p.cc
flexe/application/FedLimRSU11p.cc:225:18: warning: 'random_shuffle<__gnu_cxx::__normal_iterator<int *, std::vector<int>>>' is deprecated: use 'std::shuffle' instead [-Wdeprecated-declarations]
            std::random_shuffle(std::begin(connectedClientsVector), std::end(connectedClientsVector));
                 ^
/usr/bin/../lib/gcc/x86_64-linux-gnu/12/../../../../include/c++/12/bits/stl_algo.h:4539:5: note: 'random_shuffle<__gnu_cxx::__normal_iterator<int *, std::vector<int>>>' has been explicitly marked deprecated here
    _GLIBCXX14_DEPRECATED_SUGGEST("std::shuffle")
    ^
/usr/bin/../lib/gcc/x86_64-linux-gnu/12/../../../../include/x86_64-linux-gnu/c++/12/bits/c++config.h:112:45: note: expanded from macro '_GLIBCXX14_DEPRECATED_SUGGEST'
# define _GLIBCXX14_DEPRECATED_SUGGEST(ALT) _GLIBCXX_DEPRECATED_SUGGEST(ALT)
                                            ^
/usr/bin/../lib/gcc/x86_64-linux-gnu/12/../../../../include/x86_64-linux-gnu/c++/12/bits/c++config.h:96:19: note: expanded from macro '_GLIBCXX_DEPRECATED_SUGGEST'
  __attribute__ ((__deprecated__ ("use '" ALT "' instead")))
                  ^
1 warning generated.
flexe/application/FedSETRANDOMRSU11p.cc
flexe/application/FedSETRANDOMRSU11p.cc:222:18: warning: 'random_shuffle<__gnu_cxx::__normal_iterator<int *, std::vector<int>>>' is deprecated: use 'std::shuffle' instead [-Wdeprecated-declarations]
            std::random_shuffle(std::begin(connectedClientsVector), std::end(connectedClientsVector));
                 ^
/usr/bin/../lib/gcc/x86_64-linux-gnu/12/../../../../include/c++/12/bits/stl_algo.h:4539:5: note: 'random_shuffle<__gnu_cxx::__normal_iterator<int *, std::vector<int>>>' has been explicitly marked deprecated here
    _GLIBCXX14_DEPRECATED_SUGGEST("std::shuffle")
    ^
/usr/bin/../lib/gcc/x86_64-linux-gnu/12/../../../../include/x86_64-linux-gnu/c++/12/bits/c++config.h:112:45: note: expanded from macro '_GLIBCXX14_DEPRECATED_SUGGEST'
# define _GLIBCXX14_DEPRECATED_SUGGEST(ALT) _GLIBCXX_DEPRECATED_SUGGEST(ALT)
                                            ^
/usr/bin/../lib/gcc/x86_64-linux-gnu/12/../../../../include/x86_64-linux-gnu/c++/12/bits/c++config.h:96:19: note: expanded from macro '_GLIBCXX_DEPRECATED_SUGGEST'
  __attribute__ ((__deprecated__ ("use '" ALT "' instead")))
                  ^
1 warning generated.
flexe/application/MLApp.cc
flexe/application/MLEntropyApp.cc
flexe/proto/flexe.grpc.pb.cc
flexe/proto/flexe.pb.cc
Creating shared library: ../out/clang-release/src/libflexe.so
echo /home/flexe/Flexe
/home/flexe/Flexe
/home/flexe/.conan/data/protobuf/3.17.1/_/_/package/53f76f058631e1c3a500008c75af3f37d7786131/bin/protoc --proto_path /home/flexe/Flexe /home/flexe/Flexe/flexe.proto --cpp_out /home/flexe/Flexe/src/flexe/proto/ 
/home/flexe/.conan/data/protobuf/3.17.1/_/_/package/53f76f058631e1c3a500008c75af3f37d7786131/bin/protoc --proto_path /home/flexe/Flexe --grpc_out=/home/flexe/Flexe/src/flexe/proto/ --plugin=protoc-gen-grpc=/home/flexe/.conan/data/grpc/1.38.1/_/_/package/44ecaec4536223f790dd5e0a72b2d16b1dfaa76c/bin/grpc_cpp_plugin /home/flexe/Flexe/flexe.proto
make[1]: Leaving directory '/home/flexe/Flexe/src'
11:50:35 **** Incremental Build of configuration gcc-release for project veins ****
make MODE=release -j8 all 
make[1]: Entering directory '/home/flexe/veins-veins-5.2/src'
make[1]: Nothing to be done for 'all'.
make[1]: Leaving directory '/home/flexe/veins-veins-5.2/src'
11:50:36 **** Incremental Build of configuration release for project flexe ****
make MODE=release all 
cd src && make
make[1]: Entering directory '/home/flexe/Flexe/src'
flexe/application/FedLimRSU11p.cc
flexe/application/FedLimRSU11p.cc:225:18: warning: 'random_shuffle<__gnu_cxx::__normal_iterator<int *, std::vector<int>>>' is deprecated: use 'std::shuffle' instead [-Wdeprecated-declarations]
            std::random_shuffle(std::begin(connectedClientsVector), std::end(connectedClientsVector));
                 ^
/usr/bin/../lib/gcc/x86_64-linux-gnu/12/../../../../include/c++/12/bits/stl_algo.h:4539:5: note: 'random_shuffle<__gnu_cxx::__normal_iterator<int *, std::vector<int>>>' has been explicitly marked deprecated here
    _GLIBCXX14_DEPRECATED_SUGGEST("std::shuffle")
    ^
/usr/bin/../lib/gcc/x86_64-linux-gnu/12/../../../../include/x86_64-linux-gnu/c++/12/bits/c++config.h:112:45: note: expanded from macro '_GLIBCXX14_DEPRECATED_SUGGEST'
# define _GLIBCXX14_DEPRECATED_SUGGEST(ALT) _GLIBCXX_DEPRECATED_SUGGEST(ALT)
                                            ^
/usr/bin/../lib/gcc/x86_64-linux-gnu/12/../../../../include/x86_64-linux-gnu/c++/12/bits/c++config.h:96:19: note: expanded from macro '_GLIBCXX_DEPRECATED_SUGGEST'
  __attribute__ ((__deprecated__ ("use '" ALT "' instead")))
                  ^
1 warning generated.
flexe/application/FedSETRANDOMRSU11p.cc
flexe/application/FedSETRANDOMRSU11p.cc:222:18: warning: 'random_shuffle<__gnu_cxx::__normal_iterator<int *, std::vector<int>>>' is deprecated: use 'std::shuffle' instead [-Wdeprecated-declarations]
            std::random_shuffle(std::begin(connectedClientsVector), std::end(connectedClientsVector));
                 ^
/usr/bin/../lib/gcc/x86_64-linux-gnu/12/../../../../include/c++/12/bits/stl_algo.h:4539:5: note: 'random_shuffle<__gnu_cxx::__normal_iterator<int *, std::vector<int>>>' has been explicitly marked deprecated here
    _GLIBCXX14_DEPRECATED_SUGGEST("std::shuffle")
    ^
/usr/bin/../lib/gcc/x86_64-linux-gnu/12/../../../../include/x86_64-linux-gnu/c++/12/bits/c++config.h:112:45: note: expanded from macro '_GLIBCXX14_DEPRECATED_SUGGEST'
# define _GLIBCXX14_DEPRECATED_SUGGEST(ALT) _GLIBCXX_DEPRECATED_SUGGEST(ALT)
                                            ^
/usr/bin/../lib/gcc/x86_64-linux-gnu/12/../../../../include/x86_64-linux-gnu/c++/12/bits/c++config.h:96:19: note: expanded from macro '_GLIBCXX_DEPRECATED_SUGGEST'
  __attribute__ ((__deprecated__ ("use '" ALT "' instead")))
                  ^
1 warning generated.
flexe/application/MLApp.cc
flexe/application/MLEntropyApp.cc
flexe/proto/flexe.grpc.pb.cc
flexe/proto/flexe.pb.cc
Creating shared library: ../out/clang-release/src/libflexe.so
echo /home/flexe/Flexe
/home/flexe/Flexe
/home/flexe/.conan/data/protobuf/3.17.1/_/_/package/53f76f058631e1c3a500008c75af3f37d7786131/bin/protoc --proto_path /home/flexe/Flexe /home/flexe/Flexe/flexe.proto --cpp_out /home/flexe/Flexe/src/flexe/proto/ 
/home/flexe/.conan/data/protobuf/3.17.1/_/_/package/53f76f058631e1c3a500008c75af3f37d7786131/bin/protoc --proto_path /home/flexe/Flexe --grpc_out=/home/flexe/Flexe/src/flexe/proto/ --plugin=protoc-gen-grpc=/home/flexe/.conan/data/grpc/1.38.1/_/_/package/44ecaec4536223f790dd5e0a72b2d16b1dfaa76c/bin/grpc_cpp_plugin /home/flexe/Flexe/flexe.proto
make[1]: Leaving directory '/home/flexe/Flexe/src'
22:07:51 **** Incremental Build of configuration gcc-release for project veins ****
make MODE=release -j8 all 
make[1]: Entering directory '/home/flexe/veins-veins-5.2/src'
make[1]: Nothing to be done for 'all'.
make[1]: Leaving directory '/home/flexe/veins-veins-5.2/src'
22:07:52 **** Incremental Build of configuration release for project flexe ****
make MODE=release all 
cd src && make
make[1]: Entering directory '/home/flexe/Flexe/src'
flexe/application/FedLimRSU11p.cc
flexe/application/FedLimRSU11p.cc:225:18: warning: 'random_shuffle<__gnu_cxx::__normal_iterator<int *, std::vector<int>>>' is deprecated: use 'std::shuffle' instead [-Wdeprecated-declarations]
            std::random_shuffle(std::begin(connectedClientsVector), std::end(connectedClientsVector));
                 ^
/usr/bin/../lib/gcc/x86_64-linux-gnu/12/../../../../include/c++/12/bits/stl_algo.h:4539:5: note: 'random_shuffle<__gnu_cxx::__normal_iterator<int *, std::vector<int>>>' has been explicitly marked deprecated here
    _GLIBCXX14_DEPRECATED_SUGGEST("std::shuffle")
    ^
/usr/bin/../lib/gcc/x86_64-linux-gnu/12/../../../../include/x86_64-linux-gnu/c++/12/bits/c++config.h:112:45: note: expanded from macro '_GLIBCXX14_DEPRECATED_SUGGEST'
# define _GLIBCXX14_DEPRECATED_SUGGEST(ALT) _GLIBCXX_DEPRECATED_SUGGEST(ALT)
                                            ^
/usr/bin/../lib/gcc/x86_64-linux-gnu/12/../../../../include/x86_64-linux-gnu/c++/12/bits/c++config.h:96:19: note: expanded from macro '_GLIBCXX_DEPRECATED_SUGGEST'
  __attribute__ ((__deprecated__ ("use '" ALT "' instead")))
                  ^
1 warning generated.
flexe/application/FedSETRANDOMRSU11p.cc
flexe/application/FedSETRANDOMRSU11p.cc:222:18: warning: 'random_shuffle<__gnu_cxx::__normal_iterator<int *, std::vector<int>>>' is deprecated: use 'std::shuffle' instead [-Wdeprecated-declarations]
            std::random_shuffle(std::begin(connectedClientsVector), std::end(connectedClientsVector));
                 ^
/usr/bin/../lib/gcc/x86_64-linux-gnu/12/../../../../include/c++/12/bits/stl_algo.h:4539:5: note: 'random_shuffle<__gnu_cxx::__normal_iterator<int *, std::vector<int>>>' has been explicitly marked deprecated here
    _GLIBCXX14_DEPRECATED_SUGGEST("std::shuffle")
    ^
/usr/bin/../lib/gcc/x86_64-linux-gnu/12/../../../../include/x86_64-linux-gnu/c++/12/bits/c++config.h:112:45: note: expanded from macro '_GLIBCXX14_DEPRECATED_SUGGEST'
# define _GLIBCXX14_DEPRECATED_SUGGEST(ALT) _GLIBCXX_DEPRECATED_SUGGEST(ALT)
                                            ^
/usr/bin/../lib/gcc/x86_64-linux-gnu/12/../../../../include/x86_64-linux-gnu/c++/12/bits/c++config.h:96:19: note: expanded from macro '_GLIBCXX_DEPRECATED_SUGGEST'
  __attribute__ ((__deprecated__ ("use '" ALT "' instead")))
                  ^
1 warning generated.
flexe/application/MLApp.cc
flexe/application/MLEntropyApp.cc
flexe/proto/flexe.grpc.pb.cc
flexe/proto/flexe.pb.cc
Creating shared library: ../out/clang-release/src/libflexe.so
echo /home/flexe/Flexe
/home/flexe/Flexe
/home/flexe/.conan/data/protobuf/3.17.1/_/_/package/53f76f058631e1c3a500008c75af3f37d7786131/bin/protoc --proto_path /home/flexe/Flexe /home/flexe/Flexe/flexe.proto --cpp_out /home/flexe/Flexe/src/flexe/proto/ 
/home/flexe/.conan/data/protobuf/3.17.1/_/_/package/53f76f058631e1c3a500008c75af3f37d7786131/bin/protoc --proto_path /home/flexe/Flexe --grpc_out=/home/flexe/Flexe/src/flexe/proto/ --plugin=protoc-gen-grpc=/home/flexe/.conan/data/grpc/1.38.1/_/_/package/44ecaec4536223f790dd5e0a72b2d16b1dfaa76c/bin/grpc_cpp_plugin /home/flexe/Flexe/flexe.proto
make[1]: Leaving directory '/home/flexe/Flexe/src'
00:06:32 **** Incremental Build of configuration gcc-release for project veins ****
make MODE=release -j8 all 
make[1]: Entering directory '/home/flexe/veins-veins-5.2/src'
make[1]: Nothing to be done for 'all'.
make[1]: Leaving directory '/home/flexe/veins-veins-5.2/src'
00:06:33 **** Incremental Build of configuration release for project flexe ****
make MODE=release all 
cd src && make
make[1]: Entering directory '/home/flexe/Flexe/src'
flexe/application/FedLimRSU11p.cc
flexe/application/FedLimRSU11p.cc:225:18: warning: 'random_shuffle<__gnu_cxx::__normal_iterator<int *, std::vector<int>>>' is deprecated: use 'std::shuffle' instead [-Wdeprecated-declarations]
            std::random_shuffle(std::begin(connectedClientsVector), std::end(connectedClientsVector));
                 ^
/usr/bin/../lib/gcc/x86_64-linux-gnu/12/../../../../include/c++/12/bits/stl_algo.h:4539:5: note: 'random_shuffle<__gnu_cxx::__normal_iterator<int *, std::vector<int>>>' has been explicitly marked deprecated here
    _GLIBCXX14_DEPRECATED_SUGGEST("std::shuffle")
    ^
/usr/bin/../lib/gcc/x86_64-linux-gnu/12/../../../../include/x86_64-linux-gnu/c++/12/bits/c++config.h:112:45: note: expanded from macro '_GLIBCXX14_DEPRECATED_SUGGEST'
# define _GLIBCXX14_DEPRECATED_SUGGEST(ALT) _GLIBCXX_DEPRECATED_SUGGEST(ALT)
                                            ^
/usr/bin/../lib/gcc/x86_64-linux-gnu/12/../../../../include/x86_64-linux-gnu/c++/12/bits/c++config.h:96:19: note: expanded from macro '_GLIBCXX_DEPRECATED_SUGGEST'
  __attribute__ ((__deprecated__ ("use '" ALT "' instead")))
                  ^
1 warning generated.
flexe/application/FedSETRANDOMRSU11p.cc
flexe/application/FedSETRANDOMRSU11p.cc:222:18: warning: 'random_shuffle<__gnu_cxx::__normal_iterator<int *, std::vector<int>>>' is deprecated: use 'std::shuffle' instead [-Wdeprecated-declarations]
            std::random_shuffle(std::begin(connectedClientsVector), std::end(connectedClientsVector));
                 ^
/usr/bin/../lib/gcc/x86_64-linux-gnu/12/../../../../include/c++/12/bits/stl_algo.h:4539:5: note: 'random_shuffle<__gnu_cxx::__normal_iterator<int *, std::vector<int>>>' has been explicitly marked deprecated here
    _GLIBCXX14_DEPRECATED_SUGGEST("std::shuffle")
    ^
/usr/bin/../lib/gcc/x86_64-linux-gnu/12/../../../../include/x86_64-linux-gnu/c++/12/bits/c++config.h:112:45: note: expanded from macro '_GLIBCXX14_DEPRECATED_SUGGEST'
# define _GLIBCXX14_DEPRECATED_SUGGEST(ALT) _GLIBCXX_DEPRECATED_SUGGEST(ALT)
                                            ^
/usr/bin/../lib/gcc/x86_64-linux-gnu/12/../../../../include/x86_64-linux-gnu/c++/12/bits/c++config.h:96:19: note: expanded from macro '_GLIBCXX_DEPRECATED_SUGGEST'
  __attribute__ ((__deprecated__ ("use '" ALT "' instead")))
                  ^
1 warning generated.
flexe/application/MLApp.cc
flexe/application/MLEntropyApp.cc
flexe/proto/flexe.grpc.pb.cc
flexe/proto/flexe.pb.cc
Creating shared library: ../out/clang-release/src/libflexe.so
echo /home/flexe/Flexe
/home/flexe/Flexe
/home/flexe/.conan/data/protobuf/3.17.1/_/_/package/53f76f058631e1c3a500008c75af3f37d7786131/bin/protoc --proto_path /home/flexe/Flexe /home/flexe/Flexe/flexe.proto --cpp_out /home/flexe/Flexe/src/flexe/proto/ 
/home/flexe/.conan/data/protobuf/3.17.1/_/_/package/53f76f058631e1c3a500008c75af3f37d7786131/bin/protoc --proto_path /home/flexe/Flexe --grpc_out=/home/flexe/Flexe/src/flexe/proto/ --plugin=protoc-gen-grpc=/home/flexe/.conan/data/grpc/1.38.1/_/_/package/44ecaec4536223f790dd5e0a72b2d16b1dfaa76c/bin/grpc_cpp_plugin /home/flexe/Flexe/flexe.proto
make[1]: Leaving directory '/home/flexe/Flexe/src'
00:09:37 **** Incremental Build of configuration gcc-release for project veins ****
make MODE=release -j8 all 
make[1]: Entering directory '/home/flexe/veins-veins-5.2/src'
make[1]: Nothing to be done for 'all'.
make[1]: Leaving directory '/home/flexe/veins-veins-5.2/src'
00:09:37 **** Incremental Build of configuration release for project flexe ****
make MODE=release all 
cd src && make
make[1]: Entering directory '/home/flexe/Flexe/src'
flexe/application/FedLimRSU11p.cc
flexe/application/FedLimRSU11p.cc:225:18: warning: 'random_shuffle<__gnu_cxx::__normal_iterator<int *, std::vector<int>>>' is deprecated: use 'std::shuffle' instead [-Wdeprecated-declarations]
            std::random_shuffle(std::begin(connectedClientsVector), std::end(connectedClientsVector));
                 ^
/usr/bin/../lib/gcc/x86_64-linux-gnu/12/../../../../include/c++/12/bits/stl_algo.h:4539:5: note: 'random_shuffle<__gnu_cxx::__normal_iterator<int *, std::vector<int>>>' has been explicitly marked deprecated here
    _GLIBCXX14_DEPRECATED_SUGGEST("std::shuffle")
    ^
/usr/bin/../lib/gcc/x86_64-linux-gnu/12/../../../../include/x86_64-linux-gnu/c++/12/bits/c++config.h:112:45: note: expanded from macro '_GLIBCXX14_DEPRECATED_SUGGEST'
# define _GLIBCXX14_DEPRECATED_SUGGEST(ALT) _GLIBCXX_DEPRECATED_SUGGEST(ALT)
                                            ^
/usr/bin/../lib/gcc/x86_64-linux-gnu/12/../../../../include/x86_64-linux-gnu/c++/12/bits/c++config.h:96:19: note: expanded from macro '_GLIBCXX_DEPRECATED_SUGGEST'
  __attribute__ ((__deprecated__ ("use '" ALT "' instead")))
                  ^
1 warning generated.
flexe/application/FedSETRANDOMRSU11p.cc
flexe/application/FedSETRANDOMRSU11p.cc:222:18: warning: 'random_shuffle<__gnu_cxx::__normal_iterator<int *, std::vector<int>>>' is deprecated: use 'std::shuffle' instead [-Wdeprecated-declarations]
            std::random_shuffle(std::begin(connectedClientsVector), std::end(connectedClientsVector));
                 ^
/usr/bin/../lib/gcc/x86_64-linux-gnu/12/../../../../include/c++/12/bits/stl_algo.h:4539:5: note: 'random_shuffle<__gnu_cxx::__normal_iterator<int *, std::vector<int>>>' has been explicitly marked deprecated here
    _GLIBCXX14_DEPRECATED_SUGGEST("std::shuffle")
    ^
/usr/bin/../lib/gcc/x86_64-linux-gnu/12/../../../../include/x86_64-linux-gnu/c++/12/bits/c++config.h:112:45: note: expanded from macro '_GLIBCXX14_DEPRECATED_SUGGEST'
# define _GLIBCXX14_DEPRECATED_SUGGEST(ALT) _GLIBCXX_DEPRECATED_SUGGEST(ALT)
                                            ^
/usr/bin/../lib/gcc/x86_64-linux-gnu/12/../../../../include/x86_64-linux-gnu/c++/12/bits/c++config.h:96:19: note: expanded from macro '_GLIBCXX_DEPRECATED_SUGGEST'
  __attribute__ ((__deprecated__ ("use '" ALT "' instead")))
                  ^
1 warning generated.
flexe/application/MLApp.cc
flexe/application/MLEntropyApp.cc
flexe/proto/flexe.grpc.pb.cc
flexe/proto/flexe.pb.cc
Creating shared library: ../out/clang-release/src/libflexe.so
echo /home/flexe/Flexe
/home/flexe/Flexe
/home/flexe/.conan/data/protobuf/3.17.1/_/_/package/53f76f058631e1c3a500008c75af3f37d7786131/bin/protoc --proto_path /home/flexe/Flexe /home/flexe/Flexe/flexe.proto --cpp_out /home/flexe/Flexe/src/flexe/proto/ 
/home/flexe/.conan/data/protobuf/3.17.1/_/_/package/53f76f058631e1c3a500008c75af3f37d7786131/bin/protoc --proto_path /home/flexe/Flexe --grpc_out=/home/flexe/Flexe/src/flexe/proto/ --plugin=protoc-gen-grpc=/home/flexe/.conan/data/grpc/1.38.1/_/_/package/44ecaec4536223f790dd5e0a72b2d16b1dfaa76c/bin/grpc_cpp_plugin /home/flexe/Flexe/flexe.proto
make[1]: Leaving directory '/home/flexe/Flexe/src'
00:09:59 **** Incremental Build of configuration gcc-release for project veins ****
make MODE=release -j8 all 
make[1]: Entering directory '/home/flexe/veins-veins-5.2/src'
make[1]: Nothing to be done for 'all'.
make[1]: Leaving directory '/home/flexe/veins-veins-5.2/src'
00:09:59 **** Incremental Build of configuration release for project flexe ****
make MODE=release all 
cd src && make
make[1]: Entering directory '/home/flexe/Flexe/src'
flexe/application/FedLimRSU11p.cc
flexe/application/FedLimRSU11p.cc:225:18: warning: 'random_shuffle<__gnu_cxx::__normal_iterator<int *, std::vector<int>>>' is deprecated: use 'std::shuffle' instead [-Wdeprecated-declarations]
            std::random_shuffle(std::begin(connectedClientsVector), std::end(connectedClientsVector));
                 ^
/usr/bin/../lib/gcc/x86_64-linux-gnu/12/../../../../include/c++/12/bits/stl_algo.h:4539:5: note: 'random_shuffle<__gnu_cxx::__normal_iterator<int *, std::vector<int>>>' has been explicitly marked deprecated here
    _GLIBCXX14_DEPRECATED_SUGGEST("std::shuffle")
    ^
/usr/bin/../lib/gcc/x86_64-linux-gnu/12/../../../../include/x86_64-linux-gnu/c++/12/bits/c++config.h:112:45: note: expanded from macro '_GLIBCXX14_DEPRECATED_SUGGEST'
# define _GLIBCXX14_DEPRECATED_SUGGEST(ALT) _GLIBCXX_DEPRECATED_SUGGEST(ALT)
                                            ^
/usr/bin/../lib/gcc/x86_64-linux-gnu/12/../../../../include/x86_64-linux-gnu/c++/12/bits/c++config.h:96:19: note: expanded from macro '_GLIBCXX_DEPRECATED_SUGGEST'
  __attribute__ ((__deprecated__ ("use '" ALT "' instead")))
                  ^
1 warning generated.
flexe/application/FedSETRANDOMRSU11p.cc
flexe/application/FedSETRANDOMRSU11p.cc:222:18: warning: 'random_shuffle<__gnu_cxx::__normal_iterator<int *, std::vector<int>>>' is deprecated: use 'std::shuffle' instead [-Wdeprecated-declarations]
            std::random_shuffle(std::begin(connectedClientsVector), std::end(connectedClientsVector));
                 ^
/usr/bin/../lib/gcc/x86_64-linux-gnu/12/../../../../include/c++/12/bits/stl_algo.h:4539:5: note: 'random_shuffle<__gnu_cxx::__normal_iterator<int *, std::vector<int>>>' has been explicitly marked deprecated here
    _GLIBCXX14_DEPRECATED_SUGGEST("std::shuffle")
    ^
/usr/bin/../lib/gcc/x86_64-linux-gnu/12/../../../../include/x86_64-linux-gnu/c++/12/bits/c++config.h:112:45: note: expanded from macro '_GLIBCXX14_DEPRECATED_SUGGEST'
# define _GLIBCXX14_DEPRECATED_SUGGEST(ALT) _GLIBCXX_DEPRECATED_SUGGEST(ALT)
                                            ^
/usr/bin/../lib/gcc/x86_64-linux-gnu/12/../../../../include/x86_64-linux-gnu/c++/12/bits/c++config.h:96:19: note: expanded from macro '_GLIBCXX_DEPRECATED_SUGGEST'
  __attribute__ ((__deprecated__ ("use '" ALT "' instead")))
                  ^
1 warning generated.
flexe/application/MLApp.cc
flexe/application/MLEntropyApp.cc
flexe/proto/flexe.grpc.pb.cc
flexe/proto/flexe.pb.cc
Creating shared library: ../out/clang-release/src/libflexe.so
echo /home/flexe/Flexe
/home/flexe/Flexe
/home/flexe/.conan/data/protobuf/3.17.1/_/_/package/53f76f058631e1c3a500008c75af3f37d7786131/bin/protoc --proto_path /home/flexe/Flexe /home/flexe/Flexe/flexe.proto --cpp_out /home/flexe/Flexe/src/flexe/proto/ 
/home/flexe/.conan/data/protobuf/3.17.1/_/_/package/53f76f058631e1c3a500008c75af3f37d7786131/bin/protoc --proto_path /home/flexe/Flexe --grpc_out=/home/flexe/Flexe/src/flexe/proto/ --plugin=protoc-gen-grpc=/home/flexe/.conan/data/grpc/1.38.1/_/_/package/44ecaec4536223f790dd5e0a72b2d16b1dfaa76c/bin/grpc_cpp_plugin /home/flexe/Flexe/flexe.proto
make[1]: Leaving directory '/home/flexe/Flexe/src'
00:42:33 **** Incremental Build of configuration gcc-release for project veins ****
make MODE=release -j8 all 
make[1]: Entering directory '/home/flexe/veins-veins-5.2/src'
make[1]: Nothing to be done for 'all'.
make[1]: Leaving directory '/home/flexe/veins-veins-5.2/src'
00:42:33 **** Incremental Build of configuration release for project flexe ****
make MODE=release all 
cd src && make
make[1]: Entering directory '/home/flexe/Flexe/src'
flexe/application/FedLimRSU11p.cc
flexe/application/FedLimRSU11p.cc:225:18: warning: 'random_shuffle<__gnu_cxx::__normal_iterator<int *, std::vector<int>>>' is deprecated: use 'std::shuffle' instead [-Wdeprecated-declarations]
            std::random_shuffle(std::begin(connectedClientsVector), std::end(connectedClientsVector));
                 ^
/usr/bin/../lib/gcc/x86_64-linux-gnu/12/../../../../include/c++/12/bits/stl_algo.h:4539:5: note: 'random_shuffle<__gnu_cxx::__normal_iterator<int *, std::vector<int>>>' has been explicitly marked deprecated here
    _GLIBCXX14_DEPRECATED_SUGGEST("std::shuffle")
    ^
/usr/bin/../lib/gcc/x86_64-linux-gnu/12/../../../../include/x86_64-linux-gnu/c++/12/bits/c++config.h:112:45: note: expanded from macro '_GLIBCXX14_DEPRECATED_SUGGEST'
# define _GLIBCXX14_DEPRECATED_SUGGEST(ALT) _GLIBCXX_DEPRECATED_SUGGEST(ALT)
                                            ^
/usr/bin/../lib/gcc/x86_64-linux-gnu/12/../../../../include/x86_64-linux-gnu/c++/12/bits/c++config.h:96:19: note: expanded from macro '_GLIBCXX_DEPRECATED_SUGGEST'
  __attribute__ ((__deprecated__ ("use '" ALT "' instead")))
                  ^
1 warning generated.
flexe/application/FedSETRANDOMRSU11p.cc
flexe/application/FedSETRANDOMRSU11p.cc:222:18: warning: 'random_shuffle<__gnu_cxx::__normal_iterator<int *, std::vector<int>>>' is deprecated: use 'std::shuffle' instead [-Wdeprecated-declarations]
            std::random_shuffle(std::begin(connectedClientsVector), std::end(connectedClientsVector));
                 ^
/usr/bin/../lib/gcc/x86_64-linux-gnu/12/../../../../include/c++/12/bits/stl_algo.h:4539:5: note: 'random_shuffle<__gnu_cxx::__normal_iterator<int *, std::vector<int>>>' has been explicitly marked deprecated here
    _GLIBCXX14_DEPRECATED_SUGGEST("std::shuffle")
    ^
/usr/bin/../lib/gcc/x86_64-linux-gnu/12/../../../../include/x86_64-linux-gnu/c++/12/bits/c++config.h:112:45: note: expanded from macro '_GLIBCXX14_DEPRECATED_SUGGEST'
# define _GLIBCXX14_DEPRECATED_SUGGEST(ALT) _GLIBCXX_DEPRECATED_SUGGEST(ALT)
                                            ^
/usr/bin/../lib/gcc/x86_64-linux-gnu/12/../../../../include/x86_64-linux-gnu/c++/12/bits/c++config.h:96:19: note: expanded from macro '_GLIBCXX_DEPRECATED_SUGGEST'
  __attribute__ ((__deprecated__ ("use '" ALT "' instead")))
                  ^
1 warning generated.
flexe/application/MLApp.cc
flexe/application/MLEntropyApp.cc
flexe/proto/flexe.grpc.pb.cc
flexe/proto/flexe.pb.cc
Creating shared library: ../out/clang-release/src/libflexe.so
echo /home/flexe/Flexe
/home/flexe/Flexe
/home/flexe/.conan/data/protobuf/3.17.1/_/_/package/53f76f058631e1c3a500008c75af3f37d7786131/bin/protoc --proto_path /home/flexe/Flexe /home/flexe/Flexe/flexe.proto --cpp_out /home/flexe/Flexe/src/flexe/proto/ 
/home/flexe/.conan/data/protobuf/3.17.1/_/_/package/53f76f058631e1c3a500008c75af3f37d7786131/bin/protoc --proto_path /home/flexe/Flexe --grpc_out=/home/flexe/Flexe/src/flexe/proto/ --plugin=protoc-gen-grpc=/home/flexe/.conan/data/grpc/1.38.1/_/_/package/44ecaec4536223f790dd5e0a72b2d16b1dfaa76c/bin/grpc_cpp_plugin /home/flexe/Flexe/flexe.proto
make[1]: Leaving directory '/home/flexe/Flexe/src'
00:44:27 **** Incremental Build of configuration gcc-release for project veins ****
make MODE=release -j8 all 
make[1]: Entering directory '/home/flexe/veins-veins-5.2/src'
make[1]: Nothing to be done for 'all'.
make[1]: Leaving directory '/home/flexe/veins-veins-5.2/src'
00:44:27 **** Incremental Build of configuration release for project flexe ****
make MODE=release all 
cd src && make
make[1]: Entering directory '/home/flexe/Flexe/src'
flexe/application/FedLimRSU11p.cc
flexe/application/FedLimRSU11p.cc:225:18: warning: 'random_shuffle<__gnu_cxx::__normal_iterator<int *, std::vector<int>>>' is deprecated: use 'std::shuffle' instead [-Wdeprecated-declarations]
            std::random_shuffle(std::begin(connectedClientsVector), std::end(connectedClientsVector));
                 ^
/usr/bin/../lib/gcc/x86_64-linux-gnu/12/../../../../include/c++/12/bits/stl_algo.h:4539:5: note: 'random_shuffle<__gnu_cxx::__normal_iterator<int *, std::vector<int>>>' has been explicitly marked deprecated here
    _GLIBCXX14_DEPRECATED_SUGGEST("std::shuffle")
    ^
/usr/bin/../lib/gcc/x86_64-linux-gnu/12/../../../../include/x86_64-linux-gnu/c++/12/bits/c++config.h:112:45: note: expanded from macro '_GLIBCXX14_DEPRECATED_SUGGEST'
# define _GLIBCXX14_DEPRECATED_SUGGEST(ALT) _GLIBCXX_DEPRECATED_SUGGEST(ALT)
                                            ^
/usr/bin/../lib/gcc/x86_64-linux-gnu/12/../../../../include/x86_64-linux-gnu/c++/12/bits/c++config.h:96:19: note: expanded from macro '_GLIBCXX_DEPRECATED_SUGGEST'
  __attribute__ ((__deprecated__ ("use '" ALT "' instead")))
                  ^
1 warning generated.
flexe/application/FedSETRANDOMRSU11p.cc
flexe/application/FedSETRANDOMRSU11p.cc:222:18: warning: 'random_shuffle<__gnu_cxx::__normal_iterator<int *, std::vector<int>>>' is deprecated: use 'std::shuffle' instead [-Wdeprecated-declarations]
            std::random_shuffle(std::begin(connectedClientsVector), std::end(connectedClientsVector));
                 ^
/usr/bin/../lib/gcc/x86_64-linux-gnu/12/../../../../include/c++/12/bits/stl_algo.h:4539:5: note: 'random_shuffle<__gnu_cxx::__normal_iterator<int *, std::vector<int>>>' has been explicitly marked deprecated here
    _GLIBCXX14_DEPRECATED_SUGGEST("std::shuffle")
    ^
/usr/bin/../lib/gcc/x86_64-linux-gnu/12/../../../../include/x86_64-linux-gnu/c++/12/bits/c++config.h:112:45: note: expanded from macro '_GLIBCXX14_DEPRECATED_SUGGEST'
# define _GLIBCXX14_DEPRECATED_SUGGEST(ALT) _GLIBCXX_DEPRECATED_SUGGEST(ALT)
                                            ^
/usr/bin/../lib/gcc/x86_64-linux-gnu/12/../../../../include/x86_64-linux-gnu/c++/12/bits/c++config.h:96:19: note: expanded from macro '_GLIBCXX_DEPRECATED_SUGGEST'
  __attribute__ ((__deprecated__ ("use '" ALT "' instead")))
                  ^
1 warning generated.
flexe/application/MLApp.cc
flexe/application/MLEntropyApp.cc
flexe/proto/flexe.grpc.pb.cc
flexe/proto/flexe.pb.cc
Creating shared library: ../out/clang-release/src/libflexe.so
echo /home/flexe/Flexe
/home/flexe/Flexe
/home/flexe/.conan/data/protobuf/3.17.1/_/_/package/53f76f058631e1c3a500008c75af3f37d7786131/bin/protoc --proto_path /home/flexe/Flexe /home/flexe/Flexe/flexe.proto --cpp_out /home/flexe/Flexe/src/flexe/proto/ 
/home/flexe/.conan/data/protobuf/3.17.1/_/_/package/53f76f058631e1c3a500008c75af3f37d7786131/bin/protoc --proto_path /home/flexe/Flexe --grpc_out=/home/flexe/Flexe/src/flexe/proto/ --plugin=protoc-gen-grpc=/home/flexe/.conan/data/grpc/1.38.1/_/_/package/44ecaec4536223f790dd5e0a72b2d16b1dfaa76c/bin/grpc_cpp_plugin /home/flexe/Flexe/flexe.proto
make[1]: Leaving directory '/home/flexe/Flexe/src'
10:57:16 **** Incremental Build of configuration gcc-release for project veins ****
make MODE=release -j8 all 
make[1]: Entering directory '/home/flexe/veins-veins-5.2/src'
make[1]: Nothing to be done for 'all'.
make[1]: Leaving directory '/home/flexe/veins-veins-5.2/src'
10:57:17 **** Incremental Build of configuration release for project flexe ****
make MODE=release all 
cd src && make
make[1]: Entering directory '/home/flexe/Flexe/src'
flexe/application/FedLimRSU11p.cc
flexe/application/FedLimRSU11p.cc:225:18: warning: 'random_shuffle<__gnu_cxx::__normal_iterator<int *, std::vector<int>>>' is deprecated: use 'std::shuffle' instead [-Wdeprecated-declarations]
            std::random_shuffle(std::begin(connectedClientsVector), std::end(connectedClientsVector));
                 ^
/usr/bin/../lib/gcc/x86_64-linux-gnu/12/../../../../include/c++/12/bits/stl_algo.h:4539:5: note: 'random_shuffle<__gnu_cxx::__normal_iterator<int *, std::vector<int>>>' has been explicitly marked deprecated here
    _GLIBCXX14_DEPRECATED_SUGGEST("std::shuffle")
    ^
/usr/bin/../lib/gcc/x86_64-linux-gnu/12/../../../../include/x86_64-linux-gnu/c++/12/bits/c++config.h:112:45: note: expanded from macro '_GLIBCXX14_DEPRECATED_SUGGEST'
# define _GLIBCXX14_DEPRECATED_SUGGEST(ALT) _GLIBCXX_DEPRECATED_SUGGEST(ALT)
                                            ^
/usr/bin/../lib/gcc/x86_64-linux-gnu/12/../../../../include/x86_64-linux-gnu/c++/12/bits/c++config.h:96:19: note: expanded from macro '_GLIBCXX_DEPRECATED_SUGGEST'
  __attribute__ ((__deprecated__ ("use '" ALT "' instead")))
                  ^
1 warning generated.
flexe/application/FedSETRANDOMRSU11p.cc
flexe/application/FedSETRANDOMRSU11p.cc:222:18: warning: 'random_shuffle<__gnu_cxx::__normal_iterator<int *, std::vector<int>>>' is deprecated: use 'std::shuffle' instead [-Wdeprecated-declarations]
            std::random_shuffle(std::begin(connectedClientsVector), std::end(connectedClientsVector));
                 ^
/usr/bin/../lib/gcc/x86_64-linux-gnu/12/../../../../include/c++/12/bits/stl_algo.h:4539:5: note: 'random_shuffle<__gnu_cxx::__normal_iterator<int *, std::vector<int>>>' has been explicitly marked deprecated here
    _GLIBCXX14_DEPRECATED_SUGGEST("std::shuffle")
    ^
/usr/bin/../lib/gcc/x86_64-linux-gnu/12/../../../../include/x86_64-linux-gnu/c++/12/bits/c++config.h:112:45: note: expanded from macro '_GLIBCXX14_DEPRECATED_SUGGEST'
# define _GLIBCXX14_DEPRECATED_SUGGEST(ALT) _GLIBCXX_DEPRECATED_SUGGEST(ALT)
                                            ^
/usr/bin/../lib/gcc/x86_64-linux-gnu/12/../../../../include/x86_64-linux-gnu/c++/12/bits/c++config.h:96:19: note: expanded from macro '_GLIBCXX_DEPRECATED_SUGGEST'
  __attribute__ ((__deprecated__ ("use '" ALT "' instead")))
                  ^
1 warning generated.
flexe/application/MLApp.cc
flexe/application/MLEntropyApp.cc
flexe/proto/flexe.grpc.pb.cc
flexe/proto/flexe.pb.cc
Creating shared library: ../out/clang-release/src/libflexe.so
echo /home/flexe/Flexe
/home/flexe/Flexe
/home/flexe/.conan/data/protobuf/3.17.1/_/_/package/53f76f058631e1c3a500008c75af3f37d7786131/bin/protoc --proto_path /home/flexe/Flexe /home/flexe/Flexe/flexe.proto --cpp_out /home/flexe/Flexe/src/flexe/proto/ 
/home/flexe/.conan/data/protobuf/3.17.1/_/_/package/53f76f058631e1c3a500008c75af3f37d7786131/bin/protoc --proto_path /home/flexe/Flexe --grpc_out=/home/flexe/Flexe/src/flexe/proto/ --plugin=protoc-gen-grpc=/home/flexe/.conan/data/grpc/1.38.1/_/_/package/44ecaec4536223f790dd5e0a72b2d16b1dfaa76c/bin/grpc_cpp_plugin /home/flexe/Flexe/flexe.proto
make[1]: Leaving directory '/home/flexe/Flexe/src'
10:57:38 **** Incremental Build of configuration gcc-release for project veins ****
make MODE=release -j8 all 
make[1]: Entering directory '/home/flexe/veins-veins-5.2/src'
make[1]: Nothing to be done for 'all'.
make[1]: Leaving directory '/home/flexe/veins-veins-5.2/src'
10:57:39 **** Incremental Build of configuration release for project flexe ****
make MODE=release all 
cd src && make
make[1]: Entering directory '/home/flexe/Flexe/src'
flexe/application/FedLimRSU11p.cc
flexe/application/FedLimRSU11p.cc:225:18: warning: 'random_shuffle<__gnu_cxx::__normal_iterator<int *, std::vector<int>>>' is deprecated: use 'std::shuffle' instead [-Wdeprecated-declarations]
            std::random_shuffle(std::begin(connectedClientsVector), std::end(connectedClientsVector));
                 ^
/usr/bin/../lib/gcc/x86_64-linux-gnu/12/../../../../include/c++/12/bits/stl_algo.h:4539:5: note: 'random_shuffle<__gnu_cxx::__normal_iterator<int *, std::vector<int>>>' has been explicitly marked deprecated here
    _GLIBCXX14_DEPRECATED_SUGGEST("std::shuffle")
    ^
/usr/bin/../lib/gcc/x86_64-linux-gnu/12/../../../../include/x86_64-linux-gnu/c++/12/bits/c++config.h:112:45: note: expanded from macro '_GLIBCXX14_DEPRECATED_SUGGEST'
# define _GLIBCXX14_DEPRECATED_SUGGEST(ALT) _GLIBCXX_DEPRECATED_SUGGEST(ALT)
                                            ^
/usr/bin/../lib/gcc/x86_64-linux-gnu/12/../../../../include/x86_64-linux-gnu/c++/12/bits/c++config.h:96:19: note: expanded from macro '_GLIBCXX_DEPRECATED_SUGGEST'
  __attribute__ ((__deprecated__ ("use '" ALT "' instead")))
                  ^
1 warning generated.
flexe/application/FedSETRANDOMRSU11p.cc
flexe/application/FedSETRANDOMRSU11p.cc:222:18: warning: 'random_shuffle<__gnu_cxx::__normal_iterator<int *, std::vector<int>>>' is deprecated: use 'std::shuffle' instead [-Wdeprecated-declarations]
            std::random_shuffle(std::begin(connectedClientsVector), std::end(connectedClientsVector));
                 ^
/usr/bin/../lib/gcc/x86_64-linux-gnu/12/../../../../include/c++/12/bits/stl_algo.h:4539:5: note: 'random_shuffle<__gnu_cxx::__normal_iterator<int *, std::vector<int>>>' has been explicitly marked deprecated here
    _GLIBCXX14_DEPRECATED_SUGGEST("std::shuffle")
    ^
/usr/bin/../lib/gcc/x86_64-linux-gnu/12/../../../../include/x86_64-linux-gnu/c++/12/bits/c++config.h:112:45: note: expanded from macro '_GLIBCXX14_DEPRECATED_SUGGEST'
# define _GLIBCXX14_DEPRECATED_SUGGEST(ALT) _GLIBCXX_DEPRECATED_SUGGEST(ALT)
                                            ^
/usr/bin/../lib/gcc/x86_64-linux-gnu/12/../../../../include/x86_64-linux-gnu/c++/12/bits/c++config.h:96:19: note: expanded from macro '_GLIBCXX_DEPRECATED_SUGGEST'
  __attribute__ ((__deprecated__ ("use '" ALT "' instead")))
                  ^
1 warning generated.
flexe/application/MLApp.cc
flexe/application/MLEntropyApp.cc
flexe/proto/flexe.grpc.pb.cc
flexe/proto/flexe.pb.cc
Creating shared library: ../out/clang-release/src/libflexe.so
echo /home/flexe/Flexe
/home/flexe/Flexe
/home/flexe/.conan/data/protobuf/3.17.1/_/_/package/53f76f058631e1c3a500008c75af3f37d7786131/bin/protoc --proto_path /home/flexe/Flexe /home/flexe/Flexe/flexe.proto --cpp_out /home/flexe/Flexe/src/flexe/proto/ 
/home/flexe/.conan/data/protobuf/3.17.1/_/_/package/53f76f058631e1c3a500008c75af3f37d7786131/bin/protoc --proto_path /home/flexe/Flexe --grpc_out=/home/flexe/Flexe/src/flexe/proto/ --plugin=protoc-gen-grpc=/home/flexe/.conan/data/grpc/1.38.1/_/_/package/44ecaec4536223f790dd5e0a72b2d16b1dfaa76c/bin/grpc_cpp_plugin /home/flexe/Flexe/flexe.proto
make[1]: Leaving directory '/home/flexe/Flexe/src'
10:57:54 **** Incremental Build of configuration gcc-release for project veins ****
make MODE=release -j8 all 
make[1]: Entering directory '/home/flexe/veins-veins-5.2/src'
make[1]: Nothing to be done for 'all'.
make[1]: Leaving directory '/home/flexe/veins-veins-5.2/src'
10:57:54 **** Incremental Build of configuration release for project flexe ****
make MODE=release all 
cd src && make
make[1]: Entering directory '/home/flexe/Flexe/src'
flexe/application/FedLimRSU11p.cc
flexe/application/FedLimRSU11p.cc:225:18: warning: 'random_shuffle<__gnu_cxx::__normal_iterator<int *, std::vector<int>>>' is deprecated: use 'std::shuffle' instead [-Wdeprecated-declarations]
            std::random_shuffle(std::begin(connectedClientsVector), std::end(connectedClientsVector));
                 ^
/usr/bin/../lib/gcc/x86_64-linux-gnu/12/../../../../include/c++/12/bits/stl_algo.h:4539:5: note: 'random_shuffle<__gnu_cxx::__normal_iterator<int *, std::vector<int>>>' has been explicitly marked deprecated here
    _GLIBCXX14_DEPRECATED_SUGGEST("std::shuffle")
    ^
/usr/bin/../lib/gcc/x86_64-linux-gnu/12/../../../../include/x86_64-linux-gnu/c++/12/bits/c++config.h:112:45: note: expanded from macro '_GLIBCXX14_DEPRECATED_SUGGEST'
# define _GLIBCXX14_DEPRECATED_SUGGEST(ALT) _GLIBCXX_DEPRECATED_SUGGEST(ALT)
                                            ^
/usr/bin/../lib/gcc/x86_64-linux-gnu/12/../../../../include/x86_64-linux-gnu/c++/12/bits/c++config.h:96:19: note: expanded from macro '_GLIBCXX_DEPRECATED_SUGGEST'
  __attribute__ ((__deprecated__ ("use '" ALT "' instead")))
                  ^
1 warning generated.
flexe/application/FedSETRANDOMRSU11p.cc
flexe/application/FedSETRANDOMRSU11p.cc:222:18: warning: 'random_shuffle<__gnu_cxx::__normal_iterator<int *, std::vector<int>>>' is deprecated: use 'std::shuffle' instead [-Wdeprecated-declarations]
            std::random_shuffle(std::begin(connectedClientsVector), std::end(connectedClientsVector));
                 ^
/usr/bin/../lib/gcc/x86_64-linux-gnu/12/../../../../include/c++/12/bits/stl_algo.h:4539:5: note: 'random_shuffle<__gnu_cxx::__normal_iterator<int *, std::vector<int>>>' has been explicitly marked deprecated here
    _GLIBCXX14_DEPRECATED_SUGGEST("std::shuffle")
    ^
/usr/bin/../lib/gcc/x86_64-linux-gnu/12/../../../../include/x86_64-linux-gnu/c++/12/bits/c++config.h:112:45: note: expanded from macro '_GLIBCXX14_DEPRECATED_SUGGEST'
# define _GLIBCXX14_DEPRECATED_SUGGEST(ALT) _GLIBCXX_DEPRECATED_SUGGEST(ALT)
                                            ^
/usr/bin/../lib/gcc/x86_64-linux-gnu/12/../../../../include/x86_64-linux-gnu/c++/12/bits/c++config.h:96:19: note: expanded from macro '_GLIBCXX_DEPRECATED_SUGGEST'
  __attribute__ ((__deprecated__ ("use '" ALT "' instead")))
                  ^
1 warning generated.
flexe/application/MLApp.cc
flexe/application/MLEntropyApp.cc
flexe/proto/flexe.grpc.pb.cc
flexe/proto/flexe.pb.cc
Creating shared library: ../out/clang-release/src/libflexe.so
echo /home/flexe/Flexe
/home/flexe/Flexe
/home/flexe/.conan/data/protobuf/3.17.1/_/_/package/53f76f058631e1c3a500008c75af3f37d7786131/bin/protoc --proto_path /home/flexe/Flexe /home/flexe/Flexe/flexe.proto --cpp_out /home/flexe/Flexe/src/flexe/proto/ 
/home/flexe/.conan/data/protobuf/3.17.1/_/_/package/53f76f058631e1c3a500008c75af3f37d7786131/bin/protoc --proto_path /home/flexe/Flexe --grpc_out=/home/flexe/Flexe/src/flexe/proto/ --plugin=protoc-gen-grpc=/home/flexe/.conan/data/grpc/1.38.1/_/_/package/44ecaec4536223f790dd5e0a72b2d16b1dfaa76c/bin/grpc_cpp_plugin /home/flexe/Flexe/flexe.proto
make[1]: Leaving directory '/home/flexe/Flexe/src'
10:59:31 **** Incremental Build of configuration gcc-release for project veins ****
make MODE=release -j8 all 
make[1]: Entering directory '/home/flexe/veins-veins-5.2/src'
make[1]: Nothing to be done for 'all'.
make[1]: Leaving directory '/home/flexe/veins-veins-5.2/src'
10:59:32 **** Incremental Build of configuration release for project flexe ****
make MODE=release all 
cd src && make
make[1]: Entering directory '/home/flexe/Flexe/src'
flexe/application/FedLimRSU11p.cc
flexe/application/FedLimRSU11p.cc:225:18: warning: 'random_shuffle<__gnu_cxx::__normal_iterator<int *, std::vector<int>>>' is deprecated: use 'std::shuffle' instead [-Wdeprecated-declarations]
            std::random_shuffle(std::begin(connectedClientsVector), std::end(connectedClientsVector));
                 ^
/usr/bin/../lib/gcc/x86_64-linux-gnu/12/../../../../include/c++/12/bits/stl_algo.h:4539:5: note: 'random_shuffle<__gnu_cxx::__normal_iterator<int *, std::vector<int>>>' has been explicitly marked deprecated here
    _GLIBCXX14_DEPRECATED_SUGGEST("std::shuffle")
    ^
/usr/bin/../lib/gcc/x86_64-linux-gnu/12/../../../../include/x86_64-linux-gnu/c++/12/bits/c++config.h:112:45: note: expanded from macro '_GLIBCXX14_DEPRECATED_SUGGEST'
# define _GLIBCXX14_DEPRECATED_SUGGEST(ALT) _GLIBCXX_DEPRECATED_SUGGEST(ALT)
                                            ^
/usr/bin/../lib/gcc/x86_64-linux-gnu/12/../../../../include/x86_64-linux-gnu/c++/12/bits/c++config.h:96:19: note: expanded from macro '_GLIBCXX_DEPRECATED_SUGGEST'
  __attribute__ ((__deprecated__ ("use '" ALT "' instead")))
                  ^
1 warning generated.
flexe/application/FedSETRANDOMRSU11p.cc
flexe/application/FedSETRANDOMRSU11p.cc:222:18: warning: 'random_shuffle<__gnu_cxx::__normal_iterator<int *, std::vector<int>>>' is deprecated: use 'std::shuffle' instead [-Wdeprecated-declarations]
            std::random_shuffle(std::begin(connectedClientsVector), std::end(connectedClientsVector));
                 ^
/usr/bin/../lib/gcc/x86_64-linux-gnu/12/../../../../include/c++/12/bits/stl_algo.h:4539:5: note: 'random_shuffle<__gnu_cxx::__normal_iterator<int *, std::vector<int>>>' has been explicitly marked deprecated here
    _GLIBCXX14_DEPRECATED_SUGGEST("std::shuffle")
    ^
/usr/bin/../lib/gcc/x86_64-linux-gnu/12/../../../../include/x86_64-linux-gnu/c++/12/bits/c++config.h:112:45: note: expanded from macro '_GLIBCXX14_DEPRECATED_SUGGEST'
# define _GLIBCXX14_DEPRECATED_SUGGEST(ALT) _GLIBCXX_DEPRECATED_SUGGEST(ALT)
                                            ^
/usr/bin/../lib/gcc/x86_64-linux-gnu/12/../../../../include/x86_64-linux-gnu/c++/12/bits/c++config.h:96:19: note: expanded from macro '_GLIBCXX_DEPRECATED_SUGGEST'
  __attribute__ ((__deprecated__ ("use '" ALT "' instead")))
                  ^
1 warning generated.
flexe/application/MLApp.cc
flexe/application/MLEntropyApp.cc
flexe/proto/flexe.grpc.pb.cc
flexe/proto/flexe.pb.cc
Creating shared library: ../out/clang-release/src/libflexe.so
echo /home/flexe/Flexe
/home/flexe/Flexe
/home/flexe/.conan/data/protobuf/3.17.1/_/_/package/53f76f058631e1c3a500008c75af3f37d7786131/bin/protoc --proto_path /home/flexe/Flexe /home/flexe/Flexe/flexe.proto --cpp_out /home/flexe/Flexe/src/flexe/proto/ 
/home/flexe/.conan/data/protobuf/3.17.1/_/_/package/53f76f058631e1c3a500008c75af3f37d7786131/bin/protoc --proto_path /home/flexe/Flexe --grpc_out=/home/flexe/Flexe/src/flexe/proto/ --plugin=protoc-gen-grpc=/home/flexe/.conan/data/grpc/1.38.1/_/_/package/44ecaec4536223f790dd5e0a72b2d16b1dfaa76c/bin/grpc_cpp_plugin /home/flexe/Flexe/flexe.proto
make[1]: Leaving directory '/home/flexe/Flexe/src'
11:04:58 **** Incremental Build of configuration gcc-release for project veins ****
make MODE=release -j8 all 
make[1]: Entering directory '/home/flexe/veins-veins-5.2/src'
make[1]: Nothing to be done for 'all'.
make[1]: Leaving directory '/home/flexe/veins-veins-5.2/src'
11:04:59 **** Incremental Build of configuration release for project flexe ****
make MODE=release all 
cd src && make
make[1]: Entering directory '/home/flexe/Flexe/src'
flexe/application/FedLimRSU11p.cc
flexe/application/FedLimRSU11p.cc:225:18: warning: 'random_shuffle<__gnu_cxx::__normal_iterator<int *, std::vector<int>>>' is deprecated: use 'std::shuffle' instead [-Wdeprecated-declarations]
            std::random_shuffle(std::begin(connectedClientsVector), std::end(connectedClientsVector));
                 ^
/usr/bin/../lib/gcc/x86_64-linux-gnu/12/../../../../include/c++/12/bits/stl_algo.h:4539:5: note: 'random_shuffle<__gnu_cxx::__normal_iterator<int *, std::vector<int>>>' has been explicitly marked deprecated here
    _GLIBCXX14_DEPRECATED_SUGGEST("std::shuffle")
    ^
/usr/bin/../lib/gcc/x86_64-linux-gnu/12/../../../../include/x86_64-linux-gnu/c++/12/bits/c++config.h:112:45: note: expanded from macro '_GLIBCXX14_DEPRECATED_SUGGEST'
# define _GLIBCXX14_DEPRECATED_SUGGEST(ALT) _GLIBCXX_DEPRECATED_SUGGEST(ALT)
                                            ^
/usr/bin/../lib/gcc/x86_64-linux-gnu/12/../../../../include/x86_64-linux-gnu/c++/12/bits/c++config.h:96:19: note: expanded from macro '_GLIBCXX_DEPRECATED_SUGGEST'
  __attribute__ ((__deprecated__ ("use '" ALT "' instead")))
                  ^
1 warning generated.
flexe/application/FedSETRANDOMRSU11p.cc
flexe/application/FedSETRANDOMRSU11p.cc:222:18: warning: 'random_shuffle<__gnu_cxx::__normal_iterator<int *, std::vector<int>>>' is deprecated: use 'std::shuffle' instead [-Wdeprecated-declarations]
            std::random_shuffle(std::begin(connectedClientsVector), std::end(connectedClientsVector));
                 ^
/usr/bin/../lib/gcc/x86_64-linux-gnu/12/../../../../include/c++/12/bits/stl_algo.h:4539:5: note: 'random_shuffle<__gnu_cxx::__normal_iterator<int *, std::vector<int>>>' has been explicitly marked deprecated here
    _GLIBCXX14_DEPRECATED_SUGGEST("std::shuffle")
    ^
/usr/bin/../lib/gcc/x86_64-linux-gnu/12/../../../../include/x86_64-linux-gnu/c++/12/bits/c++config.h:112:45: note: expanded from macro '_GLIBCXX14_DEPRECATED_SUGGEST'
# define _GLIBCXX14_DEPRECATED_SUGGEST(ALT) _GLIBCXX_DEPRECATED_SUGGEST(ALT)
                                            ^
/usr/bin/../lib/gcc/x86_64-linux-gnu/12/../../../../include/x86_64-linux-gnu/c++/12/bits/c++config.h:96:19: note: expanded from macro '_GLIBCXX_DEPRECATED_SUGGEST'
  __attribute__ ((__deprecated__ ("use '" ALT "' instead")))
                  ^
1 warning generated.
flexe/application/MLApp.cc
flexe/application/MLEntropyApp.cc
flexe/proto/flexe.grpc.pb.cc
flexe/proto/flexe.pb.cc
Creating shared library: ../out/clang-release/src/libflexe.so
echo /home/flexe/Flexe
/home/flexe/Flexe
/home/flexe/.conan/data/protobuf/3.17.1/_/_/package/53f76f058631e1c3a500008c75af3f37d7786131/bin/protoc --proto_path /home/flexe/Flexe /home/flexe/Flexe/flexe.proto --cpp_out /home/flexe/Flexe/src/flexe/proto/ 
/home/flexe/.conan/data/protobuf/3.17.1/_/_/package/53f76f058631e1c3a500008c75af3f37d7786131/bin/protoc --proto_path /home/flexe/Flexe --grpc_out=/home/flexe/Flexe/src/flexe/proto/ --plugin=protoc-gen-grpc=/home/flexe/.conan/data/grpc/1.38.1/_/_/package/44ecaec4536223f790dd5e0a72b2d16b1dfaa76c/bin/grpc_cpp_plugin /home/flexe/Flexe/flexe.proto
make[1]: Leaving directory '/home/flexe/Flexe/src'
22:08:33 **** Incremental Build of configuration gcc-release for project veins ****
make MODE=release -j8 all 
make[1]: Entering directory '/home/flexe/veins-veins-5.2/src'
make[1]: Nothing to be done for 'all'.
make[1]: Leaving directory '/home/flexe/veins-veins-5.2/src'
22:08:35 **** Incremental Build of configuration release for project flexe ****
make MODE=release all 
cd src && make
make[1]: Entering directory '/home/flexe/Flexe/src'
flexe/application/FedLimRSU11p.cc
flexe/application/FedLimRSU11p.cc:225:18: warning: 'random_shuffle<__gnu_cxx::__normal_iterator<int *, std::vector<int>>>' is deprecated: use 'std::shuffle' instead [-Wdeprecated-declarations]
            std::random_shuffle(std::begin(connectedClientsVector), std::end(connectedClientsVector));
                 ^
/usr/bin/../lib/gcc/x86_64-linux-gnu/12/../../../../include/c++/12/bits/stl_algo.h:4539:5: note: 'random_shuffle<__gnu_cxx::__normal_iterator<int *, std::vector<int>>>' has been explicitly marked deprecated here
    _GLIBCXX14_DEPRECATED_SUGGEST("std::shuffle")
    ^
/usr/bin/../lib/gcc/x86_64-linux-gnu/12/../../../../include/x86_64-linux-gnu/c++/12/bits/c++config.h:112:45: note: expanded from macro '_GLIBCXX14_DEPRECATED_SUGGEST'
# define _GLIBCXX14_DEPRECATED_SUGGEST(ALT) _GLIBCXX_DEPRECATED_SUGGEST(ALT)
                                            ^
/usr/bin/../lib/gcc/x86_64-linux-gnu/12/../../../../include/x86_64-linux-gnu/c++/12/bits/c++config.h:96:19: note: expanded from macro '_GLIBCXX_DEPRECATED_SUGGEST'
  __attribute__ ((__deprecated__ ("use '" ALT "' instead")))
                  ^
1 warning generated.
flexe/application/FedSETRANDOMRSU11p.cc
flexe/application/FedSETRANDOMRSU11p.cc:222:18: warning: 'random_shuffle<__gnu_cxx::__normal_iterator<int *, std::vector<int>>>' is deprecated: use 'std::shuffle' instead [-Wdeprecated-declarations]
            std::random_shuffle(std::begin(connectedClientsVector), std::end(connectedClientsVector));
                 ^
/usr/bin/../lib/gcc/x86_64-linux-gnu/12/../../../../include/c++/12/bits/stl_algo.h:4539:5: note: 'random_shuffle<__gnu_cxx::__normal_iterator<int *, std::vector<int>>>' has been explicitly marked deprecated here
    _GLIBCXX14_DEPRECATED_SUGGEST("std::shuffle")
    ^
/usr/bin/../lib/gcc/x86_64-linux-gnu/12/../../../../include/x86_64-linux-gnu/c++/12/bits/c++config.h:112:45: note: expanded from macro '_GLIBCXX14_DEPRECATED_SUGGEST'
# define _GLIBCXX14_DEPRECATED_SUGGEST(ALT) _GLIBCXX_DEPRECATED_SUGGEST(ALT)
                                            ^
/usr/bin/../lib/gcc/x86_64-linux-gnu/12/../../../../include/x86_64-linux-gnu/c++/12/bits/c++config.h:96:19: note: expanded from macro '_GLIBCXX_DEPRECATED_SUGGEST'
  __attribute__ ((__deprecated__ ("use '" ALT "' instead")))
                  ^
1 warning generated.
flexe/application/MLApp.cc
flexe/application/MLEntropyApp.cc
flexe/proto/flexe.grpc.pb.cc
flexe/proto/flexe.pb.cc
Creating shared library: ../out/clang-release/src/libflexe.so
echo /home/flexe/Flexe
/home/flexe/Flexe
/home/flexe/.conan/data/protobuf/3.17.1/_/_/package/53f76f058631e1c3a500008c75af3f37d7786131/bin/protoc --proto_path /home/flexe/Flexe /home/flexe/Flexe/flexe.proto --cpp_out /home/flexe/Flexe/src/flexe/proto/ 
/home/flexe/.conan/data/protobuf/3.17.1/_/_/package/53f76f058631e1c3a500008c75af3f37d7786131/bin/protoc --proto_path /home/flexe/Flexe --grpc_out=/home/flexe/Flexe/src/flexe/proto/ --plugin=protoc-gen-grpc=/home/flexe/.conan/data/grpc/1.38.1/_/_/package/44ecaec4536223f790dd5e0a72b2d16b1dfaa76c/bin/grpc_cpp_plugin /home/flexe/Flexe/flexe.proto
make[1]: Leaving directory '/home/flexe/Flexe/src'
13:25:40 **** Incremental Build of configuration gcc-release for project veins ****
make MODE=release -j8 all 
make[1]: Entering directory '/home/flexe/veins-veins-5.2/src'
make[1]: Nothing to be done for 'all'.
make[1]: Leaving directory '/home/flexe/veins-veins-5.2/src'
13:25:41 **** Incremental Build of configuration release for project flexe ****
make MODE=release all 
cd src && make
make[1]: Entering directory '/home/flexe/Flexe/src'
flexe/application/FedLimRSU11p.cc
flexe/application/FedLimRSU11p.cc:225:18: warning: 'random_shuffle<__gnu_cxx::__normal_iterator<int *, std::vector<int>>>' is deprecated: use 'std::shuffle' instead [-Wdeprecated-declarations]
            std::random_shuffle(std::begin(connectedClientsVector), std::end(connectedClientsVector));
                 ^
/usr/bin/../lib/gcc/x86_64-linux-gnu/12/../../../../include/c++/12/bits/stl_algo.h:4539:5: note: 'random_shuffle<__gnu_cxx::__normal_iterator<int *, std::vector<int>>>' has been explicitly marked deprecated here
    _GLIBCXX14_DEPRECATED_SUGGEST("std::shuffle")
    ^
/usr/bin/../lib/gcc/x86_64-linux-gnu/12/../../../../include/x86_64-linux-gnu/c++/12/bits/c++config.h:112:45: note: expanded from macro '_GLIBCXX14_DEPRECATED_SUGGEST'
# define _GLIBCXX14_DEPRECATED_SUGGEST(ALT) _GLIBCXX_DEPRECATED_SUGGEST(ALT)
                                            ^
/usr/bin/../lib/gcc/x86_64-linux-gnu/12/../../../../include/x86_64-linux-gnu/c++/12/bits/c++config.h:96:19: note: expanded from macro '_GLIBCXX_DEPRECATED_SUGGEST'
  __attribute__ ((__deprecated__ ("use '" ALT "' instead")))
                  ^
1 warning generated.
flexe/application/FedSETRANDOMRSU11p.cc
flexe/application/FedSETRANDOMRSU11p.cc:222:18: warning: 'random_shuffle<__gnu_cxx::__normal_iterator<int *, std::vector<int>>>' is deprecated: use 'std::shuffle' instead [-Wdeprecated-declarations]
            std::random_shuffle(std::begin(connectedClientsVector), std::end(connectedClientsVector));
                 ^
/usr/bin/../lib/gcc/x86_64-linux-gnu/12/../../../../include/c++/12/bits/stl_algo.h:4539:5: note: 'random_shuffle<__gnu_cxx::__normal_iterator<int *, std::vector<int>>>' has been explicitly marked deprecated here
    _GLIBCXX14_DEPRECATED_SUGGEST("std::shuffle")
    ^
/usr/bin/../lib/gcc/x86_64-linux-gnu/12/../../../../include/x86_64-linux-gnu/c++/12/bits/c++config.h:112:45: note: expanded from macro '_GLIBCXX14_DEPRECATED_SUGGEST'
# define _GLIBCXX14_DEPRECATED_SUGGEST(ALT) _GLIBCXX_DEPRECATED_SUGGEST(ALT)
                                            ^
/usr/bin/../lib/gcc/x86_64-linux-gnu/12/../../../../include/x86_64-linux-gnu/c++/12/bits/c++config.h:96:19: note: expanded from macro '_GLIBCXX_DEPRECATED_SUGGEST'
  __attribute__ ((__deprecated__ ("use '" ALT "' instead")))
                  ^
1 warning generated.
flexe/application/MLApp.cc
flexe/application/MLEntropyApp.cc
flexe/proto/flexe.grpc.pb.cc
flexe/proto/flexe.pb.cc
Creating shared library: ../out/clang-release/src/libflexe.so
echo /home/flexe/Flexe
/home/flexe/Flexe
/home/flexe/.conan/data/protobuf/3.17.1/_/_/package/53f76f058631e1c3a500008c75af3f37d7786131/bin/protoc --proto_path /home/flexe/Flexe /home/flexe/Flexe/flexe.proto --cpp_out /home/flexe/Flexe/src/flexe/proto/ 
/home/flexe/.conan/data/protobuf/3.17.1/_/_/package/53f76f058631e1c3a500008c75af3f37d7786131/bin/protoc --proto_path /home/flexe/Flexe --grpc_out=/home/flexe/Flexe/src/flexe/proto/ --plugin=protoc-gen-grpc=/home/flexe/.conan/data/grpc/1.38.1/_/_/package/44ecaec4536223f790dd5e0a72b2d16b1dfaa76c/bin/grpc_cpp_plugin /home/flexe/Flexe/flexe.proto
make[1]: Leaving directory '/home/flexe/Flexe/src'
23:15:05 **** Incremental Build of configuration gcc-release for project veins ****
make MODE=release -j8 all 
make[1]: Entering directory '/home/flexe/veins-veins-5.2/src'
make[1]: Nothing to be done for 'all'.
make[1]: Leaving directory '/home/flexe/veins-veins-5.2/src'
23:15:06 **** Incremental Build of configuration release for project flexe ****
make MODE=release all 
cd src && make
make[1]: Entering directory '/home/flexe/Flexe/src'
flexe/application/FedLimRSU11p.cc
flexe/application/FedLimRSU11p.cc:225:18: warning: 'random_shuffle<__gnu_cxx::__normal_iterator<int *, std::vector<int>>>' is deprecated: use 'std::shuffle' instead [-Wdeprecated-declarations]
            std::random_shuffle(std::begin(connectedClientsVector), std::end(connectedClientsVector));
                 ^
/usr/bin/../lib/gcc/x86_64-linux-gnu/12/../../../../include/c++/12/bits/stl_algo.h:4539:5: note: 'random_shuffle<__gnu_cxx::__normal_iterator<int *, std::vector<int>>>' has been explicitly marked deprecated here
    _GLIBCXX14_DEPRECATED_SUGGEST("std::shuffle")
    ^
/usr/bin/../lib/gcc/x86_64-linux-gnu/12/../../../../include/x86_64-linux-gnu/c++/12/bits/c++config.h:112:45: note: expanded from macro '_GLIBCXX14_DEPRECATED_SUGGEST'
# define _GLIBCXX14_DEPRECATED_SUGGEST(ALT) _GLIBCXX_DEPRECATED_SUGGEST(ALT)
                                            ^
/usr/bin/../lib/gcc/x86_64-linux-gnu/12/../../../../include/x86_64-linux-gnu/c++/12/bits/c++config.h:96:19: note: expanded from macro '_GLIBCXX_DEPRECATED_SUGGEST'
  __attribute__ ((__deprecated__ ("use '" ALT "' instead")))
                  ^
1 warning generated.
flexe/application/FedSETRANDOMRSU11p.cc
flexe/application/FedSETRANDOMRSU11p.cc:222:18: warning: 'random_shuffle<__gnu_cxx::__normal_iterator<int *, std::vector<int>>>' is deprecated: use 'std::shuffle' instead [-Wdeprecated-declarations]
            std::random_shuffle(std::begin(connectedClientsVector), std::end(connectedClientsVector));
                 ^
/usr/bin/../lib/gcc/x86_64-linux-gnu/12/../../../../include/c++/12/bits/stl_algo.h:4539:5: note: 'random_shuffle<__gnu_cxx::__normal_iterator<int *, std::vector<int>>>' has been explicitly marked deprecated here
    _GLIBCXX14_DEPRECATED_SUGGEST("std::shuffle")
    ^
/usr/bin/../lib/gcc/x86_64-linux-gnu/12/../../../../include/x86_64-linux-gnu/c++/12/bits/c++config.h:112:45: note: expanded from macro '_GLIBCXX14_DEPRECATED_SUGGEST'
# define _GLIBCXX14_DEPRECATED_SUGGEST(ALT) _GLIBCXX_DEPRECATED_SUGGEST(ALT)
                                            ^
/usr/bin/../lib/gcc/x86_64-linux-gnu/12/../../../../include/x86_64-linux-gnu/c++/12/bits/c++config.h:96:19: note: expanded from macro '_GLIBCXX_DEPRECATED_SUGGEST'
  __attribute__ ((__deprecated__ ("use '" ALT "' instead")))
                  ^
1 warning generated.
flexe/application/MLApp.cc
flexe/application/MLEntropyApp.cc
flexe/proto/flexe.grpc.pb.cc
flexe/proto/flexe.pb.cc
Creating shared library: ../out/clang-release/src/libflexe.so
echo /home/flexe/Flexe
/home/flexe/Flexe
/home/flexe/.conan/data/protobuf/3.17.1/_/_/package/53f76f058631e1c3a500008c75af3f37d7786131/bin/protoc --proto_path /home/flexe/Flexe /home/flexe/Flexe/flexe.proto --cpp_out /home/flexe/Flexe/src/flexe/proto/ 
/home/flexe/.conan/data/protobuf/3.17.1/_/_/package/53f76f058631e1c3a500008c75af3f37d7786131/bin/protoc --proto_path /home/flexe/Flexe --grpc_out=/home/flexe/Flexe/src/flexe/proto/ --plugin=protoc-gen-grpc=/home/flexe/.conan/data/grpc/1.38.1/_/_/package/44ecaec4536223f790dd5e0a72b2d16b1dfaa76c/bin/grpc_cpp_plugin /home/flexe/Flexe/flexe.proto
make[1]: Leaving directory '/home/flexe/Flexe/src'
12:46:57 **** Incremental Build of configuration gcc-release for project veins ****
make MODE=release -j8 all 
make[1]: Entering directory '/home/flexe/veins-veins-5.2/src'
make[1]: Nothing to be done for 'all'.
make[1]: Leaving directory '/home/flexe/veins-veins-5.2/src'
12:46:57 **** Incremental Build of configuration release for project flexe ****
make MODE=release all 
cd src && make
make[1]: Entering directory '/home/flexe/Flexe/src'
flexe/application/FedLimRSU11p.cc
flexe/application/FedLimRSU11p.cc:225:18: warning: 'random_shuffle<__gnu_cxx::__normal_iterator<int *, std::vector<int>>>' is deprecated: use 'std::shuffle' instead [-Wdeprecated-declarations]
            std::random_shuffle(std::begin(connectedClientsVector), std::end(connectedClientsVector));
                 ^
/usr/bin/../lib/gcc/x86_64-linux-gnu/12/../../../../include/c++/12/bits/stl_algo.h:4539:5: note: 'random_shuffle<__gnu_cxx::__normal_iterator<int *, std::vector<int>>>' has been explicitly marked deprecated here
    _GLIBCXX14_DEPRECATED_SUGGEST("std::shuffle")
    ^
/usr/bin/../lib/gcc/x86_64-linux-gnu/12/../../../../include/x86_64-linux-gnu/c++/12/bits/c++config.h:112:45: note: expanded from macro '_GLIBCXX14_DEPRECATED_SUGGEST'
# define _GLIBCXX14_DEPRECATED_SUGGEST(ALT) _GLIBCXX_DEPRECATED_SUGGEST(ALT)
                                            ^
/usr/bin/../lib/gcc/x86_64-linux-gnu/12/../../../../include/x86_64-linux-gnu/c++/12/bits/c++config.h:96:19: note: expanded from macro '_GLIBCXX_DEPRECATED_SUGGEST'
  __attribute__ ((__deprecated__ ("use '" ALT "' instead")))
                  ^
1 warning generated.
flexe/application/FedSETRANDOMRSU11p.cc
flexe/application/FedSETRANDOMRSU11p.cc:222:18: warning: 'random_shuffle<__gnu_cxx::__normal_iterator<int *, std::vector<int>>>' is deprecated: use 'std::shuffle' instead [-Wdeprecated-declarations]
            std::random_shuffle(std::begin(connectedClientsVector), std::end(connectedClientsVector));
                 ^
/usr/bin/../lib/gcc/x86_64-linux-gnu/12/../../../../include/c++/12/bits/stl_algo.h:4539:5: note: 'random_shuffle<__gnu_cxx::__normal_iterator<int *, std::vector<int>>>' has been explicitly marked deprecated here
    _GLIBCXX14_DEPRECATED_SUGGEST("std::shuffle")
    ^
/usr/bin/../lib/gcc/x86_64-linux-gnu/12/../../../../include/x86_64-linux-gnu/c++/12/bits/c++config.h:112:45: note: expanded from macro '_GLIBCXX14_DEPRECATED_SUGGEST'
# define _GLIBCXX14_DEPRECATED_SUGGEST(ALT) _GLIBCXX_DEPRECATED_SUGGEST(ALT)
                                            ^
/usr/bin/../lib/gcc/x86_64-linux-gnu/12/../../../../include/x86_64-linux-gnu/c++/12/bits/c++config.h:96:19: note: expanded from macro '_GLIBCXX_DEPRECATED_SUGGEST'
  __attribute__ ((__deprecated__ ("use '" ALT "' instead")))
                  ^
1 warning generated.
flexe/application/MLApp.cc
flexe/application/MLEntropyApp.cc
flexe/proto/flexe.grpc.pb.cc
flexe/proto/flexe.pb.cc
Creating shared library: ../out/clang-release/src/libflexe.so
echo /home/flexe/Flexe
/home/flexe/Flexe
/home/flexe/.conan/data/protobuf/3.17.1/_/_/package/53f76f058631e1c3a500008c75af3f37d7786131/bin/protoc --proto_path /home/flexe/Flexe /home/flexe/Flexe/flexe.proto --cpp_out /home/flexe/Flexe/src/flexe/proto/ 
/home/flexe/.conan/data/protobuf/3.17.1/_/_/package/53f76f058631e1c3a500008c75af3f37d7786131/bin/protoc --proto_path /home/flexe/Flexe --grpc_out=/home/flexe/Flexe/src/flexe/proto/ --plugin=protoc-gen-grpc=/home/flexe/.conan/data/grpc/1.38.1/_/_/package/44ecaec4536223f790dd5e0a72b2d16b1dfaa76c/bin/grpc_cpp_plugin /home/flexe/Flexe/flexe.proto
make[1]: Leaving directory '/home/flexe/Flexe/src'
20:29:42 **** Incremental Build of configuration gcc-release for project veins ****
make MODE=release -j8 all 
make[1]: Entering directory '/home/flexe/veins-veins-5.2/src'
make[1]: Nothing to be done for 'all'.
make[1]: Leaving directory '/home/flexe/veins-veins-5.2/src'
20:29:43 **** Incremental Build of configuration release for project flexe ****
make MODE=release all 
cd src && make
make[1]: Entering directory '/home/flexe/Flexe/src'
flexe/application/FedLimRSU11p.cc
flexe/application/FedLimRSU11p.cc:225:18: warning: 'random_shuffle<__gnu_cxx::__normal_iterator<int *, std::vector<int>>>' is deprecated: use 'std::shuffle' instead [-Wdeprecated-declarations]
            std::random_shuffle(std::begin(connectedClientsVector), std::end(connectedClientsVector));
                 ^
/usr/bin/../lib/gcc/x86_64-linux-gnu/12/../../../../include/c++/12/bits/stl_algo.h:4539:5: note: 'random_shuffle<__gnu_cxx::__normal_iterator<int *, std::vector<int>>>' has been explicitly marked deprecated here
    _GLIBCXX14_DEPRECATED_SUGGEST("std::shuffle")
    ^
/usr/bin/../lib/gcc/x86_64-linux-gnu/12/../../../../include/x86_64-linux-gnu/c++/12/bits/c++config.h:112:45: note: expanded from macro '_GLIBCXX14_DEPRECATED_SUGGEST'
# define _GLIBCXX14_DEPRECATED_SUGGEST(ALT) _GLIBCXX_DEPRECATED_SUGGEST(ALT)
                                            ^
/usr/bin/../lib/gcc/x86_64-linux-gnu/12/../../../../include/x86_64-linux-gnu/c++/12/bits/c++config.h:96:19: note: expanded from macro '_GLIBCXX_DEPRECATED_SUGGEST'
  __attribute__ ((__deprecated__ ("use '" ALT "' instead")))
                  ^
1 warning generated.
flexe/application/FedSETRANDOMRSU11p.cc
flexe/application/FedSETRANDOMRSU11p.cc:222:18: warning: 'random_shuffle<__gnu_cxx::__normal_iterator<int *, std::vector<int>>>' is deprecated: use 'std::shuffle' instead [-Wdeprecated-declarations]
            std::random_shuffle(std::begin(connectedClientsVector), std::end(connectedClientsVector));
                 ^
/usr/bin/../lib/gcc/x86_64-linux-gnu/12/../../../../include/c++/12/bits/stl_algo.h:4539:5: note: 'random_shuffle<__gnu_cxx::__normal_iterator<int *, std::vector<int>>>' has been explicitly marked deprecated here
    _GLIBCXX14_DEPRECATED_SUGGEST("std::shuffle")
    ^
/usr/bin/../lib/gcc/x86_64-linux-gnu/12/../../../../include/x86_64-linux-gnu/c++/12/bits/c++config.h:112:45: note: expanded from macro '_GLIBCXX14_DEPRECATED_SUGGEST'
# define _GLIBCXX14_DEPRECATED_SUGGEST(ALT) _GLIBCXX_DEPRECATED_SUGGEST(ALT)
                                            ^
/usr/bin/../lib/gcc/x86_64-linux-gnu/12/../../../../include/x86_64-linux-gnu/c++/12/bits/c++config.h:96:19: note: expanded from macro '_GLIBCXX_DEPRECATED_SUGGEST'
  __attribute__ ((__deprecated__ ("use '" ALT "' instead")))
                  ^
1 warning generated.
flexe/application/MLApp.cc
flexe/application/MLEntropyApp.cc
flexe/proto/flexe.grpc.pb.cc
flexe/proto/flexe.pb.cc
Creating shared library: ../out/clang-release/src/libflexe.so
echo /home/flexe/Flexe
/home/flexe/Flexe
/home/flexe/.conan/data/protobuf/3.17.1/_/_/package/53f76f058631e1c3a500008c75af3f37d7786131/bin/protoc --proto_path /home/flexe/Flexe /home/flexe/Flexe/flexe.proto --cpp_out /home/flexe/Flexe/src/flexe/proto/ 
/home/flexe/.conan/data/protobuf/3.17.1/_/_/package/53f76f058631e1c3a500008c75af3f37d7786131/bin/protoc --proto_path /home/flexe/Flexe --grpc_out=/home/flexe/Flexe/src/flexe/proto/ --plugin=protoc-gen-grpc=/home/flexe/.conan/data/grpc/1.38.1/_/_/package/44ecaec4536223f790dd5e0a72b2d16b1dfaa76c/bin/grpc_cpp_plugin /home/flexe/Flexe/flexe.proto
make[1]: Leaving directory '/home/flexe/Flexe/src'
20:31:39 **** Incremental Build of configuration gcc-release for project veins ****
make MODE=release -j8 all 
make[1]: Entering directory '/home/flexe/veins-veins-5.2/src'
make[1]: Nothing to be done for 'all'.
make[1]: Leaving directory '/home/flexe/veins-veins-5.2/src'
20:31:39 **** Incremental Build of configuration release for project flexe ****
make MODE=release all 
cd src && make
make[1]: Entering directory '/home/flexe/Flexe/src'
flexe/application/FedLimRSU11p.cc
flexe/application/FedLimRSU11p.cc:225:18: warning: 'random_shuffle<__gnu_cxx::__normal_iterator<int *, std::vector<int>>>' is deprecated: use 'std::shuffle' instead [-Wdeprecated-declarations]
            std::random_shuffle(std::begin(connectedClientsVector), std::end(connectedClientsVector));
                 ^
/usr/bin/../lib/gcc/x86_64-linux-gnu/12/../../../../include/c++/12/bits/stl_algo.h:4539:5: note: 'random_shuffle<__gnu_cxx::__normal_iterator<int *, std::vector<int>>>' has been explicitly marked deprecated here
    _GLIBCXX14_DEPRECATED_SUGGEST("std::shuffle")
    ^
/usr/bin/../lib/gcc/x86_64-linux-gnu/12/../../../../include/x86_64-linux-gnu/c++/12/bits/c++config.h:112:45: note: expanded from macro '_GLIBCXX14_DEPRECATED_SUGGEST'
# define _GLIBCXX14_DEPRECATED_SUGGEST(ALT) _GLIBCXX_DEPRECATED_SUGGEST(ALT)
                                            ^
/usr/bin/../lib/gcc/x86_64-linux-gnu/12/../../../../include/x86_64-linux-gnu/c++/12/bits/c++config.h:96:19: note: expanded from macro '_GLIBCXX_DEPRECATED_SUGGEST'
  __attribute__ ((__deprecated__ ("use '" ALT "' instead")))
                  ^
1 warning generated.
flexe/application/FedSETRANDOMRSU11p.cc
flexe/application/FedSETRANDOMRSU11p.cc:222:18: warning: 'random_shuffle<__gnu_cxx::__normal_iterator<int *, std::vector<int>>>' is deprecated: use 'std::shuffle' instead [-Wdeprecated-declarations]
            std::random_shuffle(std::begin(connectedClientsVector), std::end(connectedClientsVector));
                 ^
/usr/bin/../lib/gcc/x86_64-linux-gnu/12/../../../../include/c++/12/bits/stl_algo.h:4539:5: note: 'random_shuffle<__gnu_cxx::__normal_iterator<int *, std::vector<int>>>' has been explicitly marked deprecated here
    _GLIBCXX14_DEPRECATED_SUGGEST("std::shuffle")
    ^
/usr/bin/../lib/gcc/x86_64-linux-gnu/12/../../../../include/x86_64-linux-gnu/c++/12/bits/c++config.h:112:45: note: expanded from macro '_GLIBCXX14_DEPRECATED_SUGGEST'
# define _GLIBCXX14_DEPRECATED_SUGGEST(ALT) _GLIBCXX_DEPRECATED_SUGGEST(ALT)
                                            ^
/usr/bin/../lib/gcc/x86_64-linux-gnu/12/../../../../include/x86_64-linux-gnu/c++/12/bits/c++config.h:96:19: note: expanded from macro '_GLIBCXX_DEPRECATED_SUGGEST'
  __attribute__ ((__deprecated__ ("use '" ALT "' instead")))
                  ^
1 warning generated.
flexe/application/MLApp.cc
flexe/application/MLEntropyApp.cc
flexe/proto/flexe.grpc.pb.cc
flexe/proto/flexe.pb.cc
Creating shared library: ../out/clang-release/src/libflexe.so
echo /home/flexe/Flexe
/home/flexe/Flexe
/home/flexe/.conan/data/protobuf/3.17.1/_/_/package/53f76f058631e1c3a500008c75af3f37d7786131/bin/protoc --proto_path /home/flexe/Flexe /home/flexe/Flexe/flexe.proto --cpp_out /home/flexe/Flexe/src/flexe/proto/ 
/home/flexe/.conan/data/protobuf/3.17.1/_/_/package/53f76f058631e1c3a500008c75af3f37d7786131/bin/protoc --proto_path /home/flexe/Flexe --grpc_out=/home/flexe/Flexe/src/flexe/proto/ --plugin=protoc-gen-grpc=/home/flexe/.conan/data/grpc/1.38.1/_/_/package/44ecaec4536223f790dd5e0a72b2d16b1dfaa76c/bin/grpc_cpp_plugin /home/flexe/Flexe/flexe.proto
make[1]: Leaving directory '/home/flexe/Flexe/src'
16:30:18 **** Incremental Build of configuration gcc-release for project veins ****
make MODE=release -j8 all 
make[1]: Entering directory '/home/flexe/veins-veins-5.2/src'
make[1]: Nothing to be done for 'all'.
make[1]: Leaving directory '/home/flexe/veins-veins-5.2/src'
16:30:19 **** Incremental Build of configuration release for project flexe ****
make MODE=release all 
cd src && make
make[1]: Entering directory '/home/flexe/Flexe/src'
flexe/application/FedLimRSU11p.cc
flexe/application/FedLimRSU11p.cc:225:18: warning: 'random_shuffle<__gnu_cxx::__normal_iterator<int *, std::vector<int>>>' is deprecated: use 'std::shuffle' instead [-Wdeprecated-declarations]
            std::random_shuffle(std::begin(connectedClientsVector), std::end(connectedClientsVector));
                 ^
/usr/bin/../lib/gcc/x86_64-linux-gnu/12/../../../../include/c++/12/bits/stl_algo.h:4539:5: note: 'random_shuffle<__gnu_cxx::__normal_iterator<int *, std::vector<int>>>' has been explicitly marked deprecated here
    _GLIBCXX14_DEPRECATED_SUGGEST("std::shuffle")
    ^
/usr/bin/../lib/gcc/x86_64-linux-gnu/12/../../../../include/x86_64-linux-gnu/c++/12/bits/c++config.h:112:45: note: expanded from macro '_GLIBCXX14_DEPRECATED_SUGGEST'
# define _GLIBCXX14_DEPRECATED_SUGGEST(ALT) _GLIBCXX_DEPRECATED_SUGGEST(ALT)
                                            ^
/usr/bin/../lib/gcc/x86_64-linux-gnu/12/../../../../include/x86_64-linux-gnu/c++/12/bits/c++config.h:96:19: note: expanded from macro '_GLIBCXX_DEPRECATED_SUGGEST'
  __attribute__ ((__deprecated__ ("use '" ALT "' instead")))
                  ^
1 warning generated.
flexe/application/FedSETRANDOMRSU11p.cc
flexe/application/FedSETRANDOMRSU11p.cc:222:18: warning: 'random_shuffle<__gnu_cxx::__normal_iterator<int *, std::vector<int>>>' is deprecated: use 'std::shuffle' instead [-Wdeprecated-declarations]
            std::random_shuffle(std::begin(connectedClientsVector), std::end(connectedClientsVector));
                 ^
/usr/bin/../lib/gcc/x86_64-linux-gnu/12/../../../../include/c++/12/bits/stl_algo.h:4539:5: note: 'random_shuffle<__gnu_cxx::__normal_iterator<int *, std::vector<int>>>' has been explicitly marked deprecated here
    _GLIBCXX14_DEPRECATED_SUGGEST("std::shuffle")
    ^
/usr/bin/../lib/gcc/x86_64-linux-gnu/12/../../../../include/x86_64-linux-gnu/c++/12/bits/c++config.h:112:45: note: expanded from macro '_GLIBCXX14_DEPRECATED_SUGGEST'
# define _GLIBCXX14_DEPRECATED_SUGGEST(ALT) _GLIBCXX_DEPRECATED_SUGGEST(ALT)
                                            ^
/usr/bin/../lib/gcc/x86_64-linux-gnu/12/../../../../include/x86_64-linux-gnu/c++/12/bits/c++config.h:96:19: note: expanded from macro '_GLIBCXX_DEPRECATED_SUGGEST'
  __attribute__ ((__deprecated__ ("use '" ALT "' instead")))
                  ^
1 warning generated.
flexe/application/MLApp.cc
flexe/application/MLEntropyApp.cc
flexe/proto/flexe.grpc.pb.cc
flexe/proto/flexe.pb.cc
Creating shared library: ../out/clang-release/src/libflexe.so
echo /home/flexe/Flexe
/home/flexe/Flexe
/home/flexe/.conan/data/protobuf/3.17.1/_/_/package/53f76f058631e1c3a500008c75af3f37d7786131/bin/protoc --proto_path /home/flexe/Flexe /home/flexe/Flexe/flexe.proto --cpp_out /home/flexe/Flexe/src/flexe/proto/ 
/home/flexe/.conan/data/protobuf/3.17.1/_/_/package/53f76f058631e1c3a500008c75af3f37d7786131/bin/protoc --proto_path /home/flexe/Flexe --grpc_out=/home/flexe/Flexe/src/flexe/proto/ --plugin=protoc-gen-grpc=/home/flexe/.conan/data/grpc/1.38.1/_/_/package/44ecaec4536223f790dd5e0a72b2d16b1dfaa76c/bin/grpc_cpp_plugin /home/flexe/Flexe/flexe.proto
make[1]: Leaving directory '/home/flexe/Flexe/src'
19:00:53 **** Incremental Build of configuration gcc-release for project veins ****
make MODE=release -j8 all 
make[1]: Entering directory '/home/flexe/veins-veins-5.2/src'
make[1]: Nothing to be done for 'all'.
make[1]: Leaving directory '/home/flexe/veins-veins-5.2/src'
19:00:55 **** Incremental Build of configuration release for project flexe ****
make MODE=release all 
cd src && make
make[1]: Entering directory '/home/flexe/Flexe/src'
flexe/application/FedLimRSU11p.cc
flexe/application/FedLimRSU11p.cc:225:18: warning: 'random_shuffle<__gnu_cxx::__normal_iterator<int *, std::vector<int>>>' is deprecated: use 'std::shuffle' instead [-Wdeprecated-declarations]
            std::random_shuffle(std::begin(connectedClientsVector), std::end(connectedClientsVector));
                 ^
/usr/bin/../lib/gcc/x86_64-linux-gnu/12/../../../../include/c++/12/bits/stl_algo.h:4539:5: note: 'random_shuffle<__gnu_cxx::__normal_iterator<int *, std::vector<int>>>' has been explicitly marked deprecated here
    _GLIBCXX14_DEPRECATED_SUGGEST("std::shuffle")
    ^
/usr/bin/../lib/gcc/x86_64-linux-gnu/12/../../../../include/x86_64-linux-gnu/c++/12/bits/c++config.h:112:45: note: expanded from macro '_GLIBCXX14_DEPRECATED_SUGGEST'
# define _GLIBCXX14_DEPRECATED_SUGGEST(ALT) _GLIBCXX_DEPRECATED_SUGGEST(ALT)
                                            ^
/usr/bin/../lib/gcc/x86_64-linux-gnu/12/../../../../include/x86_64-linux-gnu/c++/12/bits/c++config.h:96:19: note: expanded from macro '_GLIBCXX_DEPRECATED_SUGGEST'
  __attribute__ ((__deprecated__ ("use '" ALT "' instead")))
                  ^
1 warning generated.
flexe/application/FedSETRANDOMRSU11p.cc
flexe/application/FedSETRANDOMRSU11p.cc:222:18: warning: 'random_shuffle<__gnu_cxx::__normal_iterator<int *, std::vector<int>>>' is deprecated: use 'std::shuffle' instead [-Wdeprecated-declarations]
            std::random_shuffle(std::begin(connectedClientsVector), std::end(connectedClientsVector));
                 ^
/usr/bin/../lib/gcc/x86_64-linux-gnu/12/../../../../include/c++/12/bits/stl_algo.h:4539:5: note: 'random_shuffle<__gnu_cxx::__normal_iterator<int *, std::vector<int>>>' has been explicitly marked deprecated here
    _GLIBCXX14_DEPRECATED_SUGGEST("std::shuffle")
    ^
/usr/bin/../lib/gcc/x86_64-linux-gnu/12/../../../../include/x86_64-linux-gnu/c++/12/bits/c++config.h:112:45: note: expanded from macro '_GLIBCXX14_DEPRECATED_SUGGEST'
# define _GLIBCXX14_DEPRECATED_SUGGEST(ALT) _GLIBCXX_DEPRECATED_SUGGEST(ALT)
                                            ^
/usr/bin/../lib/gcc/x86_64-linux-gnu/12/../../../../include/x86_64-linux-gnu/c++/12/bits/c++config.h:96:19: note: expanded from macro '_GLIBCXX_DEPRECATED_SUGGEST'
  __attribute__ ((__deprecated__ ("use '" ALT "' instead")))
                  ^
1 warning generated.
flexe/application/MLApp.cc
flexe/application/MLEntropyApp.cc
flexe/proto/flexe.grpc.pb.cc
flexe/proto/flexe.pb.cc
Creating shared library: ../out/clang-release/src/libflexe.so
echo /home/flexe/Flexe
/home/flexe/Flexe
/home/flexe/.conan/data/protobuf/3.17.1/_/_/package/53f76f058631e1c3a500008c75af3f37d7786131/bin/protoc --proto_path /home/flexe/Flexe /home/flexe/Flexe/flexe.proto --cpp_out /home/flexe/Flexe/src/flexe/proto/ 
/home/flexe/.conan/data/protobuf/3.17.1/_/_/package/53f76f058631e1c3a500008c75af3f37d7786131/bin/protoc --proto_path /home/flexe/Flexe --grpc_out=/home/flexe/Flexe/src/flexe/proto/ --plugin=protoc-gen-grpc=/home/flexe/.conan/data/grpc/1.38.1/_/_/package/44ecaec4536223f790dd5e0a72b2d16b1dfaa76c/bin/grpc_cpp_plugin /home/flexe/Flexe/flexe.proto
make[1]: Leaving directory '/home/flexe/Flexe/src'
19:02:12 **** Incremental Build of configuration gcc-release for project veins ****
make MODE=release -j8 all 
make[1]: Entering directory '/home/flexe/veins-veins-5.2/src'
make[1]: Nothing to be done for 'all'.
make[1]: Leaving directory '/home/flexe/veins-veins-5.2/src'
19:02:13 **** Incremental Build of configuration release for project flexe ****
make MODE=release all 
cd src && make
make[1]: Entering directory '/home/flexe/Flexe/src'
flexe/application/FedLimRSU11p.cc
flexe/application/FedLimRSU11p.cc:225:18: warning: 'random_shuffle<__gnu_cxx::__normal_iterator<int *, std::vector<int>>>' is deprecated: use 'std::shuffle' instead [-Wdeprecated-declarations]
            std::random_shuffle(std::begin(connectedClientsVector), std::end(connectedClientsVector));
                 ^
/usr/bin/../lib/gcc/x86_64-linux-gnu/12/../../../../include/c++/12/bits/stl_algo.h:4539:5: note: 'random_shuffle<__gnu_cxx::__normal_iterator<int *, std::vector<int>>>' has been explicitly marked deprecated here
    _GLIBCXX14_DEPRECATED_SUGGEST("std::shuffle")
    ^
/usr/bin/../lib/gcc/x86_64-linux-gnu/12/../../../../include/x86_64-linux-gnu/c++/12/bits/c++config.h:112:45: note: expanded from macro '_GLIBCXX14_DEPRECATED_SUGGEST'
# define _GLIBCXX14_DEPRECATED_SUGGEST(ALT) _GLIBCXX_DEPRECATED_SUGGEST(ALT)
                                            ^
/usr/bin/../lib/gcc/x86_64-linux-gnu/12/../../../../include/x86_64-linux-gnu/c++/12/bits/c++config.h:96:19: note: expanded from macro '_GLIBCXX_DEPRECATED_SUGGEST'
  __attribute__ ((__deprecated__ ("use '" ALT "' instead")))
                  ^
1 warning generated.
flexe/application/FedSETRANDOMRSU11p.cc
flexe/application/FedSETRANDOMRSU11p.cc:222:18: warning: 'random_shuffle<__gnu_cxx::__normal_iterator<int *, std::vector<int>>>' is deprecated: use 'std::shuffle' instead [-Wdeprecated-declarations]
            std::random_shuffle(std::begin(connectedClientsVector), std::end(connectedClientsVector));
                 ^
/usr/bin/../lib/gcc/x86_64-linux-gnu/12/../../../../include/c++/12/bits/stl_algo.h:4539:5: note: 'random_shuffle<__gnu_cxx::__normal_iterator<int *, std::vector<int>>>' has been explicitly marked deprecated here
    _GLIBCXX14_DEPRECATED_SUGGEST("std::shuffle")
    ^
/usr/bin/../lib/gcc/x86_64-linux-gnu/12/../../../../include/x86_64-linux-gnu/c++/12/bits/c++config.h:112:45: note: expanded from macro '_GLIBCXX14_DEPRECATED_SUGGEST'
# define _GLIBCXX14_DEPRECATED_SUGGEST(ALT) _GLIBCXX_DEPRECATED_SUGGEST(ALT)
                                            ^
/usr/bin/../lib/gcc/x86_64-linux-gnu/12/../../../../include/x86_64-linux-gnu/c++/12/bits/c++config.h:96:19: note: expanded from macro '_GLIBCXX_DEPRECATED_SUGGEST'
  __attribute__ ((__deprecated__ ("use '" ALT "' instead")))
                  ^
1 warning generated.
flexe/application/MLApp.cc
flexe/application/MLEntropyApp.cc
flexe/proto/flexe.grpc.pb.cc
flexe/proto/flexe.pb.cc
Creating shared library: ../out/clang-release/src/libflexe.so
echo /home/flexe/Flexe
/home/flexe/Flexe
/home/flexe/.conan/data/protobuf/3.17.1/_/_/package/53f76f058631e1c3a500008c75af3f37d7786131/bin/protoc --proto_path /home/flexe/Flexe /home/flexe/Flexe/flexe.proto --cpp_out /home/flexe/Flexe/src/flexe/proto/ 
/home/flexe/.conan/data/protobuf/3.17.1/_/_/package/53f76f058631e1c3a500008c75af3f37d7786131/bin/protoc --proto_path /home/flexe/Flexe --grpc_out=/home/flexe/Flexe/src/flexe/proto/ --plugin=protoc-gen-grpc=/home/flexe/.conan/data/grpc/1.38.1/_/_/package/44ecaec4536223f790dd5e0a72b2d16b1dfaa76c/bin/grpc_cpp_plugin /home/flexe/Flexe/flexe.proto
make[1]: Leaving directory '/home/flexe/Flexe/src'
19:02:47 **** Incremental Build of configuration gcc-release for project veins ****
make MODE=release -j8 all 
make[1]: Entering directory '/home/flexe/veins-veins-5.2/src'
make[1]: Nothing to be done for 'all'.
make[1]: Leaving directory '/home/flexe/veins-veins-5.2/src'
19:02:47 **** Incremental Build of configuration release for project flexe ****
make MODE=release all 
cd src && make
make[1]: Entering directory '/home/flexe/Flexe/src'
flexe/application/FedLimRSU11p.cc
flexe/application/FedLimRSU11p.cc:225:18: warning: 'random_shuffle<__gnu_cxx::__normal_iterator<int *, std::vector<int>>>' is deprecated: use 'std::shuffle' instead [-Wdeprecated-declarations]
            std::random_shuffle(std::begin(connectedClientsVector), std::end(connectedClientsVector));
                 ^
/usr/bin/../lib/gcc/x86_64-linux-gnu/12/../../../../include/c++/12/bits/stl_algo.h:4539:5: note: 'random_shuffle<__gnu_cxx::__normal_iterator<int *, std::vector<int>>>' has been explicitly marked deprecated here
    _GLIBCXX14_DEPRECATED_SUGGEST("std::shuffle")
    ^
/usr/bin/../lib/gcc/x86_64-linux-gnu/12/../../../../include/x86_64-linux-gnu/c++/12/bits/c++config.h:112:45: note: expanded from macro '_GLIBCXX14_DEPRECATED_SUGGEST'
# define _GLIBCXX14_DEPRECATED_SUGGEST(ALT) _GLIBCXX_DEPRECATED_SUGGEST(ALT)
                                            ^
/usr/bin/../lib/gcc/x86_64-linux-gnu/12/../../../../include/x86_64-linux-gnu/c++/12/bits/c++config.h:96:19: note: expanded from macro '_GLIBCXX_DEPRECATED_SUGGEST'
  __attribute__ ((__deprecated__ ("use '" ALT "' instead")))
                  ^
1 warning generated.
flexe/application/FedSETRANDOMRSU11p.cc
flexe/application/FedSETRANDOMRSU11p.cc:222:18: warning: 'random_shuffle<__gnu_cxx::__normal_iterator<int *, std::vector<int>>>' is deprecated: use 'std::shuffle' instead [-Wdeprecated-declarations]
            std::random_shuffle(std::begin(connectedClientsVector), std::end(connectedClientsVector));
                 ^
/usr/bin/../lib/gcc/x86_64-linux-gnu/12/../../../../include/c++/12/bits/stl_algo.h:4539:5: note: 'random_shuffle<__gnu_cxx::__normal_iterator<int *, std::vector<int>>>' has been explicitly marked deprecated here
    _GLIBCXX14_DEPRECATED_SUGGEST("std::shuffle")
    ^
/usr/bin/../lib/gcc/x86_64-linux-gnu/12/../../../../include/x86_64-linux-gnu/c++/12/bits/c++config.h:112:45: note: expanded from macro '_GLIBCXX14_DEPRECATED_SUGGEST'
# define _GLIBCXX14_DEPRECATED_SUGGEST(ALT) _GLIBCXX_DEPRECATED_SUGGEST(ALT)
                                            ^
/usr/bin/../lib/gcc/x86_64-linux-gnu/12/../../../../include/x86_64-linux-gnu/c++/12/bits/c++config.h:96:19: note: expanded from macro '_GLIBCXX_DEPRECATED_SUGGEST'
  __attribute__ ((__deprecated__ ("use '" ALT "' instead")))
                  ^
1 warning generated.
flexe/application/MLApp.cc
flexe/application/MLEntropyApp.cc
flexe/proto/flexe.grpc.pb.cc
flexe/proto/flexe.pb.cc
Creating shared library: ../out/clang-release/src/libflexe.so
echo /home/flexe/Flexe
/home/flexe/Flexe
/home/flexe/.conan/data/protobuf/3.17.1/_/_/package/53f76f058631e1c3a500008c75af3f37d7786131/bin/protoc --proto_path /home/flexe/Flexe /home/flexe/Flexe/flexe.proto --cpp_out /home/flexe/Flexe/src/flexe/proto/ 
/home/flexe/.conan/data/protobuf/3.17.1/_/_/package/53f76f058631e1c3a500008c75af3f37d7786131/bin/protoc --proto_path /home/flexe/Flexe --grpc_out=/home/flexe/Flexe/src/flexe/proto/ --plugin=protoc-gen-grpc=/home/flexe/.conan/data/grpc/1.38.1/_/_/package/44ecaec4536223f790dd5e0a72b2d16b1dfaa76c/bin/grpc_cpp_plugin /home/flexe/Flexe/flexe.proto
make[1]: Leaving directory '/home/flexe/Flexe/src'
09:51:26 **** Incremental Build of configuration gcc-release for project veins ****
make MODE=release -j8 all 
make[1]: Entering directory '/home/flexe/veins-veins-5.2/src'
make[1]: Nothing to be done for 'all'.
make[1]: Leaving directory '/home/flexe/veins-veins-5.2/src'
09:51:27 **** Incremental Build of configuration release for project flexe ****
make MODE=release all 
cd src && make
make[1]: Entering directory '/home/flexe/Flexe/src'
flexe/application/FedLimRSU11p.cc
flexe/application/FedLimRSU11p.cc:225:18: warning: 'random_shuffle<__gnu_cxx::__normal_iterator<int *, std::vector<int>>>' is deprecated: use 'std::shuffle' instead [-Wdeprecated-declarations]
            std::random_shuffle(std::begin(connectedClientsVector), std::end(connectedClientsVector));
                 ^
/usr/bin/../lib/gcc/x86_64-linux-gnu/12/../../../../include/c++/12/bits/stl_algo.h:4539:5: note: 'random_shuffle<__gnu_cxx::__normal_iterator<int *, std::vector<int>>>' has been explicitly marked deprecated here
    _GLIBCXX14_DEPRECATED_SUGGEST("std::shuffle")
    ^
/usr/bin/../lib/gcc/x86_64-linux-gnu/12/../../../../include/x86_64-linux-gnu/c++/12/bits/c++config.h:112:45: note: expanded from macro '_GLIBCXX14_DEPRECATED_SUGGEST'
# define _GLIBCXX14_DEPRECATED_SUGGEST(ALT) _GLIBCXX_DEPRECATED_SUGGEST(ALT)
                                            ^
/usr/bin/../lib/gcc/x86_64-linux-gnu/12/../../../../include/x86_64-linux-gnu/c++/12/bits/c++config.h:96:19: note: expanded from macro '_GLIBCXX_DEPRECATED_SUGGEST'
  __attribute__ ((__deprecated__ ("use '" ALT "' instead")))
                  ^
1 warning generated.
flexe/application/FedSETRANDOMRSU11p.cc
flexe/application/FedSETRANDOMRSU11p.cc:222:18: warning: 'random_shuffle<__gnu_cxx::__normal_iterator<int *, std::vector<int>>>' is deprecated: use 'std::shuffle' instead [-Wdeprecated-declarations]
            std::random_shuffle(std::begin(connectedClientsVector), std::end(connectedClientsVector));
                 ^
/usr/bin/../lib/gcc/x86_64-linux-gnu/12/../../../../include/c++/12/bits/stl_algo.h:4539:5: note: 'random_shuffle<__gnu_cxx::__normal_iterator<int *, std::vector<int>>>' has been explicitly marked deprecated here
    _GLIBCXX14_DEPRECATED_SUGGEST("std::shuffle")
    ^
/usr/bin/../lib/gcc/x86_64-linux-gnu/12/../../../../include/x86_64-linux-gnu/c++/12/bits/c++config.h:112:45: note: expanded from macro '_GLIBCXX14_DEPRECATED_SUGGEST'
# define _GLIBCXX14_DEPRECATED_SUGGEST(ALT) _GLIBCXX_DEPRECATED_SUGGEST(ALT)
                                            ^
/usr/bin/../lib/gcc/x86_64-linux-gnu/12/../../../../include/x86_64-linux-gnu/c++/12/bits/c++config.h:96:19: note: expanded from macro '_GLIBCXX_DEPRECATED_SUGGEST'
  __attribute__ ((__deprecated__ ("use '" ALT "' instead")))
                  ^
1 warning generated.
flexe/application/MLApp.cc
flexe/application/MLEntropyApp.cc
flexe/proto/flexe.grpc.pb.cc
flexe/proto/flexe.pb.cc
Creating shared library: ../out/clang-release/src/libflexe.so
echo /home/flexe/Flexe
/home/flexe/Flexe
/home/flexe/.conan/data/protobuf/3.17.1/_/_/package/53f76f058631e1c3a500008c75af3f37d7786131/bin/protoc --proto_path /home/flexe/Flexe /home/flexe/Flexe/flexe.proto --cpp_out /home/flexe/Flexe/src/flexe/proto/ 
/home/flexe/.conan/data/protobuf/3.17.1/_/_/package/53f76f058631e1c3a500008c75af3f37d7786131/bin/protoc --proto_path /home/flexe/Flexe --grpc_out=/home/flexe/Flexe/src/flexe/proto/ --plugin=protoc-gen-grpc=/home/flexe/.conan/data/grpc/1.38.1/_/_/package/44ecaec4536223f790dd5e0a72b2d16b1dfaa76c/bin/grpc_cpp_plugin /home/flexe/Flexe/flexe.proto
make[1]: Leaving directory '/home/flexe/Flexe/src'
22:45:28 **** Incremental Build of configuration gcc-release for project veins ****
make MODE=release -j8 all 
make[1]: Entering directory '/home/flexe/veins-veins-5.2/src'
make[1]: Nothing to be done for 'all'.
make[1]: Leaving directory '/home/flexe/veins-veins-5.2/src'
22:45:29 **** Incremental Build of configuration release for project flexe ****
make MODE=release all 
cd src && make
make[1]: Entering directory '/home/flexe/Flexe/src'
flexe/application/FedLimRSU11p.cc
flexe/application/FedLimRSU11p.cc:225:18: warning: 'random_shuffle<__gnu_cxx::__normal_iterator<int *, std::vector<int>>>' is deprecated: use 'std::shuffle' instead [-Wdeprecated-declarations]
            std::random_shuffle(std::begin(connectedClientsVector), std::end(connectedClientsVector));
                 ^
/usr/bin/../lib/gcc/x86_64-linux-gnu/12/../../../../include/c++/12/bits/stl_algo.h:4539:5: note: 'random_shuffle<__gnu_cxx::__normal_iterator<int *, std::vector<int>>>' has been explicitly marked deprecated here
    _GLIBCXX14_DEPRECATED_SUGGEST("std::shuffle")
    ^
/usr/bin/../lib/gcc/x86_64-linux-gnu/12/../../../../include/x86_64-linux-gnu/c++/12/bits/c++config.h:112:45: note: expanded from macro '_GLIBCXX14_DEPRECATED_SUGGEST'
# define _GLIBCXX14_DEPRECATED_SUGGEST(ALT) _GLIBCXX_DEPRECATED_SUGGEST(ALT)
                                            ^
/usr/bin/../lib/gcc/x86_64-linux-gnu/12/../../../../include/x86_64-linux-gnu/c++/12/bits/c++config.h:96:19: note: expanded from macro '_GLIBCXX_DEPRECATED_SUGGEST'
  __attribute__ ((__deprecated__ ("use '" ALT "' instead")))
                  ^
1 warning generated.
flexe/application/FedSETRANDOMRSU11p.cc
flexe/application/FedSETRANDOMRSU11p.cc:222:18: warning: 'random_shuffle<__gnu_cxx::__normal_iterator<int *, std::vector<int>>>' is deprecated: use 'std::shuffle' instead [-Wdeprecated-declarations]
            std::random_shuffle(std::begin(connectedClientsVector), std::end(connectedClientsVector));
                 ^
/usr/bin/../lib/gcc/x86_64-linux-gnu/12/../../../../include/c++/12/bits/stl_algo.h:4539:5: note: 'random_shuffle<__gnu_cxx::__normal_iterator<int *, std::vector<int>>>' has been explicitly marked deprecated here
    _GLIBCXX14_DEPRECATED_SUGGEST("std::shuffle")
    ^
/usr/bin/../lib/gcc/x86_64-linux-gnu/12/../../../../include/x86_64-linux-gnu/c++/12/bits/c++config.h:112:45: note: expanded from macro '_GLIBCXX14_DEPRECATED_SUGGEST'
# define _GLIBCXX14_DEPRECATED_SUGGEST(ALT) _GLIBCXX_DEPRECATED_SUGGEST(ALT)
                                            ^
/usr/bin/../lib/gcc/x86_64-linux-gnu/12/../../../../include/x86_64-linux-gnu/c++/12/bits/c++config.h:96:19: note: expanded from macro '_GLIBCXX_DEPRECATED_SUGGEST'
  __attribute__ ((__deprecated__ ("use '" ALT "' instead")))
                  ^
1 warning generated.
flexe/application/MLApp.cc
flexe/application/MLEntropyApp.cc
flexe/proto/flexe.grpc.pb.cc
flexe/proto/flexe.pb.cc
Creating shared library: ../out/clang-release/src/libflexe.so
echo /home/flexe/Flexe
/home/flexe/Flexe
/home/flexe/.conan/data/protobuf/3.17.1/_/_/package/53f76f058631e1c3a500008c75af3f37d7786131/bin/protoc --proto_path /home/flexe/Flexe /home/flexe/Flexe/flexe.proto --cpp_out /home/flexe/Flexe/src/flexe/proto/ 
/home/flexe/.conan/data/protobuf/3.17.1/_/_/package/53f76f058631e1c3a500008c75af3f37d7786131/bin/protoc --proto_path /home/flexe/Flexe --grpc_out=/home/flexe/Flexe/src/flexe/proto/ --plugin=protoc-gen-grpc=/home/flexe/.conan/data/grpc/1.38.1/_/_/package/44ecaec4536223f790dd5e0a72b2d16b1dfaa76c/bin/grpc_cpp_plugin /home/flexe/Flexe/flexe.proto
make[1]: Leaving directory '/home/flexe/Flexe/src'
23:03:52 **** Incremental Build of configuration gcc-release for project veins ****
make MODE=release -j8 all 
make[1]: Entering directory '/home/flexe/veins-veins-5.2/src'
make[1]: Nothing to be done for 'all'.
make[1]: Leaving directory '/home/flexe/veins-veins-5.2/src'
23:03:53 **** Incremental Build of configuration release for project flexe ****
make MODE=release all 
cd src && make
make[1]: Entering directory '/home/flexe/Flexe/src'
flexe/application/FedLimRSU11p.cc
flexe/application/FedLimRSU11p.cc:225:18: warning: 'random_shuffle<__gnu_cxx::__normal_iterator<int *, std::vector<int>>>' is deprecated: use 'std::shuffle' instead [-Wdeprecated-declarations]
            std::random_shuffle(std::begin(connectedClientsVector), std::end(connectedClientsVector));
                 ^
/usr/bin/../lib/gcc/x86_64-linux-gnu/12/../../../../include/c++/12/bits/stl_algo.h:4539:5: note: 'random_shuffle<__gnu_cxx::__normal_iterator<int *, std::vector<int>>>' has been explicitly marked deprecated here
    _GLIBCXX14_DEPRECATED_SUGGEST("std::shuffle")
    ^
/usr/bin/../lib/gcc/x86_64-linux-gnu/12/../../../../include/x86_64-linux-gnu/c++/12/bits/c++config.h:112:45: note: expanded from macro '_GLIBCXX14_DEPRECATED_SUGGEST'
# define _GLIBCXX14_DEPRECATED_SUGGEST(ALT) _GLIBCXX_DEPRECATED_SUGGEST(ALT)
                                            ^
/usr/bin/../lib/gcc/x86_64-linux-gnu/12/../../../../include/x86_64-linux-gnu/c++/12/bits/c++config.h:96:19: note: expanded from macro '_GLIBCXX_DEPRECATED_SUGGEST'
  __attribute__ ((__deprecated__ ("use '" ALT "' instead")))
                  ^
1 warning generated.
flexe/application/FedSETRANDOMRSU11p.cc
flexe/application/FedSETRANDOMRSU11p.cc:222:18: warning: 'random_shuffle<__gnu_cxx::__normal_iterator<int *, std::vector<int>>>' is deprecated: use 'std::shuffle' instead [-Wdeprecated-declarations]
            std::random_shuffle(std::begin(connectedClientsVector), std::end(connectedClientsVector));
                 ^
/usr/bin/../lib/gcc/x86_64-linux-gnu/12/../../../../include/c++/12/bits/stl_algo.h:4539:5: note: 'random_shuffle<__gnu_cxx::__normal_iterator<int *, std::vector<int>>>' has been explicitly marked deprecated here
    _GLIBCXX14_DEPRECATED_SUGGEST("std::shuffle")
    ^
/usr/bin/../lib/gcc/x86_64-linux-gnu/12/../../../../include/x86_64-linux-gnu/c++/12/bits/c++config.h:112:45: note: expanded from macro '_GLIBCXX14_DEPRECATED_SUGGEST'
# define _GLIBCXX14_DEPRECATED_SUGGEST(ALT) _GLIBCXX_DEPRECATED_SUGGEST(ALT)
                                            ^
/usr/bin/../lib/gcc/x86_64-linux-gnu/12/../../../../include/x86_64-linux-gnu/c++/12/bits/c++config.h:96:19: note: expanded from macro '_GLIBCXX_DEPRECATED_SUGGEST'
  __attribute__ ((__deprecated__ ("use '" ALT "' instead")))
                  ^
1 warning generated.
flexe/application/MLApp.cc
flexe/application/MLEntropyApp.cc
flexe/proto/flexe.grpc.pb.cc
flexe/proto/flexe.pb.cc
Creating shared library: ../out/clang-release/src/libflexe.so
echo /home/flexe/Flexe
/home/flexe/Flexe
/home/flexe/.conan/data/protobuf/3.17.1/_/_/package/53f76f058631e1c3a500008c75af3f37d7786131/bin/protoc --proto_path /home/flexe/Flexe /home/flexe/Flexe/flexe.proto --cpp_out /home/flexe/Flexe/src/flexe/proto/ 
/home/flexe/.conan/data/protobuf/3.17.1/_/_/package/53f76f058631e1c3a500008c75af3f37d7786131/bin/protoc --proto_path /home/flexe/Flexe --grpc_out=/home/flexe/Flexe/src/flexe/proto/ --plugin=protoc-gen-grpc=/home/flexe/.conan/data/grpc/1.38.1/_/_/package/44ecaec4536223f790dd5e0a72b2d16b1dfaa76c/bin/grpc_cpp_plugin /home/flexe/Flexe/flexe.proto
make[1]: Leaving directory '/home/flexe/Flexe/src'
23:05:02 **** Incremental Build of configuration gcc-release for project veins ****
make MODE=release -j8 all 
make[1]: Entering directory '/home/flexe/veins-veins-5.2/src'
make[1]: Nothing to be done for 'all'.
make[1]: Leaving directory '/home/flexe/veins-veins-5.2/src'
23:05:03 **** Incremental Build of configuration release for project flexe ****
make MODE=release all 
cd src && make
make[1]: Entering directory '/home/flexe/Flexe/src'
flexe/application/FedLimRSU11p.cc
flexe/application/FedLimRSU11p.cc:225:18: warning: 'random_shuffle<__gnu_cxx::__normal_iterator<int *, std::vector<int>>>' is deprecated: use 'std::shuffle' instead [-Wdeprecated-declarations]
            std::random_shuffle(std::begin(connectedClientsVector), std::end(connectedClientsVector));
                 ^
/usr/bin/../lib/gcc/x86_64-linux-gnu/12/../../../../include/c++/12/bits/stl_algo.h:4539:5: note: 'random_shuffle<__gnu_cxx::__normal_iterator<int *, std::vector<int>>>' has been explicitly marked deprecated here
    _GLIBCXX14_DEPRECATED_SUGGEST("std::shuffle")
    ^
/usr/bin/../lib/gcc/x86_64-linux-gnu/12/../../../../include/x86_64-linux-gnu/c++/12/bits/c++config.h:112:45: note: expanded from macro '_GLIBCXX14_DEPRECATED_SUGGEST'
# define _GLIBCXX14_DEPRECATED_SUGGEST(ALT) _GLIBCXX_DEPRECATED_SUGGEST(ALT)
                                            ^
/usr/bin/../lib/gcc/x86_64-linux-gnu/12/../../../../include/x86_64-linux-gnu/c++/12/bits/c++config.h:96:19: note: expanded from macro '_GLIBCXX_DEPRECATED_SUGGEST'
  __attribute__ ((__deprecated__ ("use '" ALT "' instead")))
                  ^
1 warning generated.
flexe/application/FedSETRANDOMRSU11p.cc
flexe/application/FedSETRANDOMRSU11p.cc:222:18: warning: 'random_shuffle<__gnu_cxx::__normal_iterator<int *, std::vector<int>>>' is deprecated: use 'std::shuffle' instead [-Wdeprecated-declarations]
            std::random_shuffle(std::begin(connectedClientsVector), std::end(connectedClientsVector));
                 ^
/usr/bin/../lib/gcc/x86_64-linux-gnu/12/../../../../include/c++/12/bits/stl_algo.h:4539:5: note: 'random_shuffle<__gnu_cxx::__normal_iterator<int *, std::vector<int>>>' has been explicitly marked deprecated here
    _GLIBCXX14_DEPRECATED_SUGGEST("std::shuffle")
    ^
/usr/bin/../lib/gcc/x86_64-linux-gnu/12/../../../../include/x86_64-linux-gnu/c++/12/bits/c++config.h:112:45: note: expanded from macro '_GLIBCXX14_DEPRECATED_SUGGEST'
# define _GLIBCXX14_DEPRECATED_SUGGEST(ALT) _GLIBCXX_DEPRECATED_SUGGEST(ALT)
                                            ^
/usr/bin/../lib/gcc/x86_64-linux-gnu/12/../../../../include/x86_64-linux-gnu/c++/12/bits/c++config.h:96:19: note: expanded from macro '_GLIBCXX_DEPRECATED_SUGGEST'
  __attribute__ ((__deprecated__ ("use '" ALT "' instead")))
                  ^
1 warning generated.
flexe/application/MLApp.cc
flexe/application/MLEntropyApp.cc
flexe/proto/flexe.grpc.pb.cc
flexe/proto/flexe.pb.cc
Creating shared library: ../out/clang-release/src/libflexe.so
echo /home/flexe/Flexe
/home/flexe/Flexe
/home/flexe/.conan/data/protobuf/3.17.1/_/_/package/53f76f058631e1c3a500008c75af3f37d7786131/bin/protoc --proto_path /home/flexe/Flexe /home/flexe/Flexe/flexe.proto --cpp_out /home/flexe/Flexe/src/flexe/proto/ 
/home/flexe/.conan/data/protobuf/3.17.1/_/_/package/53f76f058631e1c3a500008c75af3f37d7786131/bin/protoc --proto_path /home/flexe/Flexe --grpc_out=/home/flexe/Flexe/src/flexe/proto/ --plugin=protoc-gen-grpc=/home/flexe/.conan/data/grpc/1.38.1/_/_/package/44ecaec4536223f790dd5e0a72b2d16b1dfaa76c/bin/grpc_cpp_plugin /home/flexe/Flexe/flexe.proto
make[1]: Leaving directory '/home/flexe/Flexe/src'
01:03:47 **** Incremental Build of configuration gcc-release for project veins ****
make MODE=release -j8 all 
make[1]: Entering directory '/home/flexe/veins-veins-5.2/src'
make[1]: Nothing to be done for 'all'.
make[1]: Leaving directory '/home/flexe/veins-veins-5.2/src'
01:03:48 **** Incremental Build of configuration release for project flexe ****
make MODE=release all 
cd src && make
make[1]: Entering directory '/home/flexe/Flexe/src'
flexe/application/FedLimRSU11p.cc
flexe/application/FedLimRSU11p.cc:225:18: warning: 'random_shuffle<__gnu_cxx::__normal_iterator<int *, std::vector<int>>>' is deprecated: use 'std::shuffle' instead [-Wdeprecated-declarations]
            std::random_shuffle(std::begin(connectedClientsVector), std::end(connectedClientsVector));
                 ^
/usr/bin/../lib/gcc/x86_64-linux-gnu/12/../../../../include/c++/12/bits/stl_algo.h:4539:5: note: 'random_shuffle<__gnu_cxx::__normal_iterator<int *, std::vector<int>>>' has been explicitly marked deprecated here
    _GLIBCXX14_DEPRECATED_SUGGEST("std::shuffle")
    ^
/usr/bin/../lib/gcc/x86_64-linux-gnu/12/../../../../include/x86_64-linux-gnu/c++/12/bits/c++config.h:112:45: note: expanded from macro '_GLIBCXX14_DEPRECATED_SUGGEST'
# define _GLIBCXX14_DEPRECATED_SUGGEST(ALT) _GLIBCXX_DEPRECATED_SUGGEST(ALT)
                                            ^
/usr/bin/../lib/gcc/x86_64-linux-gnu/12/../../../../include/x86_64-linux-gnu/c++/12/bits/c++config.h:96:19: note: expanded from macro '_GLIBCXX_DEPRECATED_SUGGEST'
  __attribute__ ((__deprecated__ ("use '" ALT "' instead")))
                  ^
1 warning generated.
flexe/application/FedSETRANDOMRSU11p.cc
flexe/application/FedSETRANDOMRSU11p.cc:222:18: warning: 'random_shuffle<__gnu_cxx::__normal_iterator<int *, std::vector<int>>>' is deprecated: use 'std::shuffle' instead [-Wdeprecated-declarations]
            std::random_shuffle(std::begin(connectedClientsVector), std::end(connectedClientsVector));
                 ^
/usr/bin/../lib/gcc/x86_64-linux-gnu/12/../../../../include/c++/12/bits/stl_algo.h:4539:5: note: 'random_shuffle<__gnu_cxx::__normal_iterator<int *, std::vector<int>>>' has been explicitly marked deprecated here
    _GLIBCXX14_DEPRECATED_SUGGEST("std::shuffle")
    ^
/usr/bin/../lib/gcc/x86_64-linux-gnu/12/../../../../include/x86_64-linux-gnu/c++/12/bits/c++config.h:112:45: note: expanded from macro '_GLIBCXX14_DEPRECATED_SUGGEST'
# define _GLIBCXX14_DEPRECATED_SUGGEST(ALT) _GLIBCXX_DEPRECATED_SUGGEST(ALT)
                                            ^
/usr/bin/../lib/gcc/x86_64-linux-gnu/12/../../../../include/x86_64-linux-gnu/c++/12/bits/c++config.h:96:19: note: expanded from macro '_GLIBCXX_DEPRECATED_SUGGEST'
  __attribute__ ((__deprecated__ ("use '" ALT "' instead")))
                  ^
1 warning generated.
flexe/application/MLApp.cc
flexe/application/MLEntropyApp.cc
flexe/proto/flexe.grpc.pb.cc
flexe/proto/flexe.pb.cc
Creating shared library: ../out/clang-release/src/libflexe.so
echo /home/flexe/Flexe
/home/flexe/Flexe
/home/flexe/.conan/data/protobuf/3.17.1/_/_/package/53f76f058631e1c3a500008c75af3f37d7786131/bin/protoc --proto_path /home/flexe/Flexe /home/flexe/Flexe/flexe.proto --cpp_out /home/flexe/Flexe/src/flexe/proto/ 
/home/flexe/.conan/data/protobuf/3.17.1/_/_/package/53f76f058631e1c3a500008c75af3f37d7786131/bin/protoc --proto_path /home/flexe/Flexe --grpc_out=/home/flexe/Flexe/src/flexe/proto/ --plugin=protoc-gen-grpc=/home/flexe/.conan/data/grpc/1.38.1/_/_/package/44ecaec4536223f790dd5e0a72b2d16b1dfaa76c/bin/grpc_cpp_plugin /home/flexe/Flexe/flexe.proto
make[1]: Leaving directory '/home/flexe/Flexe/src'
01:04:48 **** Incremental Build of configuration gcc-release for project veins ****
make MODE=release -j8 all 
make[1]: Entering directory '/home/flexe/veins-veins-5.2/src'
make[1]: Nothing to be done for 'all'.
make[1]: Leaving directory '/home/flexe/veins-veins-5.2/src'
01:04:49 **** Incremental Build of configuration release for project flexe ****
make MODE=release all 
cd src && make
make[1]: Entering directory '/home/flexe/Flexe/src'
flexe/application/FedLimRSU11p.cc
flexe/application/FedLimRSU11p.cc:225:18: warning: 'random_shuffle<__gnu_cxx::__normal_iterator<int *, std::vector<int>>>' is deprecated: use 'std::shuffle' instead [-Wdeprecated-declarations]
            std::random_shuffle(std::begin(connectedClientsVector), std::end(connectedClientsVector));
                 ^
/usr/bin/../lib/gcc/x86_64-linux-gnu/12/../../../../include/c++/12/bits/stl_algo.h:4539:5: note: 'random_shuffle<__gnu_cxx::__normal_iterator<int *, std::vector<int>>>' has been explicitly marked deprecated here
    _GLIBCXX14_DEPRECATED_SUGGEST("std::shuffle")
    ^
/usr/bin/../lib/gcc/x86_64-linux-gnu/12/../../../../include/x86_64-linux-gnu/c++/12/bits/c++config.h:112:45: note: expanded from macro '_GLIBCXX14_DEPRECATED_SUGGEST'
# define _GLIBCXX14_DEPRECATED_SUGGEST(ALT) _GLIBCXX_DEPRECATED_SUGGEST(ALT)
                                            ^
/usr/bin/../lib/gcc/x86_64-linux-gnu/12/../../../../include/x86_64-linux-gnu/c++/12/bits/c++config.h:96:19: note: expanded from macro '_GLIBCXX_DEPRECATED_SUGGEST'
  __attribute__ ((__deprecated__ ("use '" ALT "' instead")))
                  ^
1 warning generated.
flexe/application/FedSETRANDOMRSU11p.cc
flexe/application/FedSETRANDOMRSU11p.cc:222:18: warning: 'random_shuffle<__gnu_cxx::__normal_iterator<int *, std::vector<int>>>' is deprecated: use 'std::shuffle' instead [-Wdeprecated-declarations]
            std::random_shuffle(std::begin(connectedClientsVector), std::end(connectedClientsVector));
                 ^
/usr/bin/../lib/gcc/x86_64-linux-gnu/12/../../../../include/c++/12/bits/stl_algo.h:4539:5: note: 'random_shuffle<__gnu_cxx::__normal_iterator<int *, std::vector<int>>>' has been explicitly marked deprecated here
    _GLIBCXX14_DEPRECATED_SUGGEST("std::shuffle")
    ^
/usr/bin/../lib/gcc/x86_64-linux-gnu/12/../../../../include/x86_64-linux-gnu/c++/12/bits/c++config.h:112:45: note: expanded from macro '_GLIBCXX14_DEPRECATED_SUGGEST'
# define _GLIBCXX14_DEPRECATED_SUGGEST(ALT) _GLIBCXX_DEPRECATED_SUGGEST(ALT)
                                            ^
/usr/bin/../lib/gcc/x86_64-linux-gnu/12/../../../../include/x86_64-linux-gnu/c++/12/bits/c++config.h:96:19: note: expanded from macro '_GLIBCXX_DEPRECATED_SUGGEST'
  __attribute__ ((__deprecated__ ("use '" ALT "' instead")))
                  ^
1 warning generated.
flexe/application/MLApp.cc
flexe/application/MLEntropyApp.cc
flexe/proto/flexe.grpc.pb.cc
flexe/proto/flexe.pb.cc
Creating shared library: ../out/clang-release/src/libflexe.so
echo /home/flexe/Flexe
/home/flexe/Flexe
/home/flexe/.conan/data/protobuf/3.17.1/_/_/package/53f76f058631e1c3a500008c75af3f37d7786131/bin/protoc --proto_path /home/flexe/Flexe /home/flexe/Flexe/flexe.proto --cpp_out /home/flexe/Flexe/src/flexe/proto/ 
/home/flexe/.conan/data/protobuf/3.17.1/_/_/package/53f76f058631e1c3a500008c75af3f37d7786131/bin/protoc --proto_path /home/flexe/Flexe --grpc_out=/home/flexe/Flexe/src/flexe/proto/ --plugin=protoc-gen-grpc=/home/flexe/.conan/data/grpc/1.38.1/_/_/package/44ecaec4536223f790dd5e0a72b2d16b1dfaa76c/bin/grpc_cpp_plugin /home/flexe/Flexe/flexe.proto
make[1]: Leaving directory '/home/flexe/Flexe/src'
13:48:11 **** Incremental Build of configuration gcc-release for project veins ****
make MODE=release -j8 all 
make[1]: Entering directory '/home/flexe/veins-veins-5.2/src'
make[1]: Nothing to be done for 'all'.
make[1]: Leaving directory '/home/flexe/veins-veins-5.2/src'
13:48:12 **** Incremental Build of configuration release for project flexe ****
make MODE=release all 
cd src && make
make[1]: Entering directory '/home/flexe/Flexe/src'
flexe/application/FedLimRSU11p.cc
flexe/application/FedLimRSU11p.cc:225:18: warning: 'random_shuffle<__gnu_cxx::__normal_iterator<int *, std::vector<int>>>' is deprecated: use 'std::shuffle' instead [-Wdeprecated-declarations]
            std::random_shuffle(std::begin(connectedClientsVector), std::end(connectedClientsVector));
                 ^
/usr/bin/../lib/gcc/x86_64-linux-gnu/12/../../../../include/c++/12/bits/stl_algo.h:4539:5: note: 'random_shuffle<__gnu_cxx::__normal_iterator<int *, std::vector<int>>>' has been explicitly marked deprecated here
    _GLIBCXX14_DEPRECATED_SUGGEST("std::shuffle")
    ^
/usr/bin/../lib/gcc/x86_64-linux-gnu/12/../../../../include/x86_64-linux-gnu/c++/12/bits/c++config.h:112:45: note: expanded from macro '_GLIBCXX14_DEPRECATED_SUGGEST'
# define _GLIBCXX14_DEPRECATED_SUGGEST(ALT) _GLIBCXX_DEPRECATED_SUGGEST(ALT)
                                            ^
/usr/bin/../lib/gcc/x86_64-linux-gnu/12/../../../../include/x86_64-linux-gnu/c++/12/bits/c++config.h:96:19: note: expanded from macro '_GLIBCXX_DEPRECATED_SUGGEST'
  __attribute__ ((__deprecated__ ("use '" ALT "' instead")))
                  ^
1 warning generated.
flexe/application/FedSETRANDOMRSU11p.cc
flexe/application/FedSETRANDOMRSU11p.cc:222:18: warning: 'random_shuffle<__gnu_cxx::__normal_iterator<int *, std::vector<int>>>' is deprecated: use 'std::shuffle' instead [-Wdeprecated-declarations]
            std::random_shuffle(std::begin(connectedClientsVector), std::end(connectedClientsVector));
                 ^
/usr/bin/../lib/gcc/x86_64-linux-gnu/12/../../../../include/c++/12/bits/stl_algo.h:4539:5: note: 'random_shuffle<__gnu_cxx::__normal_iterator<int *, std::vector<int>>>' has been explicitly marked deprecated here
    _GLIBCXX14_DEPRECATED_SUGGEST("std::shuffle")
    ^
/usr/bin/../lib/gcc/x86_64-linux-gnu/12/../../../../include/x86_64-linux-gnu/c++/12/bits/c++config.h:112:45: note: expanded from macro '_GLIBCXX14_DEPRECATED_SUGGEST'
# define _GLIBCXX14_DEPRECATED_SUGGEST(ALT) _GLIBCXX_DEPRECATED_SUGGEST(ALT)
                                            ^
/usr/bin/../lib/gcc/x86_64-linux-gnu/12/../../../../include/x86_64-linux-gnu/c++/12/bits/c++config.h:96:19: note: expanded from macro '_GLIBCXX_DEPRECATED_SUGGEST'
  __attribute__ ((__deprecated__ ("use '" ALT "' instead")))
                  ^
1 warning generated.
flexe/application/MLApp.cc
flexe/application/MLEntropyApp.cc
flexe/proto/flexe.grpc.pb.cc
flexe/proto/flexe.pb.cc
Creating shared library: ../out/clang-release/src/libflexe.so
echo /home/flexe/Flexe
/home/flexe/Flexe
/home/flexe/.conan/data/protobuf/3.17.1/_/_/package/53f76f058631e1c3a500008c75af3f37d7786131/bin/protoc --proto_path /home/flexe/Flexe /home/flexe/Flexe/flexe.proto --cpp_out /home/flexe/Flexe/src/flexe/proto/ 
/home/flexe/.conan/data/protobuf/3.17.1/_/_/package/53f76f058631e1c3a500008c75af3f37d7786131/bin/protoc --proto_path /home/flexe/Flexe --grpc_out=/home/flexe/Flexe/src/flexe/proto/ --plugin=protoc-gen-grpc=/home/flexe/.conan/data/grpc/1.38.1/_/_/package/44ecaec4536223f790dd5e0a72b2d16b1dfaa76c/bin/grpc_cpp_plugin /home/flexe/Flexe/flexe.proto
make[1]: Leaving directory '/home/flexe/Flexe/src'
13:48:37 **** Incremental Build of configuration gcc-release for project veins ****
make MODE=release -j8 all 
make[1]: Entering directory '/home/flexe/veins-veins-5.2/src'
make[1]: Nothing to be done for 'all'.
make[1]: Leaving directory '/home/flexe/veins-veins-5.2/src'
13:48:37 **** Incremental Build of configuration release for project flexe ****
make MODE=release all 
cd src && make
make[1]: Entering directory '/home/flexe/Flexe/src'
flexe/application/FedLimRSU11p.cc
flexe/application/FedLimRSU11p.cc:225:18: warning: 'random_shuffle<__gnu_cxx::__normal_iterator<int *, std::vector<int>>>' is deprecated: use 'std::shuffle' instead [-Wdeprecated-declarations]
            std::random_shuffle(std::begin(connectedClientsVector), std::end(connectedClientsVector));
                 ^
/usr/bin/../lib/gcc/x86_64-linux-gnu/12/../../../../include/c++/12/bits/stl_algo.h:4539:5: note: 'random_shuffle<__gnu_cxx::__normal_iterator<int *, std::vector<int>>>' has been explicitly marked deprecated here
    _GLIBCXX14_DEPRECATED_SUGGEST("std::shuffle")
    ^
/usr/bin/../lib/gcc/x86_64-linux-gnu/12/../../../../include/x86_64-linux-gnu/c++/12/bits/c++config.h:112:45: note: expanded from macro '_GLIBCXX14_DEPRECATED_SUGGEST'
# define _GLIBCXX14_DEPRECATED_SUGGEST(ALT) _GLIBCXX_DEPRECATED_SUGGEST(ALT)
                                            ^
/usr/bin/../lib/gcc/x86_64-linux-gnu/12/../../../../include/x86_64-linux-gnu/c++/12/bits/c++config.h:96:19: note: expanded from macro '_GLIBCXX_DEPRECATED_SUGGEST'
  __attribute__ ((__deprecated__ ("use '" ALT "' instead")))
                  ^
1 warning generated.
flexe/application/FedSETRANDOMRSU11p.cc
flexe/application/FedSETRANDOMRSU11p.cc:222:18: warning: 'random_shuffle<__gnu_cxx::__normal_iterator<int *, std::vector<int>>>' is deprecated: use 'std::shuffle' instead [-Wdeprecated-declarations]
            std::random_shuffle(std::begin(connectedClientsVector), std::end(connectedClientsVector));
                 ^
/usr/bin/../lib/gcc/x86_64-linux-gnu/12/../../../../include/c++/12/bits/stl_algo.h:4539:5: note: 'random_shuffle<__gnu_cxx::__normal_iterator<int *, std::vector<int>>>' has been explicitly marked deprecated here
    _GLIBCXX14_DEPRECATED_SUGGEST("std::shuffle")
    ^
/usr/bin/../lib/gcc/x86_64-linux-gnu/12/../../../../include/x86_64-linux-gnu/c++/12/bits/c++config.h:112:45: note: expanded from macro '_GLIBCXX14_DEPRECATED_SUGGEST'
# define _GLIBCXX14_DEPRECATED_SUGGEST(ALT) _GLIBCXX_DEPRECATED_SUGGEST(ALT)
                                            ^
/usr/bin/../lib/gcc/x86_64-linux-gnu/12/../../../../include/x86_64-linux-gnu/c++/12/bits/c++config.h:96:19: note: expanded from macro '_GLIBCXX_DEPRECATED_SUGGEST'
  __attribute__ ((__deprecated__ ("use '" ALT "' instead")))
                  ^
1 warning generated.
flexe/application/MLApp.cc
flexe/application/MLEntropyApp.cc
flexe/proto/flexe.grpc.pb.cc
flexe/proto/flexe.pb.cc
Creating shared library: ../out/clang-release/src/libflexe.so
echo /home/flexe/Flexe
/home/flexe/Flexe
/home/flexe/.conan/data/protobuf/3.17.1/_/_/package/53f76f058631e1c3a500008c75af3f37d7786131/bin/protoc --proto_path /home/flexe/Flexe /home/flexe/Flexe/flexe.proto --cpp_out /home/flexe/Flexe/src/flexe/proto/ 
/home/flexe/.conan/data/protobuf/3.17.1/_/_/package/53f76f058631e1c3a500008c75af3f37d7786131/bin/protoc --proto_path /home/flexe/Flexe --grpc_out=/home/flexe/Flexe/src/flexe/proto/ --plugin=protoc-gen-grpc=/home/flexe/.conan/data/grpc/1.38.1/_/_/package/44ecaec4536223f790dd5e0a72b2d16b1dfaa76c/bin/grpc_cpp_plugin /home/flexe/Flexe/flexe.proto
make[1]: Leaving directory '/home/flexe/Flexe/src'
15:28:02 **** Incremental Build of configuration gcc-release for project veins ****
make MODE=release -j8 all 
make[1]: Entering directory '/home/flexe/veins-veins-5.2/src'
make[1]: Nothing to be done for 'all'.
make[1]: Leaving directory '/home/flexe/veins-veins-5.2/src'
15:28:03 **** Incremental Build of configuration release for project flexe ****
make MODE=release all 
cd src && make
make[1]: Entering directory '/home/flexe/Flexe/src'
flexe/application/FedLimRSU11p.cc
flexe/application/FedLimRSU11p.cc:225:18: warning: 'random_shuffle<__gnu_cxx::__normal_iterator<int *, std::vector<int>>>' is deprecated: use 'std::shuffle' instead [-Wdeprecated-declarations]
            std::random_shuffle(std::begin(connectedClientsVector), std::end(connectedClientsVector));
                 ^
/usr/bin/../lib/gcc/x86_64-linux-gnu/12/../../../../include/c++/12/bits/stl_algo.h:4539:5: note: 'random_shuffle<__gnu_cxx::__normal_iterator<int *, std::vector<int>>>' has been explicitly marked deprecated here
    _GLIBCXX14_DEPRECATED_SUGGEST("std::shuffle")
    ^
/usr/bin/../lib/gcc/x86_64-linux-gnu/12/../../../../include/x86_64-linux-gnu/c++/12/bits/c++config.h:112:45: note: expanded from macro '_GLIBCXX14_DEPRECATED_SUGGEST'
# define _GLIBCXX14_DEPRECATED_SUGGEST(ALT) _GLIBCXX_DEPRECATED_SUGGEST(ALT)
                                            ^
/usr/bin/../lib/gcc/x86_64-linux-gnu/12/../../../../include/x86_64-linux-gnu/c++/12/bits/c++config.h:96:19: note: expanded from macro '_GLIBCXX_DEPRECATED_SUGGEST'
  __attribute__ ((__deprecated__ ("use '" ALT "' instead")))
                  ^
1 warning generated.
flexe/application/FedSETRANDOMRSU11p.cc
flexe/application/FedSETRANDOMRSU11p.cc:222:18: warning: 'random_shuffle<__gnu_cxx::__normal_iterator<int *, std::vector<int>>>' is deprecated: use 'std::shuffle' instead [-Wdeprecated-declarations]
            std::random_shuffle(std::begin(connectedClientsVector), std::end(connectedClientsVector));
                 ^
/usr/bin/../lib/gcc/x86_64-linux-gnu/12/../../../../include/c++/12/bits/stl_algo.h:4539:5: note: 'random_shuffle<__gnu_cxx::__normal_iterator<int *, std::vector<int>>>' has been explicitly marked deprecated here
    _GLIBCXX14_DEPRECATED_SUGGEST("std::shuffle")
    ^
/usr/bin/../lib/gcc/x86_64-linux-gnu/12/../../../../include/x86_64-linux-gnu/c++/12/bits/c++config.h:112:45: note: expanded from macro '_GLIBCXX14_DEPRECATED_SUGGEST'
# define _GLIBCXX14_DEPRECATED_SUGGEST(ALT) _GLIBCXX_DEPRECATED_SUGGEST(ALT)
                                            ^
/usr/bin/../lib/gcc/x86_64-linux-gnu/12/../../../../include/x86_64-linux-gnu/c++/12/bits/c++config.h:96:19: note: expanded from macro '_GLIBCXX_DEPRECATED_SUGGEST'
  __attribute__ ((__deprecated__ ("use '" ALT "' instead")))
                  ^
1 warning generated.
flexe/application/MLApp.cc
flexe/application/MLEntropyApp.cc
flexe/proto/flexe.grpc.pb.cc
flexe/proto/flexe.pb.cc
Creating shared library: ../out/clang-release/src/libflexe.so
echo /home/flexe/Flexe
/home/flexe/Flexe
/home/flexe/.conan/data/protobuf/3.17.1/_/_/package/53f76f058631e1c3a500008c75af3f37d7786131/bin/protoc --proto_path /home/flexe/Flexe /home/flexe/Flexe/flexe.proto --cpp_out /home/flexe/Flexe/src/flexe/proto/ 
/home/flexe/.conan/data/protobuf/3.17.1/_/_/package/53f76f058631e1c3a500008c75af3f37d7786131/bin/protoc --proto_path /home/flexe/Flexe --grpc_out=/home/flexe/Flexe/src/flexe/proto/ --plugin=protoc-gen-grpc=/home/flexe/.conan/data/grpc/1.38.1/_/_/package/44ecaec4536223f790dd5e0a72b2d16b1dfaa76c/bin/grpc_cpp_plugin /home/flexe/Flexe/flexe.proto
make[1]: Leaving directory '/home/flexe/Flexe/src'
15:28:27 **** Incremental Build of configuration gcc-release for project veins ****
make MODE=release -j8 all 
make[1]: Entering directory '/home/flexe/veins-veins-5.2/src'
make[1]: Nothing to be done for 'all'.
make[1]: Leaving directory '/home/flexe/veins-veins-5.2/src'
15:28:28 **** Incremental Build of configuration release for project flexe ****
make MODE=release all 
cd src && make
make[1]: Entering directory '/home/flexe/Flexe/src'
flexe/application/FedLimRSU11p.cc
flexe/application/FedLimRSU11p.cc:225:18: warning: 'random_shuffle<__gnu_cxx::__normal_iterator<int *, std::vector<int>>>' is deprecated: use 'std::shuffle' instead [-Wdeprecated-declarations]
            std::random_shuffle(std::begin(connectedClientsVector), std::end(connectedClientsVector));
                 ^
/usr/bin/../lib/gcc/x86_64-linux-gnu/12/../../../../include/c++/12/bits/stl_algo.h:4539:5: note: 'random_shuffle<__gnu_cxx::__normal_iterator<int *, std::vector<int>>>' has been explicitly marked deprecated here
    _GLIBCXX14_DEPRECATED_SUGGEST("std::shuffle")
    ^
/usr/bin/../lib/gcc/x86_64-linux-gnu/12/../../../../include/x86_64-linux-gnu/c++/12/bits/c++config.h:112:45: note: expanded from macro '_GLIBCXX14_DEPRECATED_SUGGEST'
# define _GLIBCXX14_DEPRECATED_SUGGEST(ALT) _GLIBCXX_DEPRECATED_SUGGEST(ALT)
                                            ^
/usr/bin/../lib/gcc/x86_64-linux-gnu/12/../../../../include/x86_64-linux-gnu/c++/12/bits/c++config.h:96:19: note: expanded from macro '_GLIBCXX_DEPRECATED_SUGGEST'
  __attribute__ ((__deprecated__ ("use '" ALT "' instead")))
                  ^
1 warning generated.
flexe/application/FedSETRANDOMRSU11p.cc
flexe/application/FedSETRANDOMRSU11p.cc:222:18: warning: 'random_shuffle<__gnu_cxx::__normal_iterator<int *, std::vector<int>>>' is deprecated: use 'std::shuffle' instead [-Wdeprecated-declarations]
            std::random_shuffle(std::begin(connectedClientsVector), std::end(connectedClientsVector));
                 ^
/usr/bin/../lib/gcc/x86_64-linux-gnu/12/../../../../include/c++/12/bits/stl_algo.h:4539:5: note: 'random_shuffle<__gnu_cxx::__normal_iterator<int *, std::vector<int>>>' has been explicitly marked deprecated here
    _GLIBCXX14_DEPRECATED_SUGGEST("std::shuffle")
    ^
/usr/bin/../lib/gcc/x86_64-linux-gnu/12/../../../../include/x86_64-linux-gnu/c++/12/bits/c++config.h:112:45: note: expanded from macro '_GLIBCXX14_DEPRECATED_SUGGEST'
# define _GLIBCXX14_DEPRECATED_SUGGEST(ALT) _GLIBCXX_DEPRECATED_SUGGEST(ALT)
                                            ^
/usr/bin/../lib/gcc/x86_64-linux-gnu/12/../../../../include/x86_64-linux-gnu/c++/12/bits/c++config.h:96:19: note: expanded from macro '_GLIBCXX_DEPRECATED_SUGGEST'
  __attribute__ ((__deprecated__ ("use '" ALT "' instead")))
                  ^
1 warning generated.
flexe/application/MLApp.cc
flexe/application/MLEntropyApp.cc
flexe/proto/flexe.grpc.pb.cc
flexe/proto/flexe.pb.cc
Creating shared library: ../out/clang-release/src/libflexe.so
echo /home/flexe/Flexe
/home/flexe/Flexe
/home/flexe/.conan/data/protobuf/3.17.1/_/_/package/53f76f058631e1c3a500008c75af3f37d7786131/bin/protoc --proto_path /home/flexe/Flexe /home/flexe/Flexe/flexe.proto --cpp_out /home/flexe/Flexe/src/flexe/proto/ 
/home/flexe/.conan/data/protobuf/3.17.1/_/_/package/53f76f058631e1c3a500008c75af3f37d7786131/bin/protoc --proto_path /home/flexe/Flexe --grpc_out=/home/flexe/Flexe/src/flexe/proto/ --plugin=protoc-gen-grpc=/home/flexe/.conan/data/grpc/1.38.1/_/_/package/44ecaec4536223f790dd5e0a72b2d16b1dfaa76c/bin/grpc_cpp_plugin /home/flexe/Flexe/flexe.proto
make[1]: Leaving directory '/home/flexe/Flexe/src'
01:08:07 **** Incremental Build of configuration gcc-release for project veins ****
make MODE=release -j8 all 
make[1]: Entering directory '/home/flexe/veins-veins-5.2/src'
make[1]: Nothing to be done for 'all'.
make[1]: Leaving directory '/home/flexe/veins-veins-5.2/src'
01:08:08 **** Incremental Build of configuration release for project flexe ****
make MODE=release all 
cd src && make
make[1]: Entering directory '/home/flexe/Flexe/src'
flexe/application/FedLimRSU11p.cc
flexe/application/FedLimRSU11p.cc:225:18: warning: 'random_shuffle<__gnu_cxx::__normal_iterator<int *, std::vector<int>>>' is deprecated: use 'std::shuffle' instead [-Wdeprecated-declarations]
            std::random_shuffle(std::begin(connectedClientsVector), std::end(connectedClientsVector));
                 ^
/usr/bin/../lib/gcc/x86_64-linux-gnu/12/../../../../include/c++/12/bits/stl_algo.h:4539:5: note: 'random_shuffle<__gnu_cxx::__normal_iterator<int *, std::vector<int>>>' has been explicitly marked deprecated here
    _GLIBCXX14_DEPRECATED_SUGGEST("std::shuffle")
    ^
/usr/bin/../lib/gcc/x86_64-linux-gnu/12/../../../../include/x86_64-linux-gnu/c++/12/bits/c++config.h:112:45: note: expanded from macro '_GLIBCXX14_DEPRECATED_SUGGEST'
# define _GLIBCXX14_DEPRECATED_SUGGEST(ALT) _GLIBCXX_DEPRECATED_SUGGEST(ALT)
                                            ^
/usr/bin/../lib/gcc/x86_64-linux-gnu/12/../../../../include/x86_64-linux-gnu/c++/12/bits/c++config.h:96:19: note: expanded from macro '_GLIBCXX_DEPRECATED_SUGGEST'
  __attribute__ ((__deprecated__ ("use '" ALT "' instead")))
                  ^
1 warning generated.
flexe/application/FedSETRANDOMRSU11p.cc
flexe/application/FedSETRANDOMRSU11p.cc:222:18: warning: 'random_shuffle<__gnu_cxx::__normal_iterator<int *, std::vector<int>>>' is deprecated: use 'std::shuffle' instead [-Wdeprecated-declarations]
            std::random_shuffle(std::begin(connectedClientsVector), std::end(connectedClientsVector));
                 ^
/usr/bin/../lib/gcc/x86_64-linux-gnu/12/../../../../include/c++/12/bits/stl_algo.h:4539:5: note: 'random_shuffle<__gnu_cxx::__normal_iterator<int *, std::vector<int>>>' has been explicitly marked deprecated here
    _GLIBCXX14_DEPRECATED_SUGGEST("std::shuffle")
    ^
/usr/bin/../lib/gcc/x86_64-linux-gnu/12/../../../../include/x86_64-linux-gnu/c++/12/bits/c++config.h:112:45: note: expanded from macro '_GLIBCXX14_DEPRECATED_SUGGEST'
# define _GLIBCXX14_DEPRECATED_SUGGEST(ALT) _GLIBCXX_DEPRECATED_SUGGEST(ALT)
                                            ^
/usr/bin/../lib/gcc/x86_64-linux-gnu/12/../../../../include/x86_64-linux-gnu/c++/12/bits/c++config.h:96:19: note: expanded from macro '_GLIBCXX_DEPRECATED_SUGGEST'
  __attribute__ ((__deprecated__ ("use '" ALT "' instead")))
                  ^
1 warning generated.
flexe/application/MLApp.cc
flexe/application/MLEntropyApp.cc
flexe/proto/flexe.grpc.pb.cc
flexe/proto/flexe.pb.cc
Creating shared library: ../out/clang-release/src/libflexe.so
echo /home/flexe/Flexe
/home/flexe/Flexe
/home/flexe/.conan/data/protobuf/3.17.1/_/_/package/53f76f058631e1c3a500008c75af3f37d7786131/bin/protoc --proto_path /home/flexe/Flexe /home/flexe/Flexe/flexe.proto --cpp_out /home/flexe/Flexe/src/flexe/proto/ 
/home/flexe/.conan/data/protobuf/3.17.1/_/_/package/53f76f058631e1c3a500008c75af3f37d7786131/bin/protoc --proto_path /home/flexe/Flexe --grpc_out=/home/flexe/Flexe/src/flexe/proto/ --plugin=protoc-gen-grpc=/home/flexe/.conan/data/grpc/1.38.1/_/_/package/44ecaec4536223f790dd5e0a72b2d16b1dfaa76c/bin/grpc_cpp_plugin /home/flexe/Flexe/flexe.proto
make[1]: Leaving directory '/home/flexe/Flexe/src'
17:15:19 **** Incremental Build of configuration gcc-release for project veins ****
make MODE=release -j8 all 
make[1]: Entering directory '/home/flexe/veins-veins-5.2/src'
make[1]: Nothing to be done for 'all'.
make[1]: Leaving directory '/home/flexe/veins-veins-5.2/src'
17:15:20 **** Incremental Build of configuration release for project flexe ****
make MODE=release all 
cd src && make
make[1]: Entering directory '/home/flexe/Flexe/src'
flexe/application/FedLimRSU11p.cc
flexe/application/FedLimRSU11p.cc:225:18: warning: 'random_shuffle<__gnu_cxx::__normal_iterator<int *, std::vector<int>>>' is deprecated: use 'std::shuffle' instead [-Wdeprecated-declarations]
            std::random_shuffle(std::begin(connectedClientsVector), std::end(connectedClientsVector));
                 ^
/usr/bin/../lib/gcc/x86_64-linux-gnu/12/../../../../include/c++/12/bits/stl_algo.h:4539:5: note: 'random_shuffle<__gnu_cxx::__normal_iterator<int *, std::vector<int>>>' has been explicitly marked deprecated here
    _GLIBCXX14_DEPRECATED_SUGGEST("std::shuffle")
    ^
/usr/bin/../lib/gcc/x86_64-linux-gnu/12/../../../../include/x86_64-linux-gnu/c++/12/bits/c++config.h:112:45: note: expanded from macro '_GLIBCXX14_DEPRECATED_SUGGEST'
# define _GLIBCXX14_DEPRECATED_SUGGEST(ALT) _GLIBCXX_DEPRECATED_SUGGEST(ALT)
                                            ^
/usr/bin/../lib/gcc/x86_64-linux-gnu/12/../../../../include/x86_64-linux-gnu/c++/12/bits/c++config.h:96:19: note: expanded from macro '_GLIBCXX_DEPRECATED_SUGGEST'
  __attribute__ ((__deprecated__ ("use '" ALT "' instead")))
                  ^
1 warning generated.
flexe/application/FedSETRANDOMRSU11p.cc
flexe/application/FedSETRANDOMRSU11p.cc:222:18: warning: 'random_shuffle<__gnu_cxx::__normal_iterator<int *, std::vector<int>>>' is deprecated: use 'std::shuffle' instead [-Wdeprecated-declarations]
            std::random_shuffle(std::begin(connectedClientsVector), std::end(connectedClientsVector));
                 ^
/usr/bin/../lib/gcc/x86_64-linux-gnu/12/../../../../include/c++/12/bits/stl_algo.h:4539:5: note: 'random_shuffle<__gnu_cxx::__normal_iterator<int *, std::vector<int>>>' has been explicitly marked deprecated here
    _GLIBCXX14_DEPRECATED_SUGGEST("std::shuffle")
    ^
/usr/bin/../lib/gcc/x86_64-linux-gnu/12/../../../../include/x86_64-linux-gnu/c++/12/bits/c++config.h:112:45: note: expanded from macro '_GLIBCXX14_DEPRECATED_SUGGEST'
# define _GLIBCXX14_DEPRECATED_SUGGEST(ALT) _GLIBCXX_DEPRECATED_SUGGEST(ALT)
                                            ^
/usr/bin/../lib/gcc/x86_64-linux-gnu/12/../../../../include/x86_64-linux-gnu/c++/12/bits/c++config.h:96:19: note: expanded from macro '_GLIBCXX_DEPRECATED_SUGGEST'
  __attribute__ ((__deprecated__ ("use '" ALT "' instead")))
                  ^
1 warning generated.
flexe/application/MLApp.cc
flexe/application/MLEntropyApp.cc
flexe/proto/flexe.grpc.pb.cc
flexe/proto/flexe.pb.cc
Creating shared library: ../out/clang-release/src/libflexe.so
echo /home/flexe/Flexe
/home/flexe/Flexe
/home/flexe/.conan/data/protobuf/3.17.1/_/_/package/53f76f058631e1c3a500008c75af3f37d7786131/bin/protoc --proto_path /home/flexe/Flexe /home/flexe/Flexe/flexe.proto --cpp_out /home/flexe/Flexe/src/flexe/proto/ 
/home/flexe/.conan/data/protobuf/3.17.1/_/_/package/53f76f058631e1c3a500008c75af3f37d7786131/bin/protoc --proto_path /home/flexe/Flexe --grpc_out=/home/flexe/Flexe/src/flexe/proto/ --plugin=protoc-gen-grpc=/home/flexe/.conan/data/grpc/1.38.1/_/_/package/44ecaec4536223f790dd5e0a72b2d16b1dfaa76c/bin/grpc_cpp_plugin /home/flexe/Flexe/flexe.proto
make[1]: Leaving directory '/home/flexe/Flexe/src'
17:16:26 **** Incremental Build of configuration gcc-release for project veins ****
make MODE=release -j8 all 
make[1]: Entering directory '/home/flexe/veins-veins-5.2/src'
make[1]: Nothing to be done for 'all'.
make[1]: Leaving directory '/home/flexe/veins-veins-5.2/src'
17:16:27 **** Incremental Build of configuration release for project flexe ****
make MODE=release all 
cd src && make
make[1]: Entering directory '/home/flexe/Flexe/src'
flexe/application/FedLimRSU11p.cc
flexe/application/FedLimRSU11p.cc:225:18: warning: 'random_shuffle<__gnu_cxx::__normal_iterator<int *, std::vector<int>>>' is deprecated: use 'std::shuffle' instead [-Wdeprecated-declarations]
            std::random_shuffle(std::begin(connectedClientsVector), std::end(connectedClientsVector));
                 ^
/usr/bin/../lib/gcc/x86_64-linux-gnu/12/../../../../include/c++/12/bits/stl_algo.h:4539:5: note: 'random_shuffle<__gnu_cxx::__normal_iterator<int *, std::vector<int>>>' has been explicitly marked deprecated here
    _GLIBCXX14_DEPRECATED_SUGGEST("std::shuffle")
    ^
/usr/bin/../lib/gcc/x86_64-linux-gnu/12/../../../../include/x86_64-linux-gnu/c++/12/bits/c++config.h:112:45: note: expanded from macro '_GLIBCXX14_DEPRECATED_SUGGEST'
# define _GLIBCXX14_DEPRECATED_SUGGEST(ALT) _GLIBCXX_DEPRECATED_SUGGEST(ALT)
                                            ^
/usr/bin/../lib/gcc/x86_64-linux-gnu/12/../../../../include/x86_64-linux-gnu/c++/12/bits/c++config.h:96:19: note: expanded from macro '_GLIBCXX_DEPRECATED_SUGGEST'
  __attribute__ ((__deprecated__ ("use '" ALT "' instead")))
                  ^
1 warning generated.
flexe/application/FedSETRANDOMRSU11p.cc
flexe/application/FedSETRANDOMRSU11p.cc:222:18: warning: 'random_shuffle<__gnu_cxx::__normal_iterator<int *, std::vector<int>>>' is deprecated: use 'std::shuffle' instead [-Wdeprecated-declarations]
            std::random_shuffle(std::begin(connectedClientsVector), std::end(connectedClientsVector));
                 ^
/usr/bin/../lib/gcc/x86_64-linux-gnu/12/../../../../include/c++/12/bits/stl_algo.h:4539:5: note: 'random_shuffle<__gnu_cxx::__normal_iterator<int *, std::vector<int>>>' has been explicitly marked deprecated here
    _GLIBCXX14_DEPRECATED_SUGGEST("std::shuffle")
    ^
/usr/bin/../lib/gcc/x86_64-linux-gnu/12/../../../../include/x86_64-linux-gnu/c++/12/bits/c++config.h:112:45: note: expanded from macro '_GLIBCXX14_DEPRECATED_SUGGEST'
# define _GLIBCXX14_DEPRECATED_SUGGEST(ALT) _GLIBCXX_DEPRECATED_SUGGEST(ALT)
                                            ^
/usr/bin/../lib/gcc/x86_64-linux-gnu/12/../../../../include/x86_64-linux-gnu/c++/12/bits/c++config.h:96:19: note: expanded from macro '_GLIBCXX_DEPRECATED_SUGGEST'
  __attribute__ ((__deprecated__ ("use '" ALT "' instead")))
                  ^
1 warning generated.
flexe/application/MLApp.cc
flexe/application/MLEntropyApp.cc
flexe/proto/flexe.grpc.pb.cc
flexe/proto/flexe.pb.cc
Creating shared library: ../out/clang-release/src/libflexe.so
echo /home/flexe/Flexe
/home/flexe/Flexe
/home/flexe/.conan/data/protobuf/3.17.1/_/_/package/53f76f058631e1c3a500008c75af3f37d7786131/bin/protoc --proto_path /home/flexe/Flexe /home/flexe/Flexe/flexe.proto --cpp_out /home/flexe/Flexe/src/flexe/proto/ 
/home/flexe/.conan/data/protobuf/3.17.1/_/_/package/53f76f058631e1c3a500008c75af3f37d7786131/bin/protoc --proto_path /home/flexe/Flexe --grpc_out=/home/flexe/Flexe/src/flexe/proto/ --plugin=protoc-gen-grpc=/home/flexe/.conan/data/grpc/1.38.1/_/_/package/44ecaec4536223f790dd5e0a72b2d16b1dfaa76c/bin/grpc_cpp_plugin /home/flexe/Flexe/flexe.proto
make[1]: Leaving directory '/home/flexe/Flexe/src'
17:26:48 **** Incremental Build of configuration gcc-release for project veins ****
make MODE=release -j8 all 
make[1]: Entering directory '/home/flexe/veins-veins-5.2/src'
make[1]: Nothing to be done for 'all'.
make[1]: Leaving directory '/home/flexe/veins-veins-5.2/src'
17:26:49 **** Incremental Build of configuration release for project flexe ****
make MODE=release all 
cd src && make
make[1]: Entering directory '/home/flexe/Flexe/src'
flexe/application/FedLimRSU11p.cc
flexe/application/FedLimRSU11p.cc:252:18: warning: 'random_shuffle<__gnu_cxx::__normal_iterator<int *, std::vector<int>>>' is deprecated: use 'std::shuffle' instead [-Wdeprecated-declarations]
            std::random_shuffle(std::begin(connectedClientsVector), std::end(connectedClientsVector));
                 ^
/usr/bin/../lib/gcc/x86_64-linux-gnu/12/../../../../include/c++/12/bits/stl_algo.h:4539:5: note: 'random_shuffle<__gnu_cxx::__normal_iterator<int *, std::vector<int>>>' has been explicitly marked deprecated here
    _GLIBCXX14_DEPRECATED_SUGGEST("std::shuffle")
    ^
/usr/bin/../lib/gcc/x86_64-linux-gnu/12/../../../../include/x86_64-linux-gnu/c++/12/bits/c++config.h:112:45: note: expanded from macro '_GLIBCXX14_DEPRECATED_SUGGEST'
# define _GLIBCXX14_DEPRECATED_SUGGEST(ALT) _GLIBCXX_DEPRECATED_SUGGEST(ALT)
                                            ^
/usr/bin/../lib/gcc/x86_64-linux-gnu/12/../../../../include/x86_64-linux-gnu/c++/12/bits/c++config.h:96:19: note: expanded from macro '_GLIBCXX_DEPRECATED_SUGGEST'
  __attribute__ ((__deprecated__ ("use '" ALT "' instead")))
                  ^
1 warning generated.
flexe/application/FedSETRANDOMRSU11p.cc
flexe/application/FedSETRANDOMRSU11p.cc:222:18: warning: 'random_shuffle<__gnu_cxx::__normal_iterator<int *, std::vector<int>>>' is deprecated: use 'std::shuffle' instead [-Wdeprecated-declarations]
            std::random_shuffle(std::begin(connectedClientsVector), std::end(connectedClientsVector));
                 ^
/usr/bin/../lib/gcc/x86_64-linux-gnu/12/../../../../include/c++/12/bits/stl_algo.h:4539:5: note: 'random_shuffle<__gnu_cxx::__normal_iterator<int *, std::vector<int>>>' has been explicitly marked deprecated here
    _GLIBCXX14_DEPRECATED_SUGGEST("std::shuffle")
    ^
/usr/bin/../lib/gcc/x86_64-linux-gnu/12/../../../../include/x86_64-linux-gnu/c++/12/bits/c++config.h:112:45: note: expanded from macro '_GLIBCXX14_DEPRECATED_SUGGEST'
# define _GLIBCXX14_DEPRECATED_SUGGEST(ALT) _GLIBCXX_DEPRECATED_SUGGEST(ALT)
                                            ^
/usr/bin/../lib/gcc/x86_64-linux-gnu/12/../../../../include/x86_64-linux-gnu/c++/12/bits/c++config.h:96:19: note: expanded from macro '_GLIBCXX_DEPRECATED_SUGGEST'
  __attribute__ ((__deprecated__ ("use '" ALT "' instead")))
                  ^
1 warning generated.
flexe/application/MLApp.cc
flexe/application/MLEntropyApp.cc
flexe/proto/flexe.grpc.pb.cc
flexe/proto/flexe.pb.cc
Creating shared library: ../out/clang-release/src/libflexe.so
echo /home/flexe/Flexe
/home/flexe/Flexe
/home/flexe/.conan/data/protobuf/3.17.1/_/_/package/53f76f058631e1c3a500008c75af3f37d7786131/bin/protoc --proto_path /home/flexe/Flexe /home/flexe/Flexe/flexe.proto --cpp_out /home/flexe/Flexe/src/flexe/proto/ 
/home/flexe/.conan/data/protobuf/3.17.1/_/_/package/53f76f058631e1c3a500008c75af3f37d7786131/bin/protoc --proto_path /home/flexe/Flexe --grpc_out=/home/flexe/Flexe/src/flexe/proto/ --plugin=protoc-gen-grpc=/home/flexe/.conan/data/grpc/1.38.1/_/_/package/44ecaec4536223f790dd5e0a72b2d16b1dfaa76c/bin/grpc_cpp_plugin /home/flexe/Flexe/flexe.proto
make[1]: Leaving directory '/home/flexe/Flexe/src'
17:28:10 **** Incremental Build of configuration gcc-release for project veins ****
make MODE=release -j8 all 
make[1]: Entering directory '/home/flexe/veins-veins-5.2/src'
make[1]: Nothing to be done for 'all'.
make[1]: Leaving directory '/home/flexe/veins-veins-5.2/src'
17:28:11 **** Incremental Build of configuration release for project flexe ****
make MODE=release all 
cd src && make
make[1]: Entering directory '/home/flexe/Flexe/src'
flexe/application/FedLimRSU11p.cc
flexe/application/FedLimRSU11p.cc:252:18: warning: 'random_shuffle<__gnu_cxx::__normal_iterator<int *, std::vector<int>>>' is deprecated: use 'std::shuffle' instead [-Wdeprecated-declarations]
            std::random_shuffle(std::begin(connectedClientsVector), std::end(connectedClientsVector));
                 ^
/usr/bin/../lib/gcc/x86_64-linux-gnu/12/../../../../include/c++/12/bits/stl_algo.h:4539:5: note: 'random_shuffle<__gnu_cxx::__normal_iterator<int *, std::vector<int>>>' has been explicitly marked deprecated here
    _GLIBCXX14_DEPRECATED_SUGGEST("std::shuffle")
    ^
/usr/bin/../lib/gcc/x86_64-linux-gnu/12/../../../../include/x86_64-linux-gnu/c++/12/bits/c++config.h:112:45: note: expanded from macro '_GLIBCXX14_DEPRECATED_SUGGEST'
# define _GLIBCXX14_DEPRECATED_SUGGEST(ALT) _GLIBCXX_DEPRECATED_SUGGEST(ALT)
                                            ^
/usr/bin/../lib/gcc/x86_64-linux-gnu/12/../../../../include/x86_64-linux-gnu/c++/12/bits/c++config.h:96:19: note: expanded from macro '_GLIBCXX_DEPRECATED_SUGGEST'
  __attribute__ ((__deprecated__ ("use '" ALT "' instead")))
                  ^
1 warning generated.
flexe/application/FedSETRANDOMRSU11p.cc
flexe/application/FedSETRANDOMRSU11p.cc:222:18: warning: 'random_shuffle<__gnu_cxx::__normal_iterator<int *, std::vector<int>>>' is deprecated: use 'std::shuffle' instead [-Wdeprecated-declarations]
            std::random_shuffle(std::begin(connectedClientsVector), std::end(connectedClientsVector));
                 ^
/usr/bin/../lib/gcc/x86_64-linux-gnu/12/../../../../include/c++/12/bits/stl_algo.h:4539:5: note: 'random_shuffle<__gnu_cxx::__normal_iterator<int *, std::vector<int>>>' has been explicitly marked deprecated here
    _GLIBCXX14_DEPRECATED_SUGGEST("std::shuffle")
    ^
/usr/bin/../lib/gcc/x86_64-linux-gnu/12/../../../../include/x86_64-linux-gnu/c++/12/bits/c++config.h:112:45: note: expanded from macro '_GLIBCXX14_DEPRECATED_SUGGEST'
# define _GLIBCXX14_DEPRECATED_SUGGEST(ALT) _GLIBCXX_DEPRECATED_SUGGEST(ALT)
                                            ^
/usr/bin/../lib/gcc/x86_64-linux-gnu/12/../../../../include/x86_64-linux-gnu/c++/12/bits/c++config.h:96:19: note: expanded from macro '_GLIBCXX_DEPRECATED_SUGGEST'
  __attribute__ ((__deprecated__ ("use '" ALT "' instead")))
                  ^
1 warning generated.
flexe/application/MLApp.cc
flexe/application/MLEntropyApp.cc
flexe/proto/flexe.grpc.pb.cc
flexe/proto/flexe.pb.cc
Creating shared library: ../out/clang-release/src/libflexe.so
echo /home/flexe/Flexe
/home/flexe/Flexe
/home/flexe/.conan/data/protobuf/3.17.1/_/_/package/53f76f058631e1c3a500008c75af3f37d7786131/bin/protoc --proto_path /home/flexe/Flexe /home/flexe/Flexe/flexe.proto --cpp_out /home/flexe/Flexe/src/flexe/proto/ 
/home/flexe/.conan/data/protobuf/3.17.1/_/_/package/53f76f058631e1c3a500008c75af3f37d7786131/bin/protoc --proto_path /home/flexe/Flexe --grpc_out=/home/flexe/Flexe/src/flexe/proto/ --plugin=protoc-gen-grpc=/home/flexe/.conan/data/grpc/1.38.1/_/_/package/44ecaec4536223f790dd5e0a72b2d16b1dfaa76c/bin/grpc_cpp_plugin /home/flexe/Flexe/flexe.proto
make[1]: Leaving directory '/home/flexe/Flexe/src'
17:36:51 **** Incremental Build of configuration gcc-release for project veins ****
make MODE=release -j8 all 
make[1]: Entering directory '/home/flexe/veins-veins-5.2/src'
make[1]: Nothing to be done for 'all'.
make[1]: Leaving directory '/home/flexe/veins-veins-5.2/src'
17:36:52 **** Incremental Build of configuration release for project flexe ****
make MODE=release all 
cd src && make
make[1]: Entering directory '/home/flexe/Flexe/src'
flexe/application/FedLimRSU11p.cc
flexe/application/FedLimRSU11p.cc:252:18: warning: 'random_shuffle<__gnu_cxx::__normal_iterator<int *, std::vector<int>>>' is deprecated: use 'std::shuffle' instead [-Wdeprecated-declarations]
            std::random_shuffle(std::begin(connectedClientsVector), std::end(connectedClientsVector));
                 ^
/usr/bin/../lib/gcc/x86_64-linux-gnu/12/../../../../include/c++/12/bits/stl_algo.h:4539:5: note: 'random_shuffle<__gnu_cxx::__normal_iterator<int *, std::vector<int>>>' has been explicitly marked deprecated here
    _GLIBCXX14_DEPRECATED_SUGGEST("std::shuffle")
    ^
/usr/bin/../lib/gcc/x86_64-linux-gnu/12/../../../../include/x86_64-linux-gnu/c++/12/bits/c++config.h:112:45: note: expanded from macro '_GLIBCXX14_DEPRECATED_SUGGEST'
# define _GLIBCXX14_DEPRECATED_SUGGEST(ALT) _GLIBCXX_DEPRECATED_SUGGEST(ALT)
                                            ^
/usr/bin/../lib/gcc/x86_64-linux-gnu/12/../../../../include/x86_64-linux-gnu/c++/12/bits/c++config.h:96:19: note: expanded from macro '_GLIBCXX_DEPRECATED_SUGGEST'
  __attribute__ ((__deprecated__ ("use '" ALT "' instead")))
                  ^
1 warning generated.
flexe/application/FedSETRANDOMRSU11p.cc
flexe/application/FedSETRANDOMRSU11p.cc:222:18: warning: 'random_shuffle<__gnu_cxx::__normal_iterator<int *, std::vector<int>>>' is deprecated: use 'std::shuffle' instead [-Wdeprecated-declarations]
            std::random_shuffle(std::begin(connectedClientsVector), std::end(connectedClientsVector));
                 ^
/usr/bin/../lib/gcc/x86_64-linux-gnu/12/../../../../include/c++/12/bits/stl_algo.h:4539:5: note: 'random_shuffle<__gnu_cxx::__normal_iterator<int *, std::vector<int>>>' has been explicitly marked deprecated here
    _GLIBCXX14_DEPRECATED_SUGGEST("std::shuffle")
    ^
/usr/bin/../lib/gcc/x86_64-linux-gnu/12/../../../../include/x86_64-linux-gnu/c++/12/bits/c++config.h:112:45: note: expanded from macro '_GLIBCXX14_DEPRECATED_SUGGEST'
# define _GLIBCXX14_DEPRECATED_SUGGEST(ALT) _GLIBCXX_DEPRECATED_SUGGEST(ALT)
                                            ^
/usr/bin/../lib/gcc/x86_64-linux-gnu/12/../../../../include/x86_64-linux-gnu/c++/12/bits/c++config.h:96:19: note: expanded from macro '_GLIBCXX_DEPRECATED_SUGGEST'
  __attribute__ ((__deprecated__ ("use '" ALT "' instead")))
                  ^
1 warning generated.
flexe/application/MLApp.cc
flexe/application/MLEntropyApp.cc
flexe/proto/flexe.grpc.pb.cc
flexe/proto/flexe.pb.cc
Creating shared library: ../out/clang-release/src/libflexe.so
echo /home/flexe/Flexe
/home/flexe/Flexe
/home/flexe/.conan/data/protobuf/3.17.1/_/_/package/53f76f058631e1c3a500008c75af3f37d7786131/bin/protoc --proto_path /home/flexe/Flexe /home/flexe/Flexe/flexe.proto --cpp_out /home/flexe/Flexe/src/flexe/proto/ 
/home/flexe/.conan/data/protobuf/3.17.1/_/_/package/53f76f058631e1c3a500008c75af3f37d7786131/bin/protoc --proto_path /home/flexe/Flexe --grpc_out=/home/flexe/Flexe/src/flexe/proto/ --plugin=protoc-gen-grpc=/home/flexe/.conan/data/grpc/1.38.1/_/_/package/44ecaec4536223f790dd5e0a72b2d16b1dfaa76c/bin/grpc_cpp_plugin /home/flexe/Flexe/flexe.proto
make[1]: Leaving directory '/home/flexe/Flexe/src'
17:37:26 **** Incremental Build of configuration gcc-release for project veins ****
make MODE=release -j8 all 
make[1]: Entering directory '/home/flexe/veins-veins-5.2/src'
make[1]: Nothing to be done for 'all'.
make[1]: Leaving directory '/home/flexe/veins-veins-5.2/src'
17:37:26 **** Incremental Build of configuration release for project flexe ****
make MODE=release all 
cd src && make
make[1]: Entering directory '/home/flexe/Flexe/src'
flexe/application/FedLimRSU11p.cc
flexe/application/FedLimRSU11p.cc:252:18: warning: 'random_shuffle<__gnu_cxx::__normal_iterator<int *, std::vector<int>>>' is deprecated: use 'std::shuffle' instead [-Wdeprecated-declarations]
            std::random_shuffle(std::begin(connectedClientsVector), std::end(connectedClientsVector));
                 ^
/usr/bin/../lib/gcc/x86_64-linux-gnu/12/../../../../include/c++/12/bits/stl_algo.h:4539:5: note: 'random_shuffle<__gnu_cxx::__normal_iterator<int *, std::vector<int>>>' has been explicitly marked deprecated here
    _GLIBCXX14_DEPRECATED_SUGGEST("std::shuffle")
    ^
/usr/bin/../lib/gcc/x86_64-linux-gnu/12/../../../../include/x86_64-linux-gnu/c++/12/bits/c++config.h:112:45: note: expanded from macro '_GLIBCXX14_DEPRECATED_SUGGEST'
# define _GLIBCXX14_DEPRECATED_SUGGEST(ALT) _GLIBCXX_DEPRECATED_SUGGEST(ALT)
                                            ^
/usr/bin/../lib/gcc/x86_64-linux-gnu/12/../../../../include/x86_64-linux-gnu/c++/12/bits/c++config.h:96:19: note: expanded from macro '_GLIBCXX_DEPRECATED_SUGGEST'
  __attribute__ ((__deprecated__ ("use '" ALT "' instead")))
                  ^
1 warning generated.
flexe/application/FedSETRANDOMRSU11p.cc
flexe/application/FedSETRANDOMRSU11p.cc:222:18: warning: 'random_shuffle<__gnu_cxx::__normal_iterator<int *, std::vector<int>>>' is deprecated: use 'std::shuffle' instead [-Wdeprecated-declarations]
            std::random_shuffle(std::begin(connectedClientsVector), std::end(connectedClientsVector));
                 ^
/usr/bin/../lib/gcc/x86_64-linux-gnu/12/../../../../include/c++/12/bits/stl_algo.h:4539:5: note: 'random_shuffle<__gnu_cxx::__normal_iterator<int *, std::vector<int>>>' has been explicitly marked deprecated here
    _GLIBCXX14_DEPRECATED_SUGGEST("std::shuffle")
    ^
/usr/bin/../lib/gcc/x86_64-linux-gnu/12/../../../../include/x86_64-linux-gnu/c++/12/bits/c++config.h:112:45: note: expanded from macro '_GLIBCXX14_DEPRECATED_SUGGEST'
# define _GLIBCXX14_DEPRECATED_SUGGEST(ALT) _GLIBCXX_DEPRECATED_SUGGEST(ALT)
                                            ^
/usr/bin/../lib/gcc/x86_64-linux-gnu/12/../../../../include/x86_64-linux-gnu/c++/12/bits/c++config.h:96:19: note: expanded from macro '_GLIBCXX_DEPRECATED_SUGGEST'
  __attribute__ ((__deprecated__ ("use '" ALT "' instead")))
                  ^
1 warning generated.
flexe/application/MLApp.cc
flexe/application/MLEntropyApp.cc
flexe/proto/flexe.grpc.pb.cc
flexe/proto/flexe.pb.cc
Creating shared library: ../out/clang-release/src/libflexe.so
echo /home/flexe/Flexe
/home/flexe/Flexe
/home/flexe/.conan/data/protobuf/3.17.1/_/_/package/53f76f058631e1c3a500008c75af3f37d7786131/bin/protoc --proto_path /home/flexe/Flexe /home/flexe/Flexe/flexe.proto --cpp_out /home/flexe/Flexe/src/flexe/proto/ 
/home/flexe/.conan/data/protobuf/3.17.1/_/_/package/53f76f058631e1c3a500008c75af3f37d7786131/bin/protoc --proto_path /home/flexe/Flexe --grpc_out=/home/flexe/Flexe/src/flexe/proto/ --plugin=protoc-gen-grpc=/home/flexe/.conan/data/grpc/1.38.1/_/_/package/44ecaec4536223f790dd5e0a72b2d16b1dfaa76c/bin/grpc_cpp_plugin /home/flexe/Flexe/flexe.proto
make[1]: Leaving directory '/home/flexe/Flexe/src'
00:47:09 **** Incremental Build of configuration gcc-release for project veins ****
make MODE=release -j8 all 
make[1]: Entering directory '/home/flexe/veins-veins-5.2/src'
make[1]: Nothing to be done for 'all'.
make[1]: Leaving directory '/home/flexe/veins-veins-5.2/src'
00:47:11 **** Incremental Build of configuration release for project flexe ****
make MODE=release all 
cd src && make
make[1]: Entering directory '/home/flexe/Flexe/src'
flexe/application/FedLimRSU11p.cc
flexe/application/FedLimRSU11p.cc:252:18: warning: 'random_shuffle<__gnu_cxx::__normal_iterator<int *, std::vector<int>>>' is deprecated: use 'std::shuffle' instead [-Wdeprecated-declarations]
            std::random_shuffle(std::begin(connectedClientsVector), std::end(connectedClientsVector));
                 ^
/usr/bin/../lib/gcc/x86_64-linux-gnu/12/../../../../include/c++/12/bits/stl_algo.h:4539:5: note: 'random_shuffle<__gnu_cxx::__normal_iterator<int *, std::vector<int>>>' has been explicitly marked deprecated here
    _GLIBCXX14_DEPRECATED_SUGGEST("std::shuffle")
    ^
/usr/bin/../lib/gcc/x86_64-linux-gnu/12/../../../../include/x86_64-linux-gnu/c++/12/bits/c++config.h:112:45: note: expanded from macro '_GLIBCXX14_DEPRECATED_SUGGEST'
# define _GLIBCXX14_DEPRECATED_SUGGEST(ALT) _GLIBCXX_DEPRECATED_SUGGEST(ALT)
                                            ^
/usr/bin/../lib/gcc/x86_64-linux-gnu/12/../../../../include/x86_64-linux-gnu/c++/12/bits/c++config.h:96:19: note: expanded from macro '_GLIBCXX_DEPRECATED_SUGGEST'
  __attribute__ ((__deprecated__ ("use '" ALT "' instead")))
                  ^
1 warning generated.
flexe/application/FedSETRANDOMRSU11p.cc
flexe/application/FedSETRANDOMRSU11p.cc:222:18: warning: 'random_shuffle<__gnu_cxx::__normal_iterator<int *, std::vector<int>>>' is deprecated: use 'std::shuffle' instead [-Wdeprecated-declarations]
            std::random_shuffle(std::begin(connectedClientsVector), std::end(connectedClientsVector));
                 ^
/usr/bin/../lib/gcc/x86_64-linux-gnu/12/../../../../include/c++/12/bits/stl_algo.h:4539:5: note: 'random_shuffle<__gnu_cxx::__normal_iterator<int *, std::vector<int>>>' has been explicitly marked deprecated here
    _GLIBCXX14_DEPRECATED_SUGGEST("std::shuffle")
    ^
/usr/bin/../lib/gcc/x86_64-linux-gnu/12/../../../../include/x86_64-linux-gnu/c++/12/bits/c++config.h:112:45: note: expanded from macro '_GLIBCXX14_DEPRECATED_SUGGEST'
# define _GLIBCXX14_DEPRECATED_SUGGEST(ALT) _GLIBCXX_DEPRECATED_SUGGEST(ALT)
                                            ^
/usr/bin/../lib/gcc/x86_64-linux-gnu/12/../../../../include/x86_64-linux-gnu/c++/12/bits/c++config.h:96:19: note: expanded from macro '_GLIBCXX_DEPRECATED_SUGGEST'
  __attribute__ ((__deprecated__ ("use '" ALT "' instead")))
                  ^
1 warning generated.
flexe/application/MLApp.cc
flexe/application/MLEntropyApp.cc
flexe/proto/flexe.grpc.pb.cc
flexe/proto/flexe.pb.cc
Creating shared library: ../out/clang-release/src/libflexe.so
echo /home/flexe/Flexe
/home/flexe/Flexe
/home/flexe/.conan/data/protobuf/3.17.1/_/_/package/53f76f058631e1c3a500008c75af3f37d7786131/bin/protoc --proto_path /home/flexe/Flexe /home/flexe/Flexe/flexe.proto --cpp_out /home/flexe/Flexe/src/flexe/proto/ 
/home/flexe/.conan/data/protobuf/3.17.1/_/_/package/53f76f058631e1c3a500008c75af3f37d7786131/bin/protoc --proto_path /home/flexe/Flexe --grpc_out=/home/flexe/Flexe/src/flexe/proto/ --plugin=protoc-gen-grpc=/home/flexe/.conan/data/grpc/1.38.1/_/_/package/44ecaec4536223f790dd5e0a72b2d16b1dfaa76c/bin/grpc_cpp_plugin /home/flexe/Flexe/flexe.proto
make[1]: Leaving directory '/home/flexe/Flexe/src'
00:50:20 **** Incremental Build of configuration gcc-release for project veins ****
make MODE=release -j8 all 
make[1]: Entering directory '/home/flexe/veins-veins-5.2/src'
make[1]: Nothing to be done for 'all'.
make[1]: Leaving directory '/home/flexe/veins-veins-5.2/src'
00:50:21 **** Incremental Build of configuration release for project flexe ****
make MODE=release all 
cd src && make
make[1]: Entering directory '/home/flexe/Flexe/src'
flexe/application/FedLimRSU11p.cc
flexe/application/FedLimRSU11p.cc:252:18: warning: 'random_shuffle<__gnu_cxx::__normal_iterator<int *, std::vector<int>>>' is deprecated: use 'std::shuffle' instead [-Wdeprecated-declarations]
            std::random_shuffle(std::begin(connectedClientsVector), std::end(connectedClientsVector));
                 ^
/usr/bin/../lib/gcc/x86_64-linux-gnu/12/../../../../include/c++/12/bits/stl_algo.h:4539:5: note: 'random_shuffle<__gnu_cxx::__normal_iterator<int *, std::vector<int>>>' has been explicitly marked deprecated here
    _GLIBCXX14_DEPRECATED_SUGGEST("std::shuffle")
    ^
/usr/bin/../lib/gcc/x86_64-linux-gnu/12/../../../../include/x86_64-linux-gnu/c++/12/bits/c++config.h:112:45: note: expanded from macro '_GLIBCXX14_DEPRECATED_SUGGEST'
# define _GLIBCXX14_DEPRECATED_SUGGEST(ALT) _GLIBCXX_DEPRECATED_SUGGEST(ALT)
                                            ^
/usr/bin/../lib/gcc/x86_64-linux-gnu/12/../../../../include/x86_64-linux-gnu/c++/12/bits/c++config.h:96:19: note: expanded from macro '_GLIBCXX_DEPRECATED_SUGGEST'
  __attribute__ ((__deprecated__ ("use '" ALT "' instead")))
                  ^
1 warning generated.
flexe/application/FedSETRANDOMRSU11p.cc
flexe/application/FedSETRANDOMRSU11p.cc:222:18: warning: 'random_shuffle<__gnu_cxx::__normal_iterator<int *, std::vector<int>>>' is deprecated: use 'std::shuffle' instead [-Wdeprecated-declarations]
            std::random_shuffle(std::begin(connectedClientsVector), std::end(connectedClientsVector));
                 ^
/usr/bin/../lib/gcc/x86_64-linux-gnu/12/../../../../include/c++/12/bits/stl_algo.h:4539:5: note: 'random_shuffle<__gnu_cxx::__normal_iterator<int *, std::vector<int>>>' has been explicitly marked deprecated here
    _GLIBCXX14_DEPRECATED_SUGGEST("std::shuffle")
    ^
/usr/bin/../lib/gcc/x86_64-linux-gnu/12/../../../../include/x86_64-linux-gnu/c++/12/bits/c++config.h:112:45: note: expanded from macro '_GLIBCXX14_DEPRECATED_SUGGEST'
# define _GLIBCXX14_DEPRECATED_SUGGEST(ALT) _GLIBCXX_DEPRECATED_SUGGEST(ALT)
                                            ^
/usr/bin/../lib/gcc/x86_64-linux-gnu/12/../../../../include/x86_64-linux-gnu/c++/12/bits/c++config.h:96:19: note: expanded from macro '_GLIBCXX_DEPRECATED_SUGGEST'
  __attribute__ ((__deprecated__ ("use '" ALT "' instead")))
                  ^
1 warning generated.
flexe/application/MLApp.cc
flexe/application/MLApp.cc:372:70: error: use of undeclared identifier 'delay'
                      " | Time: " + std::to_string(simTime().dbl() + delay));
                                                                     ^
1 error generated.
make[1]: *** [Makefile:128: ../out/clang-release/src/flexe/application/MLApp.o] Error 1
make: *** [Makefile:2: all] Error 2
make[1]: Leaving directory '/home/flexe/Flexe/src'
"make MODE=release all" terminated with exit code 2. Build might be incomplete.
00:51:42 **** Incremental Build of configuration gcc-release for project veins ****
make MODE=release -j8 all 
make[1]: Entering directory '/home/flexe/veins-veins-5.2/src'
make[1]: Nothing to be done for 'all'.
make[1]: Leaving directory '/home/flexe/veins-veins-5.2/src'
00:51:43 **** Incremental Build of configuration release for project flexe ****
make MODE=release all 
cd src && make
make[1]: Entering directory '/home/flexe/Flexe/src'
flexe/application/MLApp.cc
flexe/application/MLApp.cc:375:70: error: use of undeclared identifier 'delay'
                      " | Time: " + std::to_string(simTime().dbl() + delay));
                                                                     ^
1 error generated.
make[1]: Leaving directory '/home/flexe/Flexe/src'
make[1]: *** [Makefile:128: ../out/clang-release/src/flexe/application/MLApp.o] Error 1
make: *** [Makefile:2: all] Error 2
"make MODE=release all" terminated with exit code 2. Build might be incomplete.
00:54:15 **** Incremental Build of configuration gcc-release for project veins ****
make MODE=release -j8 all 
make[1]: Entering directory '/home/flexe/veins-veins-5.2/src'
make[1]: Nothing to be done for 'all'.
make[1]: Leaving directory '/home/flexe/veins-veins-5.2/src'
00:54:16 **** Incremental Build of configuration release for project flexe ****
make MODE=release all 
cd src && make
make[1]: Entering directory '/home/flexe/Flexe/src'
flexe/application/MLApp.cc
flexe/application/MLEntropyApp.cc
flexe/proto/flexe.grpc.pb.cc
flexe/proto/flexe.pb.cc
Creating shared library: ../out/clang-release/src/libflexe.so
echo /home/flexe/Flexe
/home/flexe/Flexe
/home/flexe/.conan/data/protobuf/3.17.1/_/_/package/53f76f058631e1c3a500008c75af3f37d7786131/bin/protoc --proto_path /home/flexe/Flexe /home/flexe/Flexe/flexe.proto --cpp_out /home/flexe/Flexe/src/flexe/proto/ 
/home/flexe/.conan/data/protobuf/3.17.1/_/_/package/53f76f058631e1c3a500008c75af3f37d7786131/bin/protoc --proto_path /home/flexe/Flexe --grpc_out=/home/flexe/Flexe/src/flexe/proto/ --plugin=protoc-gen-grpc=/home/flexe/.conan/data/grpc/1.38.1/_/_/package/44ecaec4536223f790dd5e0a72b2d16b1dfaa76c/bin/grpc_cpp_plugin /home/flexe/Flexe/flexe.proto
make[1]: Leaving directory '/home/flexe/Flexe/src'
00:54:55 **** Incremental Build of configuration gcc-release for project veins ****
make MODE=release -j8 all 
make[1]: Entering directory '/home/flexe/veins-veins-5.2/src'
make[1]: Nothing to be done for 'all'.
make[1]: Leaving directory '/home/flexe/veins-veins-5.2/src'
00:54:56 **** Incremental Build of configuration release for project flexe ****
make MODE=release all 
cd src && make
make[1]: Entering directory '/home/flexe/Flexe/src'
flexe/application/FedLimRSU11p.cc
flexe/application/FedLimRSU11p.cc:252:18: warning: 'random_shuffle<__gnu_cxx::__normal_iterator<int *, std::vector<int>>>' is deprecated: use 'std::shuffle' instead [-Wdeprecated-declarations]
            std::random_shuffle(std::begin(connectedClientsVector), std::end(connectedClientsVector));
                 ^
/usr/bin/../lib/gcc/x86_64-linux-gnu/12/../../../../include/c++/12/bits/stl_algo.h:4539:5: note: 'random_shuffle<__gnu_cxx::__normal_iterator<int *, std::vector<int>>>' has been explicitly marked deprecated here
    _GLIBCXX14_DEPRECATED_SUGGEST("std::shuffle")
    ^
/usr/bin/../lib/gcc/x86_64-linux-gnu/12/../../../../include/x86_64-linux-gnu/c++/12/bits/c++config.h:112:45: note: expanded from macro '_GLIBCXX14_DEPRECATED_SUGGEST'
# define _GLIBCXX14_DEPRECATED_SUGGEST(ALT) _GLIBCXX_DEPRECATED_SUGGEST(ALT)
                                            ^
/usr/bin/../lib/gcc/x86_64-linux-gnu/12/../../../../include/x86_64-linux-gnu/c++/12/bits/c++config.h:96:19: note: expanded from macro '_GLIBCXX_DEPRECATED_SUGGEST'
  __attribute__ ((__deprecated__ ("use '" ALT "' instead")))
                  ^
1 warning generated.
flexe/application/FedSETRANDOMRSU11p.cc
flexe/application/FedSETRANDOMRSU11p.cc:222:18: warning: 'random_shuffle<__gnu_cxx::__normal_iterator<int *, std::vector<int>>>' is deprecated: use 'std::shuffle' instead [-Wdeprecated-declarations]
            std::random_shuffle(std::begin(connectedClientsVector), std::end(connectedClientsVector));
                 ^
/usr/bin/../lib/gcc/x86_64-linux-gnu/12/../../../../include/c++/12/bits/stl_algo.h:4539:5: note: 'random_shuffle<__gnu_cxx::__normal_iterator<int *, std::vector<int>>>' has been explicitly marked deprecated here
    _GLIBCXX14_DEPRECATED_SUGGEST("std::shuffle")
    ^
/usr/bin/../lib/gcc/x86_64-linux-gnu/12/../../../../include/x86_64-linux-gnu/c++/12/bits/c++config.h:112:45: note: expanded from macro '_GLIBCXX14_DEPRECATED_SUGGEST'
# define _GLIBCXX14_DEPRECATED_SUGGEST(ALT) _GLIBCXX_DEPRECATED_SUGGEST(ALT)
                                            ^
/usr/bin/../lib/gcc/x86_64-linux-gnu/12/../../../../include/x86_64-linux-gnu/c++/12/bits/c++config.h:96:19: note: expanded from macro '_GLIBCXX_DEPRECATED_SUGGEST'
  __attribute__ ((__deprecated__ ("use '" ALT "' instead")))
                  ^
1 warning generated.
flexe/application/MLApp.cc
flexe/application/MLEntropyApp.cc
flexe/proto/flexe.grpc.pb.cc
flexe/proto/flexe.pb.cc
Creating shared library: ../out/clang-release/src/libflexe.so
echo /home/flexe/Flexe
/home/flexe/Flexe
/home/flexe/.conan/data/protobuf/3.17.1/_/_/package/53f76f058631e1c3a500008c75af3f37d7786131/bin/protoc --proto_path /home/flexe/Flexe /home/flexe/Flexe/flexe.proto --cpp_out /home/flexe/Flexe/src/flexe/proto/ 
/home/flexe/.conan/data/protobuf/3.17.1/_/_/package/53f76f058631e1c3a500008c75af3f37d7786131/bin/protoc --proto_path /home/flexe/Flexe --grpc_out=/home/flexe/Flexe/src/flexe/proto/ --plugin=protoc-gen-grpc=/home/flexe/.conan/data/grpc/1.38.1/_/_/package/44ecaec4536223f790dd5e0a72b2d16b1dfaa76c/bin/grpc_cpp_plugin /home/flexe/Flexe/flexe.proto
make[1]: Leaving directory '/home/flexe/Flexe/src'
01:00:06 **** Incremental Build of configuration gcc-release for project veins ****
make MODE=release -j8 all 
make[1]: Entering directory '/home/flexe/veins-veins-5.2/src'
make[1]: Nothing to be done for 'all'.
make[1]: Leaving directory '/home/flexe/veins-veins-5.2/src'
01:00:07 **** Incremental Build of configuration release for project flexe ****
make MODE=release all 
cd src && make
make[1]: Entering directory '/home/flexe/Flexe/src'
flexe/application/FedLimRSU11p.cc
flexe/application/FedLimRSU11p.cc:252:18: warning: 'random_shuffle<__gnu_cxx::__normal_iterator<int *, std::vector<int>>>' is deprecated: use 'std::shuffle' instead [-Wdeprecated-declarations]
            std::random_shuffle(std::begin(connectedClientsVector), std::end(connectedClientsVector));
                 ^
/usr/bin/../lib/gcc/x86_64-linux-gnu/12/../../../../include/c++/12/bits/stl_algo.h:4539:5: note: 'random_shuffle<__gnu_cxx::__normal_iterator<int *, std::vector<int>>>' has been explicitly marked deprecated here
    _GLIBCXX14_DEPRECATED_SUGGEST("std::shuffle")
    ^
/usr/bin/../lib/gcc/x86_64-linux-gnu/12/../../../../include/x86_64-linux-gnu/c++/12/bits/c++config.h:112:45: note: expanded from macro '_GLIBCXX14_DEPRECATED_SUGGEST'
# define _GLIBCXX14_DEPRECATED_SUGGEST(ALT) _GLIBCXX_DEPRECATED_SUGGEST(ALT)
                                            ^
/usr/bin/../lib/gcc/x86_64-linux-gnu/12/../../../../include/x86_64-linux-gnu/c++/12/bits/c++config.h:96:19: note: expanded from macro '_GLIBCXX_DEPRECATED_SUGGEST'
  __attribute__ ((__deprecated__ ("use '" ALT "' instead")))
                  ^
1 warning generated.
flexe/application/FedSETRANDOMRSU11p.cc
flexe/application/FedSETRANDOMRSU11p.cc:222:18: warning: 'random_shuffle<__gnu_cxx::__normal_iterator<int *, std::vector<int>>>' is deprecated: use 'std::shuffle' instead [-Wdeprecated-declarations]
            std::random_shuffle(std::begin(connectedClientsVector), std::end(connectedClientsVector));
                 ^
/usr/bin/../lib/gcc/x86_64-linux-gnu/12/../../../../include/c++/12/bits/stl_algo.h:4539:5: note: 'random_shuffle<__gnu_cxx::__normal_iterator<int *, std::vector<int>>>' has been explicitly marked deprecated here
    _GLIBCXX14_DEPRECATED_SUGGEST("std::shuffle")
    ^
/usr/bin/../lib/gcc/x86_64-linux-gnu/12/../../../../include/x86_64-linux-gnu/c++/12/bits/c++config.h:112:45: note: expanded from macro '_GLIBCXX14_DEPRECATED_SUGGEST'
# define _GLIBCXX14_DEPRECATED_SUGGEST(ALT) _GLIBCXX_DEPRECATED_SUGGEST(ALT)
                                            ^
/usr/bin/../lib/gcc/x86_64-linux-gnu/12/../../../../include/x86_64-linux-gnu/c++/12/bits/c++config.h:96:19: note: expanded from macro '_GLIBCXX_DEPRECATED_SUGGEST'
  __attribute__ ((__deprecated__ ("use '" ALT "' instead")))
                  ^
1 warning generated.
flexe/application/MLApp.cc
flexe/application/MLEntropyApp.cc
flexe/proto/flexe.grpc.pb.cc
flexe/proto/flexe.pb.cc
Creating shared library: ../out/clang-release/src/libflexe.so
echo /home/flexe/Flexe
/home/flexe/Flexe
/home/flexe/.conan/data/protobuf/3.17.1/_/_/package/53f76f058631e1c3a500008c75af3f37d7786131/bin/protoc --proto_path /home/flexe/Flexe /home/flexe/Flexe/flexe.proto --cpp_out /home/flexe/Flexe/src/flexe/proto/ 
/home/flexe/.conan/data/protobuf/3.17.1/_/_/package/53f76f058631e1c3a500008c75af3f37d7786131/bin/protoc --proto_path /home/flexe/Flexe --grpc_out=/home/flexe/Flexe/src/flexe/proto/ --plugin=protoc-gen-grpc=/home/flexe/.conan/data/grpc/1.38.1/_/_/package/44ecaec4536223f790dd5e0a72b2d16b1dfaa76c/bin/grpc_cpp_plugin /home/flexe/Flexe/flexe.proto
make[1]: Leaving directory '/home/flexe/Flexe/src'
01:06:36 **** Incremental Build of configuration gcc-release for project veins ****
make MODE=release -j8 all 
make[1]: Entering directory '/home/flexe/veins-veins-5.2/src'
make[1]: Nothing to be done for 'all'.
make[1]: Leaving directory '/home/flexe/veins-veins-5.2/src'
01:06:37 **** Incremental Build of configuration release for project flexe ****
make MODE=release all 
cd src && make
make[1]: Entering directory '/home/flexe/Flexe/src'
flexe/application/FedLimRSU11p.cc
flexe/application/FedLimRSU11p.cc:252:18: warning: 'random_shuffle<__gnu_cxx::__normal_iterator<int *, std::vector<int>>>' is deprecated: use 'std::shuffle' instead [-Wdeprecated-declarations]
            std::random_shuffle(std::begin(connectedClientsVector), std::end(connectedClientsVector));
                 ^
/usr/bin/../lib/gcc/x86_64-linux-gnu/12/../../../../include/c++/12/bits/stl_algo.h:4539:5: note: 'random_shuffle<__gnu_cxx::__normal_iterator<int *, std::vector<int>>>' has been explicitly marked deprecated here
    _GLIBCXX14_DEPRECATED_SUGGEST("std::shuffle")
    ^
/usr/bin/../lib/gcc/x86_64-linux-gnu/12/../../../../include/x86_64-linux-gnu/c++/12/bits/c++config.h:112:45: note: expanded from macro '_GLIBCXX14_DEPRECATED_SUGGEST'
# define _GLIBCXX14_DEPRECATED_SUGGEST(ALT) _GLIBCXX_DEPRECATED_SUGGEST(ALT)
                                            ^
/usr/bin/../lib/gcc/x86_64-linux-gnu/12/../../../../include/x86_64-linux-gnu/c++/12/bits/c++config.h:96:19: note: expanded from macro '_GLIBCXX_DEPRECATED_SUGGEST'
  __attribute__ ((__deprecated__ ("use '" ALT "' instead")))
                  ^
1 warning generated.
flexe/application/FedSETRANDOMRSU11p.cc
flexe/application/FedSETRANDOMRSU11p.cc:222:18: warning: 'random_shuffle<__gnu_cxx::__normal_iterator<int *, std::vector<int>>>' is deprecated: use 'std::shuffle' instead [-Wdeprecated-declarations]
            std::random_shuffle(std::begin(connectedClientsVector), std::end(connectedClientsVector));
                 ^
/usr/bin/../lib/gcc/x86_64-linux-gnu/12/../../../../include/c++/12/bits/stl_algo.h:4539:5: note: 'random_shuffle<__gnu_cxx::__normal_iterator<int *, std::vector<int>>>' has been explicitly marked deprecated here
    _GLIBCXX14_DEPRECATED_SUGGEST("std::shuffle")
    ^
/usr/bin/../lib/gcc/x86_64-linux-gnu/12/../../../../include/x86_64-linux-gnu/c++/12/bits/c++config.h:112:45: note: expanded from macro '_GLIBCXX14_DEPRECATED_SUGGEST'
# define _GLIBCXX14_DEPRECATED_SUGGEST(ALT) _GLIBCXX_DEPRECATED_SUGGEST(ALT)
                                            ^
/usr/bin/../lib/gcc/x86_64-linux-gnu/12/../../../../include/x86_64-linux-gnu/c++/12/bits/c++config.h:96:19: note: expanded from macro '_GLIBCXX_DEPRECATED_SUGGEST'
  __attribute__ ((__deprecated__ ("use '" ALT "' instead")))
                  ^
1 warning generated.
flexe/application/MLApp.cc
flexe/application/MLEntropyApp.cc
flexe/proto/flexe.grpc.pb.cc
flexe/proto/flexe.pb.cc
Creating shared library: ../out/clang-release/src/libflexe.so
echo /home/flexe/Flexe
/home/flexe/Flexe
/home/flexe/.conan/data/protobuf/3.17.1/_/_/package/53f76f058631e1c3a500008c75af3f37d7786131/bin/protoc --proto_path /home/flexe/Flexe /home/flexe/Flexe/flexe.proto --cpp_out /home/flexe/Flexe/src/flexe/proto/ 
/home/flexe/.conan/data/protobuf/3.17.1/_/_/package/53f76f058631e1c3a500008c75af3f37d7786131/bin/protoc --proto_path /home/flexe/Flexe --grpc_out=/home/flexe/Flexe/src/flexe/proto/ --plugin=protoc-gen-grpc=/home/flexe/.conan/data/grpc/1.38.1/_/_/package/44ecaec4536223f790dd5e0a72b2d16b1dfaa76c/bin/grpc_cpp_plugin /home/flexe/Flexe/flexe.proto
make[1]: Leaving directory '/home/flexe/Flexe/src'
01:07:16 **** Incremental Build of configuration gcc-release for project veins ****
make MODE=release -j8 all 
make[1]: Entering directory '/home/flexe/veins-veins-5.2/src'
make[1]: Nothing to be done for 'all'.
make[1]: Leaving directory '/home/flexe/veins-veins-5.2/src'
01:07:16 **** Incremental Build of configuration release for project flexe ****
make MODE=release all 
cd src && make
make[1]: Entering directory '/home/flexe/Flexe/src'
flexe/application/FedLimRSU11p.cc
flexe/application/FedLimRSU11p.cc:252:18: warning: 'random_shuffle<__gnu_cxx::__normal_iterator<int *, std::vector<int>>>' is deprecated: use 'std::shuffle' instead [-Wdeprecated-declarations]
            std::random_shuffle(std::begin(connectedClientsVector), std::end(connectedClientsVector));
                 ^
/usr/bin/../lib/gcc/x86_64-linux-gnu/12/../../../../include/c++/12/bits/stl_algo.h:4539:5: note: 'random_shuffle<__gnu_cxx::__normal_iterator<int *, std::vector<int>>>' has been explicitly marked deprecated here
    _GLIBCXX14_DEPRECATED_SUGGEST("std::shuffle")
    ^
/usr/bin/../lib/gcc/x86_64-linux-gnu/12/../../../../include/x86_64-linux-gnu/c++/12/bits/c++config.h:112:45: note: expanded from macro '_GLIBCXX14_DEPRECATED_SUGGEST'
# define _GLIBCXX14_DEPRECATED_SUGGEST(ALT) _GLIBCXX_DEPRECATED_SUGGEST(ALT)
                                            ^
/usr/bin/../lib/gcc/x86_64-linux-gnu/12/../../../../include/x86_64-linux-gnu/c++/12/bits/c++config.h:96:19: note: expanded from macro '_GLIBCXX_DEPRECATED_SUGGEST'
  __attribute__ ((__deprecated__ ("use '" ALT "' instead")))
                  ^
1 warning generated.
flexe/application/FedSETRANDOMRSU11p.cc
flexe/application/FedSETRANDOMRSU11p.cc:222:18: warning: 'random_shuffle<__gnu_cxx::__normal_iterator<int *, std::vector<int>>>' is deprecated: use 'std::shuffle' instead [-Wdeprecated-declarations]
            std::random_shuffle(std::begin(connectedClientsVector), std::end(connectedClientsVector));
                 ^
/usr/bin/../lib/gcc/x86_64-linux-gnu/12/../../../../include/c++/12/bits/stl_algo.h:4539:5: note: 'random_shuffle<__gnu_cxx::__normal_iterator<int *, std::vector<int>>>' has been explicitly marked deprecated here
    _GLIBCXX14_DEPRECATED_SUGGEST("std::shuffle")
    ^
/usr/bin/../lib/gcc/x86_64-linux-gnu/12/../../../../include/x86_64-linux-gnu/c++/12/bits/c++config.h:112:45: note: expanded from macro '_GLIBCXX14_DEPRECATED_SUGGEST'
# define _GLIBCXX14_DEPRECATED_SUGGEST(ALT) _GLIBCXX_DEPRECATED_SUGGEST(ALT)
                                            ^
/usr/bin/../lib/gcc/x86_64-linux-gnu/12/../../../../include/x86_64-linux-gnu/c++/12/bits/c++config.h:96:19: note: expanded from macro '_GLIBCXX_DEPRECATED_SUGGEST'
  __attribute__ ((__deprecated__ ("use '" ALT "' instead")))
                  ^
1 warning generated.
flexe/application/MLApp.cc
flexe/application/MLEntropyApp.cc
flexe/proto/flexe.grpc.pb.cc
flexe/proto/flexe.pb.cc
Creating shared library: ../out/clang-release/src/libflexe.so
echo /home/flexe/Flexe
/home/flexe/Flexe
/home/flexe/.conan/data/protobuf/3.17.1/_/_/package/53f76f058631e1c3a500008c75af3f37d7786131/bin/protoc --proto_path /home/flexe/Flexe /home/flexe/Flexe/flexe.proto --cpp_out /home/flexe/Flexe/src/flexe/proto/ 
/home/flexe/.conan/data/protobuf/3.17.1/_/_/package/53f76f058631e1c3a500008c75af3f37d7786131/bin/protoc --proto_path /home/flexe/Flexe --grpc_out=/home/flexe/Flexe/src/flexe/proto/ --plugin=protoc-gen-grpc=/home/flexe/.conan/data/grpc/1.38.1/_/_/package/44ecaec4536223f790dd5e0a72b2d16b1dfaa76c/bin/grpc_cpp_plugin /home/flexe/Flexe/flexe.proto
make[1]: Leaving directory '/home/flexe/Flexe/src'
01:12:21 **** Incremental Build of configuration gcc-release for project veins ****
make MODE=release -j8 all 
make[1]: Entering directory '/home/flexe/veins-veins-5.2/src'
make[1]: Nothing to be done for 'all'.
make[1]: Leaving directory '/home/flexe/veins-veins-5.2/src'
01:12:22 **** Incremental Build of configuration release for project flexe ****
make MODE=release all 
cd src && make
make[1]: Entering directory '/home/flexe/Flexe/src'
flexe/application/FedLimRSU11p.cc
flexe/application/FedLimRSU11p.cc:252:18: warning: 'random_shuffle<__gnu_cxx::__normal_iterator<int *, std::vector<int>>>' is deprecated: use 'std::shuffle' instead [-Wdeprecated-declarations]
            std::random_shuffle(std::begin(connectedClientsVector), std::end(connectedClientsVector));
                 ^
/usr/bin/../lib/gcc/x86_64-linux-gnu/12/../../../../include/c++/12/bits/stl_algo.h:4539:5: note: 'random_shuffle<__gnu_cxx::__normal_iterator<int *, std::vector<int>>>' has been explicitly marked deprecated here
    _GLIBCXX14_DEPRECATED_SUGGEST("std::shuffle")
    ^
/usr/bin/../lib/gcc/x86_64-linux-gnu/12/../../../../include/x86_64-linux-gnu/c++/12/bits/c++config.h:112:45: note: expanded from macro '_GLIBCXX14_DEPRECATED_SUGGEST'
# define _GLIBCXX14_DEPRECATED_SUGGEST(ALT) _GLIBCXX_DEPRECATED_SUGGEST(ALT)
                                            ^
/usr/bin/../lib/gcc/x86_64-linux-gnu/12/../../../../include/x86_64-linux-gnu/c++/12/bits/c++config.h:96:19: note: expanded from macro '_GLIBCXX_DEPRECATED_SUGGEST'
  __attribute__ ((__deprecated__ ("use '" ALT "' instead")))
                  ^
1 warning generated.
flexe/application/FedSETRANDOMRSU11p.cc
flexe/application/FedSETRANDOMRSU11p.cc:222:18: warning: 'random_shuffle<__gnu_cxx::__normal_iterator<int *, std::vector<int>>>' is deprecated: use 'std::shuffle' instead [-Wdeprecated-declarations]
            std::random_shuffle(std::begin(connectedClientsVector), std::end(connectedClientsVector));
                 ^
/usr/bin/../lib/gcc/x86_64-linux-gnu/12/../../../../include/c++/12/bits/stl_algo.h:4539:5: note: 'random_shuffle<__gnu_cxx::__normal_iterator<int *, std::vector<int>>>' has been explicitly marked deprecated here
    _GLIBCXX14_DEPRECATED_SUGGEST("std::shuffle")
    ^
/usr/bin/../lib/gcc/x86_64-linux-gnu/12/../../../../include/x86_64-linux-gnu/c++/12/bits/c++config.h:112:45: note: expanded from macro '_GLIBCXX14_DEPRECATED_SUGGEST'
# define _GLIBCXX14_DEPRECATED_SUGGEST(ALT) _GLIBCXX_DEPRECATED_SUGGEST(ALT)
                                            ^
/usr/bin/../lib/gcc/x86_64-linux-gnu/12/../../../../include/x86_64-linux-gnu/c++/12/bits/c++config.h:96:19: note: expanded from macro '_GLIBCXX_DEPRECATED_SUGGEST'
  __attribute__ ((__deprecated__ ("use '" ALT "' instead")))
                  ^
1 warning generated.
flexe/application/MLApp.cc
flexe/application/MLEntropyApp.cc
flexe/proto/flexe.grpc.pb.cc
flexe/proto/flexe.pb.cc
Creating shared library: ../out/clang-release/src/libflexe.so
echo /home/flexe/Flexe
/home/flexe/Flexe
/home/flexe/.conan/data/protobuf/3.17.1/_/_/package/53f76f058631e1c3a500008c75af3f37d7786131/bin/protoc --proto_path /home/flexe/Flexe /home/flexe/Flexe/flexe.proto --cpp_out /home/flexe/Flexe/src/flexe/proto/ 
/home/flexe/.conan/data/protobuf/3.17.1/_/_/package/53f76f058631e1c3a500008c75af3f37d7786131/bin/protoc --proto_path /home/flexe/Flexe --grpc_out=/home/flexe/Flexe/src/flexe/proto/ --plugin=protoc-gen-grpc=/home/flexe/.conan/data/grpc/1.38.1/_/_/package/44ecaec4536223f790dd5e0a72b2d16b1dfaa76c/bin/grpc_cpp_plugin /home/flexe/Flexe/flexe.proto
make[1]: Leaving directory '/home/flexe/Flexe/src'
01:14:41 **** Incremental Build of configuration gcc-release for project veins ****
make MODE=release -j8 all 
make[1]: Entering directory '/home/flexe/veins-veins-5.2/src'
make[1]: Nothing to be done for 'all'.
make[1]: Leaving directory '/home/flexe/veins-veins-5.2/src'
01:14:42 **** Incremental Build of configuration release for project flexe ****
make MODE=release all 
cd src && make
make[1]: Entering directory '/home/flexe/Flexe/src'
flexe/application/FedLimRSU11p.cc
flexe/application/FedLimRSU11p.cc:252:18: warning: 'random_shuffle<__gnu_cxx::__normal_iterator<int *, std::vector<int>>>' is deprecated: use 'std::shuffle' instead [-Wdeprecated-declarations]
            std::random_shuffle(std::begin(connectedClientsVector), std::end(connectedClientsVector));
                 ^
/usr/bin/../lib/gcc/x86_64-linux-gnu/12/../../../../include/c++/12/bits/stl_algo.h:4539:5: note: 'random_shuffle<__gnu_cxx::__normal_iterator<int *, std::vector<int>>>' has been explicitly marked deprecated here
    _GLIBCXX14_DEPRECATED_SUGGEST("std::shuffle")
    ^
/usr/bin/../lib/gcc/x86_64-linux-gnu/12/../../../../include/x86_64-linux-gnu/c++/12/bits/c++config.h:112:45: note: expanded from macro '_GLIBCXX14_DEPRECATED_SUGGEST'
# define _GLIBCXX14_DEPRECATED_SUGGEST(ALT) _GLIBCXX_DEPRECATED_SUGGEST(ALT)
                                            ^
/usr/bin/../lib/gcc/x86_64-linux-gnu/12/../../../../include/x86_64-linux-gnu/c++/12/bits/c++config.h:96:19: note: expanded from macro '_GLIBCXX_DEPRECATED_SUGGEST'
  __attribute__ ((__deprecated__ ("use '" ALT "' instead")))
                  ^
1 warning generated.
flexe/application/FedSETRANDOMRSU11p.cc
flexe/application/FedSETRANDOMRSU11p.cc:222:18: warning: 'random_shuffle<__gnu_cxx::__normal_iterator<int *, std::vector<int>>>' is deprecated: use 'std::shuffle' instead [-Wdeprecated-declarations]
            std::random_shuffle(std::begin(connectedClientsVector), std::end(connectedClientsVector));
                 ^
/usr/bin/../lib/gcc/x86_64-linux-gnu/12/../../../../include/c++/12/bits/stl_algo.h:4539:5: note: 'random_shuffle<__gnu_cxx::__normal_iterator<int *, std::vector<int>>>' has been explicitly marked deprecated here
    _GLIBCXX14_DEPRECATED_SUGGEST("std::shuffle")
    ^
/usr/bin/../lib/gcc/x86_64-linux-gnu/12/../../../../include/x86_64-linux-gnu/c++/12/bits/c++config.h:112:45: note: expanded from macro '_GLIBCXX14_DEPRECATED_SUGGEST'
# define _GLIBCXX14_DEPRECATED_SUGGEST(ALT) _GLIBCXX_DEPRECATED_SUGGEST(ALT)
                                            ^
/usr/bin/../lib/gcc/x86_64-linux-gnu/12/../../../../include/x86_64-linux-gnu/c++/12/bits/c++config.h:96:19: note: expanded from macro '_GLIBCXX_DEPRECATED_SUGGEST'
  __attribute__ ((__deprecated__ ("use '" ALT "' instead")))
                  ^
1 warning generated.
flexe/application/MLApp.cc
flexe/application/MLEntropyApp.cc
flexe/proto/flexe.grpc.pb.cc
flexe/proto/flexe.pb.cc
Creating shared library: ../out/clang-release/src/libflexe.so
echo /home/flexe/Flexe
/home/flexe/Flexe
/home/flexe/.conan/data/protobuf/3.17.1/_/_/package/53f76f058631e1c3a500008c75af3f37d7786131/bin/protoc --proto_path /home/flexe/Flexe /home/flexe/Flexe/flexe.proto --cpp_out /home/flexe/Flexe/src/flexe/proto/ 
/home/flexe/.conan/data/protobuf/3.17.1/_/_/package/53f76f058631e1c3a500008c75af3f37d7786131/bin/protoc --proto_path /home/flexe/Flexe --grpc_out=/home/flexe/Flexe/src/flexe/proto/ --plugin=protoc-gen-grpc=/home/flexe/.conan/data/grpc/1.38.1/_/_/package/44ecaec4536223f790dd5e0a72b2d16b1dfaa76c/bin/grpc_cpp_plugin /home/flexe/Flexe/flexe.proto
make[1]: Leaving directory '/home/flexe/Flexe/src'
01:15:18 **** Incremental Build of configuration gcc-release for project veins ****
make MODE=release -j8 all 
make[1]: Entering directory '/home/flexe/veins-veins-5.2/src'
make[1]: Nothing to be done for 'all'.
make[1]: Leaving directory '/home/flexe/veins-veins-5.2/src'
01:15:18 **** Incremental Build of configuration release for project flexe ****
make MODE=release all 
cd src && make
make[1]: Entering directory '/home/flexe/Flexe/src'
flexe/application/FedLimRSU11p.cc
flexe/application/FedLimRSU11p.cc:252:18: warning: 'random_shuffle<__gnu_cxx::__normal_iterator<int *, std::vector<int>>>' is deprecated: use 'std::shuffle' instead [-Wdeprecated-declarations]
            std::random_shuffle(std::begin(connectedClientsVector), std::end(connectedClientsVector));
                 ^
/usr/bin/../lib/gcc/x86_64-linux-gnu/12/../../../../include/c++/12/bits/stl_algo.h:4539:5: note: 'random_shuffle<__gnu_cxx::__normal_iterator<int *, std::vector<int>>>' has been explicitly marked deprecated here
    _GLIBCXX14_DEPRECATED_SUGGEST("std::shuffle")
    ^
/usr/bin/../lib/gcc/x86_64-linux-gnu/12/../../../../include/x86_64-linux-gnu/c++/12/bits/c++config.h:112:45: note: expanded from macro '_GLIBCXX14_DEPRECATED_SUGGEST'
# define _GLIBCXX14_DEPRECATED_SUGGEST(ALT) _GLIBCXX_DEPRECATED_SUGGEST(ALT)
                                            ^
/usr/bin/../lib/gcc/x86_64-linux-gnu/12/../../../../include/x86_64-linux-gnu/c++/12/bits/c++config.h:96:19: note: expanded from macro '_GLIBCXX_DEPRECATED_SUGGEST'
  __attribute__ ((__deprecated__ ("use '" ALT "' instead")))
                  ^
1 warning generated.
flexe/application/FedSETRANDOMRSU11p.cc
flexe/application/FedSETRANDOMRSU11p.cc:222:18: warning: 'random_shuffle<__gnu_cxx::__normal_iterator<int *, std::vector<int>>>' is deprecated: use 'std::shuffle' instead [-Wdeprecated-declarations]
            std::random_shuffle(std::begin(connectedClientsVector), std::end(connectedClientsVector));
                 ^
/usr/bin/../lib/gcc/x86_64-linux-gnu/12/../../../../include/c++/12/bits/stl_algo.h:4539:5: note: 'random_shuffle<__gnu_cxx::__normal_iterator<int *, std::vector<int>>>' has been explicitly marked deprecated here
    _GLIBCXX14_DEPRECATED_SUGGEST("std::shuffle")
    ^
/usr/bin/../lib/gcc/x86_64-linux-gnu/12/../../../../include/x86_64-linux-gnu/c++/12/bits/c++config.h:112:45: note: expanded from macro '_GLIBCXX14_DEPRECATED_SUGGEST'
# define _GLIBCXX14_DEPRECATED_SUGGEST(ALT) _GLIBCXX_DEPRECATED_SUGGEST(ALT)
                                            ^
/usr/bin/../lib/gcc/x86_64-linux-gnu/12/../../../../include/x86_64-linux-gnu/c++/12/bits/c++config.h:96:19: note: expanded from macro '_GLIBCXX_DEPRECATED_SUGGEST'
  __attribute__ ((__deprecated__ ("use '" ALT "' instead")))
                  ^
1 warning generated.
flexe/application/MLApp.cc
flexe/application/MLEntropyApp.cc
flexe/proto/flexe.grpc.pb.cc
flexe/proto/flexe.pb.cc
Creating shared library: ../out/clang-release/src/libflexe.so
echo /home/flexe/Flexe
/home/flexe/Flexe
/home/flexe/.conan/data/protobuf/3.17.1/_/_/package/53f76f058631e1c3a500008c75af3f37d7786131/bin/protoc --proto_path /home/flexe/Flexe /home/flexe/Flexe/flexe.proto --cpp_out /home/flexe/Flexe/src/flexe/proto/ 
/home/flexe/.conan/data/protobuf/3.17.1/_/_/package/53f76f058631e1c3a500008c75af3f37d7786131/bin/protoc --proto_path /home/flexe/Flexe --grpc_out=/home/flexe/Flexe/src/flexe/proto/ --plugin=protoc-gen-grpc=/home/flexe/.conan/data/grpc/1.38.1/_/_/package/44ecaec4536223f790dd5e0a72b2d16b1dfaa76c/bin/grpc_cpp_plugin /home/flexe/Flexe/flexe.proto
make[1]: Leaving directory '/home/flexe/Flexe/src'
01:19:11 **** Incremental Build of configuration gcc-release for project veins ****
make MODE=release -j8 all 
make[1]: Entering directory '/home/flexe/veins-veins-5.2/src'
make[1]: Nothing to be done for 'all'.
make[1]: Leaving directory '/home/flexe/veins-veins-5.2/src'
01:19:11 **** Incremental Build of configuration release for project flexe ****
make MODE=release all 
cd src && make
make[1]: Entering directory '/home/flexe/Flexe/src'
flexe/application/FedLimRSU11p.cc
flexe/application/FedLimRSU11p.cc:252:18: warning: 'random_shuffle<__gnu_cxx::__normal_iterator<int *, std::vector<int>>>' is deprecated: use 'std::shuffle' instead [-Wdeprecated-declarations]
            std::random_shuffle(std::begin(connectedClientsVector), std::end(connectedClientsVector));
                 ^
/usr/bin/../lib/gcc/x86_64-linux-gnu/12/../../../../include/c++/12/bits/stl_algo.h:4539:5: note: 'random_shuffle<__gnu_cxx::__normal_iterator<int *, std::vector<int>>>' has been explicitly marked deprecated here
    _GLIBCXX14_DEPRECATED_SUGGEST("std::shuffle")
    ^
/usr/bin/../lib/gcc/x86_64-linux-gnu/12/../../../../include/x86_64-linux-gnu/c++/12/bits/c++config.h:112:45: note: expanded from macro '_GLIBCXX14_DEPRECATED_SUGGEST'
# define _GLIBCXX14_DEPRECATED_SUGGEST(ALT) _GLIBCXX_DEPRECATED_SUGGEST(ALT)
                                            ^
/usr/bin/../lib/gcc/x86_64-linux-gnu/12/../../../../include/x86_64-linux-gnu/c++/12/bits/c++config.h:96:19: note: expanded from macro '_GLIBCXX_DEPRECATED_SUGGEST'
  __attribute__ ((__deprecated__ ("use '" ALT "' instead")))
                  ^
1 warning generated.
flexe/application/FedSETRANDOMRSU11p.cc
flexe/application/FedSETRANDOMRSU11p.cc:222:18: warning: 'random_shuffle<__gnu_cxx::__normal_iterator<int *, std::vector<int>>>' is deprecated: use 'std::shuffle' instead [-Wdeprecated-declarations]
            std::random_shuffle(std::begin(connectedClientsVector), std::end(connectedClientsVector));
                 ^
/usr/bin/../lib/gcc/x86_64-linux-gnu/12/../../../../include/c++/12/bits/stl_algo.h:4539:5: note: 'random_shuffle<__gnu_cxx::__normal_iterator<int *, std::vector<int>>>' has been explicitly marked deprecated here
    _GLIBCXX14_DEPRECATED_SUGGEST("std::shuffle")
    ^
/usr/bin/../lib/gcc/x86_64-linux-gnu/12/../../../../include/x86_64-linux-gnu/c++/12/bits/c++config.h:112:45: note: expanded from macro '_GLIBCXX14_DEPRECATED_SUGGEST'
# define _GLIBCXX14_DEPRECATED_SUGGEST(ALT) _GLIBCXX_DEPRECATED_SUGGEST(ALT)
                                            ^
/usr/bin/../lib/gcc/x86_64-linux-gnu/12/../../../../include/x86_64-linux-gnu/c++/12/bits/c++config.h:96:19: note: expanded from macro '_GLIBCXX_DEPRECATED_SUGGEST'
  __attribute__ ((__deprecated__ ("use '" ALT "' instead")))
                  ^
1 warning generated.
flexe/application/MLApp.cc
flexe/application/MLEntropyApp.cc
flexe/proto/flexe.grpc.pb.cc
flexe/proto/flexe.pb.cc
Creating shared library: ../out/clang-release/src/libflexe.so
echo /home/flexe/Flexe
/home/flexe/Flexe
/home/flexe/.conan/data/protobuf/3.17.1/_/_/package/53f76f058631e1c3a500008c75af3f37d7786131/bin/protoc --proto_path /home/flexe/Flexe /home/flexe/Flexe/flexe.proto --cpp_out /home/flexe/Flexe/src/flexe/proto/ 
/home/flexe/.conan/data/protobuf/3.17.1/_/_/package/53f76f058631e1c3a500008c75af3f37d7786131/bin/protoc --proto_path /home/flexe/Flexe --grpc_out=/home/flexe/Flexe/src/flexe/proto/ --plugin=protoc-gen-grpc=/home/flexe/.conan/data/grpc/1.38.1/_/_/package/44ecaec4536223f790dd5e0a72b2d16b1dfaa76c/bin/grpc_cpp_plugin /home/flexe/Flexe/flexe.proto
make[1]: Leaving directory '/home/flexe/Flexe/src'
01:19:42 **** Incremental Build of configuration gcc-release for project veins ****
make MODE=release -j8 all 
make[1]: Entering directory '/home/flexe/veins-veins-5.2/src'
make[1]: Nothing to be done for 'all'.
make[1]: Leaving directory '/home/flexe/veins-veins-5.2/src'
01:19:43 **** Incremental Build of configuration release for project flexe ****
make MODE=release all 
cd src && make
make[1]: Entering directory '/home/flexe/Flexe/src'
flexe/application/FedLimRSU11p.cc
flexe/application/FedLimRSU11p.cc:252:18: warning: 'random_shuffle<__gnu_cxx::__normal_iterator<int *, std::vector<int>>>' is deprecated: use 'std::shuffle' instead [-Wdeprecated-declarations]
            std::random_shuffle(std::begin(connectedClientsVector), std::end(connectedClientsVector));
                 ^
/usr/bin/../lib/gcc/x86_64-linux-gnu/12/../../../../include/c++/12/bits/stl_algo.h:4539:5: note: 'random_shuffle<__gnu_cxx::__normal_iterator<int *, std::vector<int>>>' has been explicitly marked deprecated here
    _GLIBCXX14_DEPRECATED_SUGGEST("std::shuffle")
    ^
/usr/bin/../lib/gcc/x86_64-linux-gnu/12/../../../../include/x86_64-linux-gnu/c++/12/bits/c++config.h:112:45: note: expanded from macro '_GLIBCXX14_DEPRECATED_SUGGEST'
# define _GLIBCXX14_DEPRECATED_SUGGEST(ALT) _GLIBCXX_DEPRECATED_SUGGEST(ALT)
                                            ^
/usr/bin/../lib/gcc/x86_64-linux-gnu/12/../../../../include/x86_64-linux-gnu/c++/12/bits/c++config.h:96:19: note: expanded from macro '_GLIBCXX_DEPRECATED_SUGGEST'
  __attribute__ ((__deprecated__ ("use '" ALT "' instead")))
                  ^
1 warning generated.
flexe/application/FedSETRANDOMRSU11p.cc
flexe/application/FedSETRANDOMRSU11p.cc:222:18: warning: 'random_shuffle<__gnu_cxx::__normal_iterator<int *, std::vector<int>>>' is deprecated: use 'std::shuffle' instead [-Wdeprecated-declarations]
            std::random_shuffle(std::begin(connectedClientsVector), std::end(connectedClientsVector));
                 ^
/usr/bin/../lib/gcc/x86_64-linux-gnu/12/../../../../include/c++/12/bits/stl_algo.h:4539:5: note: 'random_shuffle<__gnu_cxx::__normal_iterator<int *, std::vector<int>>>' has been explicitly marked deprecated here
    _GLIBCXX14_DEPRECATED_SUGGEST("std::shuffle")
    ^
/usr/bin/../lib/gcc/x86_64-linux-gnu/12/../../../../include/x86_64-linux-gnu/c++/12/bits/c++config.h:112:45: note: expanded from macro '_GLIBCXX14_DEPRECATED_SUGGEST'
# define _GLIBCXX14_DEPRECATED_SUGGEST(ALT) _GLIBCXX_DEPRECATED_SUGGEST(ALT)
                                            ^
/usr/bin/../lib/gcc/x86_64-linux-gnu/12/../../../../include/x86_64-linux-gnu/c++/12/bits/c++config.h:96:19: note: expanded from macro '_GLIBCXX_DEPRECATED_SUGGEST'
  __attribute__ ((__deprecated__ ("use '" ALT "' instead")))
                  ^
1 warning generated.
flexe/application/MLApp.cc
flexe/application/MLEntropyApp.cc
flexe/proto/flexe.grpc.pb.cc
flexe/proto/flexe.pb.cc
Creating shared library: ../out/clang-release/src/libflexe.so
echo /home/flexe/Flexe
/home/flexe/Flexe
/home/flexe/.conan/data/protobuf/3.17.1/_/_/package/53f76f058631e1c3a500008c75af3f37d7786131/bin/protoc --proto_path /home/flexe/Flexe /home/flexe/Flexe/flexe.proto --cpp_out /home/flexe/Flexe/src/flexe/proto/ 
/home/flexe/.conan/data/protobuf/3.17.1/_/_/package/53f76f058631e1c3a500008c75af3f37d7786131/bin/protoc --proto_path /home/flexe/Flexe --grpc_out=/home/flexe/Flexe/src/flexe/proto/ --plugin=protoc-gen-grpc=/home/flexe/.conan/data/grpc/1.38.1/_/_/package/44ecaec4536223f790dd5e0a72b2d16b1dfaa76c/bin/grpc_cpp_plugin /home/flexe/Flexe/flexe.proto
make[1]: Leaving directory '/home/flexe/Flexe/src'
12:18:20 **** Incremental Build of configuration gcc-release for project veins ****
make MODE=release -j8 all 
make[1]: Entering directory '/home/flexe/veins-veins-5.2/src'
make[1]: Nothing to be done for 'all'.
make[1]: Leaving directory '/home/flexe/veins-veins-5.2/src'
12:18:21 **** Incremental Build of configuration release for project flexe ****
make MODE=release all 
cd src && make
make[1]: Entering directory '/home/flexe/Flexe/src'
flexe/application/FedLimRSU11p.cc
flexe/application/FedLimRSU11p.cc:252:18: warning: 'random_shuffle<__gnu_cxx::__normal_iterator<int *, std::vector<int>>>' is deprecated: use 'std::shuffle' instead [-Wdeprecated-declarations]
            std::random_shuffle(std::begin(connectedClientsVector), std::end(connectedClientsVector));
                 ^
/usr/bin/../lib/gcc/x86_64-linux-gnu/12/../../../../include/c++/12/bits/stl_algo.h:4539:5: note: 'random_shuffle<__gnu_cxx::__normal_iterator<int *, std::vector<int>>>' has been explicitly marked deprecated here
    _GLIBCXX14_DEPRECATED_SUGGEST("std::shuffle")
    ^
/usr/bin/../lib/gcc/x86_64-linux-gnu/12/../../../../include/x86_64-linux-gnu/c++/12/bits/c++config.h:112:45: note: expanded from macro '_GLIBCXX14_DEPRECATED_SUGGEST'
# define _GLIBCXX14_DEPRECATED_SUGGEST(ALT) _GLIBCXX_DEPRECATED_SUGGEST(ALT)
                                            ^
/usr/bin/../lib/gcc/x86_64-linux-gnu/12/../../../../include/x86_64-linux-gnu/c++/12/bits/c++config.h:96:19: note: expanded from macro '_GLIBCXX_DEPRECATED_SUGGEST'
  __attribute__ ((__deprecated__ ("use '" ALT "' instead")))
                  ^
1 warning generated.
flexe/application/FedSETRANDOMRSU11p.cc
flexe/application/FedSETRANDOMRSU11p.cc:222:18: warning: 'random_shuffle<__gnu_cxx::__normal_iterator<int *, std::vector<int>>>' is deprecated: use 'std::shuffle' instead [-Wdeprecated-declarations]
            std::random_shuffle(std::begin(connectedClientsVector), std::end(connectedClientsVector));
                 ^
/usr/bin/../lib/gcc/x86_64-linux-gnu/12/../../../../include/c++/12/bits/stl_algo.h:4539:5: note: 'random_shuffle<__gnu_cxx::__normal_iterator<int *, std::vector<int>>>' has been explicitly marked deprecated here
    _GLIBCXX14_DEPRECATED_SUGGEST("std::shuffle")
    ^
/usr/bin/../lib/gcc/x86_64-linux-gnu/12/../../../../include/x86_64-linux-gnu/c++/12/bits/c++config.h:112:45: note: expanded from macro '_GLIBCXX14_DEPRECATED_SUGGEST'
# define _GLIBCXX14_DEPRECATED_SUGGEST(ALT) _GLIBCXX_DEPRECATED_SUGGEST(ALT)
                                            ^
/usr/bin/../lib/gcc/x86_64-linux-gnu/12/../../../../include/x86_64-linux-gnu/c++/12/bits/c++config.h:96:19: note: expanded from macro '_GLIBCXX_DEPRECATED_SUGGEST'
  __attribute__ ((__deprecated__ ("use '" ALT "' instead")))
                  ^
1 warning generated.
flexe/application/MLApp.cc
flexe/application/MLEntropyApp.cc
flexe/proto/flexe.grpc.pb.cc
flexe/proto/flexe.pb.cc
Creating shared library: ../out/clang-release/src/libflexe.so
echo /home/flexe/Flexe
/home/flexe/Flexe
/home/flexe/.conan/data/protobuf/3.17.1/_/_/package/53f76f058631e1c3a500008c75af3f37d7786131/bin/protoc --proto_path /home/flexe/Flexe /home/flexe/Flexe/flexe.proto --cpp_out /home/flexe/Flexe/src/flexe/proto/ 
/home/flexe/.conan/data/protobuf/3.17.1/_/_/package/53f76f058631e1c3a500008c75af3f37d7786131/bin/protoc --proto_path /home/flexe/Flexe --grpc_out=/home/flexe/Flexe/src/flexe/proto/ --plugin=protoc-gen-grpc=/home/flexe/.conan/data/grpc/1.38.1/_/_/package/44ecaec4536223f790dd5e0a72b2d16b1dfaa76c/bin/grpc_cpp_plugin /home/flexe/Flexe/flexe.proto
make[1]: Leaving directory '/home/flexe/Flexe/src'
12:19:02 **** Incremental Build of configuration gcc-release for project veins ****
make MODE=release -j8 all 
make[1]: Entering directory '/home/flexe/veins-veins-5.2/src'
make[1]: Nothing to be done for 'all'.
make[1]: Leaving directory '/home/flexe/veins-veins-5.2/src'
12:19:03 **** Incremental Build of configuration release for project flexe ****
make MODE=release all 
cd src && make
make[1]: Entering directory '/home/flexe/Flexe/src'
flexe/application/FedLimRSU11p.cc
flexe/application/FedLimRSU11p.cc:252:18: warning: 'random_shuffle<__gnu_cxx::__normal_iterator<int *, std::vector<int>>>' is deprecated: use 'std::shuffle' instead [-Wdeprecated-declarations]
            std::random_shuffle(std::begin(connectedClientsVector), std::end(connectedClientsVector));
                 ^
/usr/bin/../lib/gcc/x86_64-linux-gnu/12/../../../../include/c++/12/bits/stl_algo.h:4539:5: note: 'random_shuffle<__gnu_cxx::__normal_iterator<int *, std::vector<int>>>' has been explicitly marked deprecated here
    _GLIBCXX14_DEPRECATED_SUGGEST("std::shuffle")
    ^
/usr/bin/../lib/gcc/x86_64-linux-gnu/12/../../../../include/x86_64-linux-gnu/c++/12/bits/c++config.h:112:45: note: expanded from macro '_GLIBCXX14_DEPRECATED_SUGGEST'
# define _GLIBCXX14_DEPRECATED_SUGGEST(ALT) _GLIBCXX_DEPRECATED_SUGGEST(ALT)
                                            ^
/usr/bin/../lib/gcc/x86_64-linux-gnu/12/../../../../include/x86_64-linux-gnu/c++/12/bits/c++config.h:96:19: note: expanded from macro '_GLIBCXX_DEPRECATED_SUGGEST'
  __attribute__ ((__deprecated__ ("use '" ALT "' instead")))
                  ^
1 warning generated.
flexe/application/FedSETRANDOMRSU11p.cc
flexe/application/FedSETRANDOMRSU11p.cc:222:18: warning: 'random_shuffle<__gnu_cxx::__normal_iterator<int *, std::vector<int>>>' is deprecated: use 'std::shuffle' instead [-Wdeprecated-declarations]
            std::random_shuffle(std::begin(connectedClientsVector), std::end(connectedClientsVector));
                 ^
/usr/bin/../lib/gcc/x86_64-linux-gnu/12/../../../../include/c++/12/bits/stl_algo.h:4539:5: note: 'random_shuffle<__gnu_cxx::__normal_iterator<int *, std::vector<int>>>' has been explicitly marked deprecated here
    _GLIBCXX14_DEPRECATED_SUGGEST("std::shuffle")
    ^
/usr/bin/../lib/gcc/x86_64-linux-gnu/12/../../../../include/x86_64-linux-gnu/c++/12/bits/c++config.h:112:45: note: expanded from macro '_GLIBCXX14_DEPRECATED_SUGGEST'
# define _GLIBCXX14_DEPRECATED_SUGGEST(ALT) _GLIBCXX_DEPRECATED_SUGGEST(ALT)
                                            ^
/usr/bin/../lib/gcc/x86_64-linux-gnu/12/../../../../include/x86_64-linux-gnu/c++/12/bits/c++config.h:96:19: note: expanded from macro '_GLIBCXX_DEPRECATED_SUGGEST'
  __attribute__ ((__deprecated__ ("use '" ALT "' instead")))
                  ^
1 warning generated.
flexe/application/MLApp.cc
flexe/application/MLEntropyApp.cc
flexe/proto/flexe.grpc.pb.cc
flexe/proto/flexe.pb.cc
Creating shared library: ../out/clang-release/src/libflexe.so
echo /home/flexe/Flexe
/home/flexe/Flexe
/home/flexe/.conan/data/protobuf/3.17.1/_/_/package/53f76f058631e1c3a500008c75af3f37d7786131/bin/protoc --proto_path /home/flexe/Flexe /home/flexe/Flexe/flexe.proto --cpp_out /home/flexe/Flexe/src/flexe/proto/ 
/home/flexe/.conan/data/protobuf/3.17.1/_/_/package/53f76f058631e1c3a500008c75af3f37d7786131/bin/protoc --proto_path /home/flexe/Flexe --grpc_out=/home/flexe/Flexe/src/flexe/proto/ --plugin=protoc-gen-grpc=/home/flexe/.conan/data/grpc/1.38.1/_/_/package/44ecaec4536223f790dd5e0a72b2d16b1dfaa76c/bin/grpc_cpp_plugin /home/flexe/Flexe/flexe.proto
make[1]: Leaving directory '/home/flexe/Flexe/src'
12:19:49 **** Incremental Build of configuration gcc-release for project veins ****
make MODE=release -j8 all 
make[1]: Entering directory '/home/flexe/veins-veins-5.2/src'
make[1]: Nothing to be done for 'all'.
make[1]: Leaving directory '/home/flexe/veins-veins-5.2/src'
12:19:49 **** Incremental Build of configuration release for project flexe ****
make MODE=release all 
cd src && make
make[1]: Entering directory '/home/flexe/Flexe/src'
flexe/application/FedLimRSU11p.cc
flexe/application/FedLimRSU11p.cc:252:18: warning: 'random_shuffle<__gnu_cxx::__normal_iterator<int *, std::vector<int>>>' is deprecated: use 'std::shuffle' instead [-Wdeprecated-declarations]
            std::random_shuffle(std::begin(connectedClientsVector), std::end(connectedClientsVector));
                 ^
/usr/bin/../lib/gcc/x86_64-linux-gnu/12/../../../../include/c++/12/bits/stl_algo.h:4539:5: note: 'random_shuffle<__gnu_cxx::__normal_iterator<int *, std::vector<int>>>' has been explicitly marked deprecated here
    _GLIBCXX14_DEPRECATED_SUGGEST("std::shuffle")
    ^
/usr/bin/../lib/gcc/x86_64-linux-gnu/12/../../../../include/x86_64-linux-gnu/c++/12/bits/c++config.h:112:45: note: expanded from macro '_GLIBCXX14_DEPRECATED_SUGGEST'
# define _GLIBCXX14_DEPRECATED_SUGGEST(ALT) _GLIBCXX_DEPRECATED_SUGGEST(ALT)
                                            ^
/usr/bin/../lib/gcc/x86_64-linux-gnu/12/../../../../include/x86_64-linux-gnu/c++/12/bits/c++config.h:96:19: note: expanded from macro '_GLIBCXX_DEPRECATED_SUGGEST'
  __attribute__ ((__deprecated__ ("use '" ALT "' instead")))
                  ^
1 warning generated.
flexe/application/FedSETRANDOMRSU11p.cc
flexe/application/FedSETRANDOMRSU11p.cc:222:18: warning: 'random_shuffle<__gnu_cxx::__normal_iterator<int *, std::vector<int>>>' is deprecated: use 'std::shuffle' instead [-Wdeprecated-declarations]
            std::random_shuffle(std::begin(connectedClientsVector), std::end(connectedClientsVector));
                 ^
/usr/bin/../lib/gcc/x86_64-linux-gnu/12/../../../../include/c++/12/bits/stl_algo.h:4539:5: note: 'random_shuffle<__gnu_cxx::__normal_iterator<int *, std::vector<int>>>' has been explicitly marked deprecated here
    _GLIBCXX14_DEPRECATED_SUGGEST("std::shuffle")
    ^
/usr/bin/../lib/gcc/x86_64-linux-gnu/12/../../../../include/x86_64-linux-gnu/c++/12/bits/c++config.h:112:45: note: expanded from macro '_GLIBCXX14_DEPRECATED_SUGGEST'
# define _GLIBCXX14_DEPRECATED_SUGGEST(ALT) _GLIBCXX_DEPRECATED_SUGGEST(ALT)
                                            ^
/usr/bin/../lib/gcc/x86_64-linux-gnu/12/../../../../include/x86_64-linux-gnu/c++/12/bits/c++config.h:96:19: note: expanded from macro '_GLIBCXX_DEPRECATED_SUGGEST'
  __attribute__ ((__deprecated__ ("use '" ALT "' instead")))
                  ^
1 warning generated.
flexe/application/MLApp.cc
flexe/application/MLEntropyApp.cc
flexe/proto/flexe.grpc.pb.cc
flexe/proto/flexe.pb.cc
Creating shared library: ../out/clang-release/src/libflexe.so
echo /home/flexe/Flexe
/home/flexe/Flexe
/home/flexe/.conan/data/protobuf/3.17.1/_/_/package/53f76f058631e1c3a500008c75af3f37d7786131/bin/protoc --proto_path /home/flexe/Flexe /home/flexe/Flexe/flexe.proto --cpp_out /home/flexe/Flexe/src/flexe/proto/ 
/home/flexe/.conan/data/protobuf/3.17.1/_/_/package/53f76f058631e1c3a500008c75af3f37d7786131/bin/protoc --proto_path /home/flexe/Flexe --grpc_out=/home/flexe/Flexe/src/flexe/proto/ --plugin=protoc-gen-grpc=/home/flexe/.conan/data/grpc/1.38.1/_/_/package/44ecaec4536223f790dd5e0a72b2d16b1dfaa76c/bin/grpc_cpp_plugin /home/flexe/Flexe/flexe.proto
make[1]: Leaving directory '/home/flexe/Flexe/src'
12:30:01 **** Incremental Build of configuration gcc-release for project veins ****
make MODE=release -j8 all 
make[1]: Entering directory '/home/flexe/veins-veins-5.2/src'
make[1]: Nothing to be done for 'all'.
make[1]: Leaving directory '/home/flexe/veins-veins-5.2/src'
12:30:01 **** Incremental Build of configuration release for project flexe ****
make MODE=release all 
cd src && make
make[1]: Entering directory '/home/flexe/Flexe/src'
flexe/application/FedLimRSU11p.cc
flexe/application/FedLimRSU11p.cc:252:18: warning: 'random_shuffle<__gnu_cxx::__normal_iterator<int *, std::vector<int>>>' is deprecated: use 'std::shuffle' instead [-Wdeprecated-declarations]
            std::random_shuffle(std::begin(connectedClientsVector), std::end(connectedClientsVector));
                 ^
/usr/bin/../lib/gcc/x86_64-linux-gnu/12/../../../../include/c++/12/bits/stl_algo.h:4539:5: note: 'random_shuffle<__gnu_cxx::__normal_iterator<int *, std::vector<int>>>' has been explicitly marked deprecated here
    _GLIBCXX14_DEPRECATED_SUGGEST("std::shuffle")
    ^
/usr/bin/../lib/gcc/x86_64-linux-gnu/12/../../../../include/x86_64-linux-gnu/c++/12/bits/c++config.h:112:45: note: expanded from macro '_GLIBCXX14_DEPRECATED_SUGGEST'
# define _GLIBCXX14_DEPRECATED_SUGGEST(ALT) _GLIBCXX_DEPRECATED_SUGGEST(ALT)
                                            ^
/usr/bin/../lib/gcc/x86_64-linux-gnu/12/../../../../include/x86_64-linux-gnu/c++/12/bits/c++config.h:96:19: note: expanded from macro '_GLIBCXX_DEPRECATED_SUGGEST'
  __attribute__ ((__deprecated__ ("use '" ALT "' instead")))
                  ^
1 warning generated.
flexe/application/FedSETRANDOMRSU11p.cc
flexe/application/FedSETRANDOMRSU11p.cc:222:18: warning: 'random_shuffle<__gnu_cxx::__normal_iterator<int *, std::vector<int>>>' is deprecated: use 'std::shuffle' instead [-Wdeprecated-declarations]
            std::random_shuffle(std::begin(connectedClientsVector), std::end(connectedClientsVector));
                 ^
/usr/bin/../lib/gcc/x86_64-linux-gnu/12/../../../../include/c++/12/bits/stl_algo.h:4539:5: note: 'random_shuffle<__gnu_cxx::__normal_iterator<int *, std::vector<int>>>' has been explicitly marked deprecated here
    _GLIBCXX14_DEPRECATED_SUGGEST("std::shuffle")
    ^
/usr/bin/../lib/gcc/x86_64-linux-gnu/12/../../../../include/x86_64-linux-gnu/c++/12/bits/c++config.h:112:45: note: expanded from macro '_GLIBCXX14_DEPRECATED_SUGGEST'
# define _GLIBCXX14_DEPRECATED_SUGGEST(ALT) _GLIBCXX_DEPRECATED_SUGGEST(ALT)
                                            ^
/usr/bin/../lib/gcc/x86_64-linux-gnu/12/../../../../include/x86_64-linux-gnu/c++/12/bits/c++config.h:96:19: note: expanded from macro '_GLIBCXX_DEPRECATED_SUGGEST'
  __attribute__ ((__deprecated__ ("use '" ALT "' instead")))
                  ^
1 warning generated.
flexe/application/MLApp.cc
flexe/application/MLEntropyApp.cc
flexe/proto/flexe.grpc.pb.cc
flexe/proto/flexe.pb.cc
Creating shared library: ../out/clang-release/src/libflexe.so
echo /home/flexe/Flexe
/home/flexe/Flexe
/home/flexe/.conan/data/protobuf/3.17.1/_/_/package/53f76f058631e1c3a500008c75af3f37d7786131/bin/protoc --proto_path /home/flexe/Flexe /home/flexe/Flexe/flexe.proto --cpp_out /home/flexe/Flexe/src/flexe/proto/ 
/home/flexe/.conan/data/protobuf/3.17.1/_/_/package/53f76f058631e1c3a500008c75af3f37d7786131/bin/protoc --proto_path /home/flexe/Flexe --grpc_out=/home/flexe/Flexe/src/flexe/proto/ --plugin=protoc-gen-grpc=/home/flexe/.conan/data/grpc/1.38.1/_/_/package/44ecaec4536223f790dd5e0a72b2d16b1dfaa76c/bin/grpc_cpp_plugin /home/flexe/Flexe/flexe.proto
make[1]: Leaving directory '/home/flexe/Flexe/src'
12:32:12 **** Incremental Build of configuration gcc-release for project veins ****
make MODE=release -j8 all 
make[1]: Entering directory '/home/flexe/veins-veins-5.2/src'
make[1]: Nothing to be done for 'all'.
make[1]: Leaving directory '/home/flexe/veins-veins-5.2/src'
12:32:13 **** Incremental Build of configuration release for project flexe ****
make MODE=release all 
cd src && make
make[1]: Entering directory '/home/flexe/Flexe/src'
flexe/application/FedLimRSU11p.cc
flexe/application/FedLimRSU11p.cc:252:18: warning: 'random_shuffle<__gnu_cxx::__normal_iterator<int *, std::vector<int>>>' is deprecated: use 'std::shuffle' instead [-Wdeprecated-declarations]
            std::random_shuffle(std::begin(connectedClientsVector), std::end(connectedClientsVector));
                 ^
/usr/bin/../lib/gcc/x86_64-linux-gnu/12/../../../../include/c++/12/bits/stl_algo.h:4539:5: note: 'random_shuffle<__gnu_cxx::__normal_iterator<int *, std::vector<int>>>' has been explicitly marked deprecated here
    _GLIBCXX14_DEPRECATED_SUGGEST("std::shuffle")
    ^
/usr/bin/../lib/gcc/x86_64-linux-gnu/12/../../../../include/x86_64-linux-gnu/c++/12/bits/c++config.h:112:45: note: expanded from macro '_GLIBCXX14_DEPRECATED_SUGGEST'
# define _GLIBCXX14_DEPRECATED_SUGGEST(ALT) _GLIBCXX_DEPRECATED_SUGGEST(ALT)
                                            ^
/usr/bin/../lib/gcc/x86_64-linux-gnu/12/../../../../include/x86_64-linux-gnu/c++/12/bits/c++config.h:96:19: note: expanded from macro '_GLIBCXX_DEPRECATED_SUGGEST'
  __attribute__ ((__deprecated__ ("use '" ALT "' instead")))
                  ^
1 warning generated.
flexe/application/FedSETRANDOMRSU11p.cc
flexe/application/FedSETRANDOMRSU11p.cc:222:18: warning: 'random_shuffle<__gnu_cxx::__normal_iterator<int *, std::vector<int>>>' is deprecated: use 'std::shuffle' instead [-Wdeprecated-declarations]
            std::random_shuffle(std::begin(connectedClientsVector), std::end(connectedClientsVector));
                 ^
/usr/bin/../lib/gcc/x86_64-linux-gnu/12/../../../../include/c++/12/bits/stl_algo.h:4539:5: note: 'random_shuffle<__gnu_cxx::__normal_iterator<int *, std::vector<int>>>' has been explicitly marked deprecated here
    _GLIBCXX14_DEPRECATED_SUGGEST("std::shuffle")
    ^
/usr/bin/../lib/gcc/x86_64-linux-gnu/12/../../../../include/x86_64-linux-gnu/c++/12/bits/c++config.h:112:45: note: expanded from macro '_GLIBCXX14_DEPRECATED_SUGGEST'
# define _GLIBCXX14_DEPRECATED_SUGGEST(ALT) _GLIBCXX_DEPRECATED_SUGGEST(ALT)
                                            ^
/usr/bin/../lib/gcc/x86_64-linux-gnu/12/../../../../include/x86_64-linux-gnu/c++/12/bits/c++config.h:96:19: note: expanded from macro '_GLIBCXX_DEPRECATED_SUGGEST'
  __attribute__ ((__deprecated__ ("use '" ALT "' instead")))
                  ^
1 warning generated.
flexe/application/MLApp.cc
flexe/application/MLEntropyApp.cc
flexe/proto/flexe.grpc.pb.cc
flexe/proto/flexe.pb.cc
Creating shared library: ../out/clang-release/src/libflexe.so
echo /home/flexe/Flexe
/home/flexe/Flexe
/home/flexe/.conan/data/protobuf/3.17.1/_/_/package/53f76f058631e1c3a500008c75af3f37d7786131/bin/protoc --proto_path /home/flexe/Flexe /home/flexe/Flexe/flexe.proto --cpp_out /home/flexe/Flexe/src/flexe/proto/ 
/home/flexe/.conan/data/protobuf/3.17.1/_/_/package/53f76f058631e1c3a500008c75af3f37d7786131/bin/protoc --proto_path /home/flexe/Flexe --grpc_out=/home/flexe/Flexe/src/flexe/proto/ --plugin=protoc-gen-grpc=/home/flexe/.conan/data/grpc/1.38.1/_/_/package/44ecaec4536223f790dd5e0a72b2d16b1dfaa76c/bin/grpc_cpp_plugin /home/flexe/Flexe/flexe.proto
make[1]: Leaving directory '/home/flexe/Flexe/src'
12:32:57 **** Incremental Build of configuration gcc-release for project veins ****
make MODE=release -j8 all 
make[1]: Entering directory '/home/flexe/veins-veins-5.2/src'
make[1]: Nothing to be done for 'all'.
make[1]: Leaving directory '/home/flexe/veins-veins-5.2/src'
12:32:58 **** Incremental Build of configuration release for project flexe ****
make MODE=release all 
cd src && make
make[1]: Entering directory '/home/flexe/Flexe/src'
flexe/application/FedLimRSU11p.cc
flexe/application/FedLimRSU11p.cc:252:18: warning: 'random_shuffle<__gnu_cxx::__normal_iterator<int *, std::vector<int>>>' is deprecated: use 'std::shuffle' instead [-Wdeprecated-declarations]
            std::random_shuffle(std::begin(connectedClientsVector), std::end(connectedClientsVector));
                 ^
/usr/bin/../lib/gcc/x86_64-linux-gnu/12/../../../../include/c++/12/bits/stl_algo.h:4539:5: note: 'random_shuffle<__gnu_cxx::__normal_iterator<int *, std::vector<int>>>' has been explicitly marked deprecated here
    _GLIBCXX14_DEPRECATED_SUGGEST("std::shuffle")
    ^
/usr/bin/../lib/gcc/x86_64-linux-gnu/12/../../../../include/x86_64-linux-gnu/c++/12/bits/c++config.h:112:45: note: expanded from macro '_GLIBCXX14_DEPRECATED_SUGGEST'
# define _GLIBCXX14_DEPRECATED_SUGGEST(ALT) _GLIBCXX_DEPRECATED_SUGGEST(ALT)
                                            ^
/usr/bin/../lib/gcc/x86_64-linux-gnu/12/../../../../include/x86_64-linux-gnu/c++/12/bits/c++config.h:96:19: note: expanded from macro '_GLIBCXX_DEPRECATED_SUGGEST'
  __attribute__ ((__deprecated__ ("use '" ALT "' instead")))
                  ^
1 warning generated.
flexe/application/FedSETRANDOMRSU11p.cc
flexe/application/FedSETRANDOMRSU11p.cc:222:18: warning: 'random_shuffle<__gnu_cxx::__normal_iterator<int *, std::vector<int>>>' is deprecated: use 'std::shuffle' instead [-Wdeprecated-declarations]
            std::random_shuffle(std::begin(connectedClientsVector), std::end(connectedClientsVector));
                 ^
/usr/bin/../lib/gcc/x86_64-linux-gnu/12/../../../../include/c++/12/bits/stl_algo.h:4539:5: note: 'random_shuffle<__gnu_cxx::__normal_iterator<int *, std::vector<int>>>' has been explicitly marked deprecated here
    _GLIBCXX14_DEPRECATED_SUGGEST("std::shuffle")
    ^
/usr/bin/../lib/gcc/x86_64-linux-gnu/12/../../../../include/x86_64-linux-gnu/c++/12/bits/c++config.h:112:45: note: expanded from macro '_GLIBCXX14_DEPRECATED_SUGGEST'
# define _GLIBCXX14_DEPRECATED_SUGGEST(ALT) _GLIBCXX_DEPRECATED_SUGGEST(ALT)
                                            ^
/usr/bin/../lib/gcc/x86_64-linux-gnu/12/../../../../include/x86_64-linux-gnu/c++/12/bits/c++config.h:96:19: note: expanded from macro '_GLIBCXX_DEPRECATED_SUGGEST'
  __attribute__ ((__deprecated__ ("use '" ALT "' instead")))
                  ^
1 warning generated.
flexe/application/MLApp.cc
flexe/application/MLEntropyApp.cc
flexe/proto/flexe.grpc.pb.cc
flexe/proto/flexe.pb.cc
Creating shared library: ../out/clang-release/src/libflexe.so
echo /home/flexe/Flexe
/home/flexe/Flexe
/home/flexe/.conan/data/protobuf/3.17.1/_/_/package/53f76f058631e1c3a500008c75af3f37d7786131/bin/protoc --proto_path /home/flexe/Flexe /home/flexe/Flexe/flexe.proto --cpp_out /home/flexe/Flexe/src/flexe/proto/ 
/home/flexe/.conan/data/protobuf/3.17.1/_/_/package/53f76f058631e1c3a500008c75af3f37d7786131/bin/protoc --proto_path /home/flexe/Flexe --grpc_out=/home/flexe/Flexe/src/flexe/proto/ --plugin=protoc-gen-grpc=/home/flexe/.conan/data/grpc/1.38.1/_/_/package/44ecaec4536223f790dd5e0a72b2d16b1dfaa76c/bin/grpc_cpp_plugin /home/flexe/Flexe/flexe.proto
make[1]: Leaving directory '/home/flexe/Flexe/src'
12:34:28 **** Incremental Build of configuration gcc-release for project veins ****
make MODE=release -j8 all 
make[1]: Entering directory '/home/flexe/veins-veins-5.2/src'
make[1]: Nothing to be done for 'all'.
make[1]: Leaving directory '/home/flexe/veins-veins-5.2/src'
12:34:29 **** Incremental Build of configuration release for project flexe ****
make MODE=release all 
cd src && make
make[1]: Entering directory '/home/flexe/Flexe/src'
flexe/application/FedLimRSU11p.cc
flexe/application/FedLimRSU11p.cc:252:18: warning: 'random_shuffle<__gnu_cxx::__normal_iterator<int *, std::vector<int>>>' is deprecated: use 'std::shuffle' instead [-Wdeprecated-declarations]
            std::random_shuffle(std::begin(connectedClientsVector), std::end(connectedClientsVector));
                 ^
/usr/bin/../lib/gcc/x86_64-linux-gnu/12/../../../../include/c++/12/bits/stl_algo.h:4539:5: note: 'random_shuffle<__gnu_cxx::__normal_iterator<int *, std::vector<int>>>' has been explicitly marked deprecated here
    _GLIBCXX14_DEPRECATED_SUGGEST("std::shuffle")
    ^
/usr/bin/../lib/gcc/x86_64-linux-gnu/12/../../../../include/x86_64-linux-gnu/c++/12/bits/c++config.h:112:45: note: expanded from macro '_GLIBCXX14_DEPRECATED_SUGGEST'
# define _GLIBCXX14_DEPRECATED_SUGGEST(ALT) _GLIBCXX_DEPRECATED_SUGGEST(ALT)
                                            ^
/usr/bin/../lib/gcc/x86_64-linux-gnu/12/../../../../include/x86_64-linux-gnu/c++/12/bits/c++config.h:96:19: note: expanded from macro '_GLIBCXX_DEPRECATED_SUGGEST'
  __attribute__ ((__deprecated__ ("use '" ALT "' instead")))
                  ^
1 warning generated.
flexe/application/FedSETRANDOMRSU11p.cc
flexe/application/FedSETRANDOMRSU11p.cc:222:18: warning: 'random_shuffle<__gnu_cxx::__normal_iterator<int *, std::vector<int>>>' is deprecated: use 'std::shuffle' instead [-Wdeprecated-declarations]
            std::random_shuffle(std::begin(connectedClientsVector), std::end(connectedClientsVector));
                 ^
/usr/bin/../lib/gcc/x86_64-linux-gnu/12/../../../../include/c++/12/bits/stl_algo.h:4539:5: note: 'random_shuffle<__gnu_cxx::__normal_iterator<int *, std::vector<int>>>' has been explicitly marked deprecated here
    _GLIBCXX14_DEPRECATED_SUGGEST("std::shuffle")
    ^
/usr/bin/../lib/gcc/x86_64-linux-gnu/12/../../../../include/x86_64-linux-gnu/c++/12/bits/c++config.h:112:45: note: expanded from macro '_GLIBCXX14_DEPRECATED_SUGGEST'
# define _GLIBCXX14_DEPRECATED_SUGGEST(ALT) _GLIBCXX_DEPRECATED_SUGGEST(ALT)
                                            ^
/usr/bin/../lib/gcc/x86_64-linux-gnu/12/../../../../include/x86_64-linux-gnu/c++/12/bits/c++config.h:96:19: note: expanded from macro '_GLIBCXX_DEPRECATED_SUGGEST'
  __attribute__ ((__deprecated__ ("use '" ALT "' instead")))
                  ^
1 warning generated.
flexe/application/MLApp.cc
flexe/application/MLEntropyApp.cc
flexe/proto/flexe.grpc.pb.cc
flexe/proto/flexe.pb.cc
Creating shared library: ../out/clang-release/src/libflexe.so
echo /home/flexe/Flexe
/home/flexe/Flexe
/home/flexe/.conan/data/protobuf/3.17.1/_/_/package/53f76f058631e1c3a500008c75af3f37d7786131/bin/protoc --proto_path /home/flexe/Flexe /home/flexe/Flexe/flexe.proto --cpp_out /home/flexe/Flexe/src/flexe/proto/ 
/home/flexe/.conan/data/protobuf/3.17.1/_/_/package/53f76f058631e1c3a500008c75af3f37d7786131/bin/protoc --proto_path /home/flexe/Flexe --grpc_out=/home/flexe/Flexe/src/flexe/proto/ --plugin=protoc-gen-grpc=/home/flexe/.conan/data/grpc/1.38.1/_/_/package/44ecaec4536223f790dd5e0a72b2d16b1dfaa76c/bin/grpc_cpp_plugin /home/flexe/Flexe/flexe.proto
make[1]: Leaving directory '/home/flexe/Flexe/src'
01:25:40 **** Incremental Build of configuration gcc-release for project veins ****
make MODE=release -j8 all 
make[1]: Entering directory '/home/flexe/veins-veins-5.2/src'
make[1]: Nothing to be done for 'all'.
make[1]: Leaving directory '/home/flexe/veins-veins-5.2/src'
01:25:41 **** Incremental Build of configuration release for project flexe ****
make MODE=release all 
cd src && make
make[1]: Entering directory '/home/flexe/Flexe/src'
flexe/application/FedLimRSU11p.cc
flexe/application/FedLimRSU11p.cc:252:18: warning: 'random_shuffle<__gnu_cxx::__normal_iterator<int *, std::vector<int>>>' is deprecated: use 'std::shuffle' instead [-Wdeprecated-declarations]
            std::random_shuffle(std::begin(connectedClientsVector), std::end(connectedClientsVector));
                 ^
/usr/bin/../lib/gcc/x86_64-linux-gnu/12/../../../../include/c++/12/bits/stl_algo.h:4539:5: note: 'random_shuffle<__gnu_cxx::__normal_iterator<int *, std::vector<int>>>' has been explicitly marked deprecated here
    _GLIBCXX14_DEPRECATED_SUGGEST("std::shuffle")
    ^
/usr/bin/../lib/gcc/x86_64-linux-gnu/12/../../../../include/x86_64-linux-gnu/c++/12/bits/c++config.h:112:45: note: expanded from macro '_GLIBCXX14_DEPRECATED_SUGGEST'
# define _GLIBCXX14_DEPRECATED_SUGGEST(ALT) _GLIBCXX_DEPRECATED_SUGGEST(ALT)
                                            ^
/usr/bin/../lib/gcc/x86_64-linux-gnu/12/../../../../include/x86_64-linux-gnu/c++/12/bits/c++config.h:96:19: note: expanded from macro '_GLIBCXX_DEPRECATED_SUGGEST'
  __attribute__ ((__deprecated__ ("use '" ALT "' instead")))
                  ^
1 warning generated.
flexe/application/FedSETRANDOMRSU11p.cc
flexe/application/FedSETRANDOMRSU11p.cc:222:18: warning: 'random_shuffle<__gnu_cxx::__normal_iterator<int *, std::vector<int>>>' is deprecated: use 'std::shuffle' instead [-Wdeprecated-declarations]
            std::random_shuffle(std::begin(connectedClientsVector), std::end(connectedClientsVector));
                 ^
/usr/bin/../lib/gcc/x86_64-linux-gnu/12/../../../../include/c++/12/bits/stl_algo.h:4539:5: note: 'random_shuffle<__gnu_cxx::__normal_iterator<int *, std::vector<int>>>' has been explicitly marked deprecated here
    _GLIBCXX14_DEPRECATED_SUGGEST("std::shuffle")
    ^
/usr/bin/../lib/gcc/x86_64-linux-gnu/12/../../../../include/x86_64-linux-gnu/c++/12/bits/c++config.h:112:45: note: expanded from macro '_GLIBCXX14_DEPRECATED_SUGGEST'
# define _GLIBCXX14_DEPRECATED_SUGGEST(ALT) _GLIBCXX_DEPRECATED_SUGGEST(ALT)
                                            ^
/usr/bin/../lib/gcc/x86_64-linux-gnu/12/../../../../include/x86_64-linux-gnu/c++/12/bits/c++config.h:96:19: note: expanded from macro '_GLIBCXX_DEPRECATED_SUGGEST'
  __attribute__ ((__deprecated__ ("use '" ALT "' instead")))
                  ^
1 warning generated.
flexe/application/MLApp.cc
flexe/application/MLEntropyApp.cc
flexe/proto/flexe.grpc.pb.cc
flexe/proto/flexe.pb.cc
Creating shared library: ../out/clang-release/src/libflexe.so
echo /home/flexe/Flexe
/home/flexe/Flexe
/home/flexe/.conan/data/protobuf/3.17.1/_/_/package/53f76f058631e1c3a500008c75af3f37d7786131/bin/protoc --proto_path /home/flexe/Flexe /home/flexe/Flexe/flexe.proto --cpp_out /home/flexe/Flexe/src/flexe/proto/ 
/home/flexe/.conan/data/protobuf/3.17.1/_/_/package/53f76f058631e1c3a500008c75af3f37d7786131/bin/protoc --proto_path /home/flexe/Flexe --grpc_out=/home/flexe/Flexe/src/flexe/proto/ --plugin=protoc-gen-grpc=/home/flexe/.conan/data/grpc/1.38.1/_/_/package/44ecaec4536223f790dd5e0a72b2d16b1dfaa76c/bin/grpc_cpp_plugin /home/flexe/Flexe/flexe.proto
make[1]: Leaving directory '/home/flexe/Flexe/src'
01:26:11 **** Incremental Build of configuration gcc-release for project veins ****
make MODE=release -j8 all 
make[1]: Entering directory '/home/flexe/veins-veins-5.2/src'
make[1]: Nothing to be done for 'all'.
make[1]: Leaving directory '/home/flexe/veins-veins-5.2/src'
01:26:11 **** Incremental Build of configuration release for project flexe ****
make MODE=release all 
cd src && make
make[1]: Entering directory '/home/flexe/Flexe/src'
flexe/application/FedLimRSU11p.cc
flexe/application/FedLimRSU11p.cc:252:18: warning: 'random_shuffle<__gnu_cxx::__normal_iterator<int *, std::vector<int>>>' is deprecated: use 'std::shuffle' instead [-Wdeprecated-declarations]
            std::random_shuffle(std::begin(connectedClientsVector), std::end(connectedClientsVector));
                 ^
/usr/bin/../lib/gcc/x86_64-linux-gnu/12/../../../../include/c++/12/bits/stl_algo.h:4539:5: note: 'random_shuffle<__gnu_cxx::__normal_iterator<int *, std::vector<int>>>' has been explicitly marked deprecated here
    _GLIBCXX14_DEPRECATED_SUGGEST("std::shuffle")
    ^
/usr/bin/../lib/gcc/x86_64-linux-gnu/12/../../../../include/x86_64-linux-gnu/c++/12/bits/c++config.h:112:45: note: expanded from macro '_GLIBCXX14_DEPRECATED_SUGGEST'
# define _GLIBCXX14_DEPRECATED_SUGGEST(ALT) _GLIBCXX_DEPRECATED_SUGGEST(ALT)
                                            ^
/usr/bin/../lib/gcc/x86_64-linux-gnu/12/../../../../include/x86_64-linux-gnu/c++/12/bits/c++config.h:96:19: note: expanded from macro '_GLIBCXX_DEPRECATED_SUGGEST'
  __attribute__ ((__deprecated__ ("use '" ALT "' instead")))
                  ^
1 warning generated.
flexe/application/FedSETRANDOMRSU11p.cc
flexe/application/FedSETRANDOMRSU11p.cc:222:18: warning: 'random_shuffle<__gnu_cxx::__normal_iterator<int *, std::vector<int>>>' is deprecated: use 'std::shuffle' instead [-Wdeprecated-declarations]
            std::random_shuffle(std::begin(connectedClientsVector), std::end(connectedClientsVector));
                 ^
/usr/bin/../lib/gcc/x86_64-linux-gnu/12/../../../../include/c++/12/bits/stl_algo.h:4539:5: note: 'random_shuffle<__gnu_cxx::__normal_iterator<int *, std::vector<int>>>' has been explicitly marked deprecated here
    _GLIBCXX14_DEPRECATED_SUGGEST("std::shuffle")
    ^
/usr/bin/../lib/gcc/x86_64-linux-gnu/12/../../../../include/x86_64-linux-gnu/c++/12/bits/c++config.h:112:45: note: expanded from macro '_GLIBCXX14_DEPRECATED_SUGGEST'
# define _GLIBCXX14_DEPRECATED_SUGGEST(ALT) _GLIBCXX_DEPRECATED_SUGGEST(ALT)
                                            ^
/usr/bin/../lib/gcc/x86_64-linux-gnu/12/../../../../include/x86_64-linux-gnu/c++/12/bits/c++config.h:96:19: note: expanded from macro '_GLIBCXX_DEPRECATED_SUGGEST'
  __attribute__ ((__deprecated__ ("use '" ALT "' instead")))
                  ^
1 warning generated.
flexe/application/MLApp.cc
flexe/application/MLEntropyApp.cc
flexe/proto/flexe.grpc.pb.cc
flexe/proto/flexe.pb.cc
Creating shared library: ../out/clang-release/src/libflexe.so
echo /home/flexe/Flexe
/home/flexe/Flexe
/home/flexe/.conan/data/protobuf/3.17.1/_/_/package/53f76f058631e1c3a500008c75af3f37d7786131/bin/protoc --proto_path /home/flexe/Flexe /home/flexe/Flexe/flexe.proto --cpp_out /home/flexe/Flexe/src/flexe/proto/ 
/home/flexe/.conan/data/protobuf/3.17.1/_/_/package/53f76f058631e1c3a500008c75af3f37d7786131/bin/protoc --proto_path /home/flexe/Flexe --grpc_out=/home/flexe/Flexe/src/flexe/proto/ --plugin=protoc-gen-grpc=/home/flexe/.conan/data/grpc/1.38.1/_/_/package/44ecaec4536223f790dd5e0a72b2d16b1dfaa76c/bin/grpc_cpp_plugin /home/flexe/Flexe/flexe.proto
make[1]: Leaving directory '/home/flexe/Flexe/src'
16:05:10 **** Incremental Build of configuration gcc-release for project veins ****
make MODE=release -j8 all 
make[1]: Entering directory '/home/flexe/veins-veins-5.2/src'
make[1]: Nothing to be done for 'all'.
make[1]: Leaving directory '/home/flexe/veins-veins-5.2/src'
16:05:11 **** Incremental Build of configuration release for project flexe ****
make MODE=release all 
cd src && make
make[1]: Entering directory '/home/flexe/Flexe/src'
flexe/application/FedLimRSU11p.cc
flexe/application/FedLimRSU11p.cc:252:18: warning: 'random_shuffle<__gnu_cxx::__normal_iterator<int *, std::vector<int>>>' is deprecated: use 'std::shuffle' instead [-Wdeprecated-declarations]
            std::random_shuffle(std::begin(connectedClientsVector), std::end(connectedClientsVector));
                 ^
/usr/bin/../lib/gcc/x86_64-linux-gnu/12/../../../../include/c++/12/bits/stl_algo.h:4539:5: note: 'random_shuffle<__gnu_cxx::__normal_iterator<int *, std::vector<int>>>' has been explicitly marked deprecated here
    _GLIBCXX14_DEPRECATED_SUGGEST("std::shuffle")
    ^
/usr/bin/../lib/gcc/x86_64-linux-gnu/12/../../../../include/x86_64-linux-gnu/c++/12/bits/c++config.h:112:45: note: expanded from macro '_GLIBCXX14_DEPRECATED_SUGGEST'
# define _GLIBCXX14_DEPRECATED_SUGGEST(ALT) _GLIBCXX_DEPRECATED_SUGGEST(ALT)
                                            ^
/usr/bin/../lib/gcc/x86_64-linux-gnu/12/../../../../include/x86_64-linux-gnu/c++/12/bits/c++config.h:96:19: note: expanded from macro '_GLIBCXX_DEPRECATED_SUGGEST'
  __attribute__ ((__deprecated__ ("use '" ALT "' instead")))
                  ^
1 warning generated.
flexe/application/FedSETRANDOMRSU11p.cc
flexe/application/FedSETRANDOMRSU11p.cc:222:18: warning: 'random_shuffle<__gnu_cxx::__normal_iterator<int *, std::vector<int>>>' is deprecated: use 'std::shuffle' instead [-Wdeprecated-declarations]
            std::random_shuffle(std::begin(connectedClientsVector), std::end(connectedClientsVector));
                 ^
/usr/bin/../lib/gcc/x86_64-linux-gnu/12/../../../../include/c++/12/bits/stl_algo.h:4539:5: note: 'random_shuffle<__gnu_cxx::__normal_iterator<int *, std::vector<int>>>' has been explicitly marked deprecated here
    _GLIBCXX14_DEPRECATED_SUGGEST("std::shuffle")
    ^
/usr/bin/../lib/gcc/x86_64-linux-gnu/12/../../../../include/x86_64-linux-gnu/c++/12/bits/c++config.h:112:45: note: expanded from macro '_GLIBCXX14_DEPRECATED_SUGGEST'
# define _GLIBCXX14_DEPRECATED_SUGGEST(ALT) _GLIBCXX_DEPRECATED_SUGGEST(ALT)
                                            ^
/usr/bin/../lib/gcc/x86_64-linux-gnu/12/../../../../include/x86_64-linux-gnu/c++/12/bits/c++config.h:96:19: note: expanded from macro '_GLIBCXX_DEPRECATED_SUGGEST'
  __attribute__ ((__deprecated__ ("use '" ALT "' instead")))
                  ^
1 warning generated.
flexe/application/MLApp.cc
flexe/application/MLEntropyApp.cc
flexe/proto/flexe.grpc.pb.cc
flexe/proto/flexe.pb.cc
Creating shared library: ../out/clang-release/src/libflexe.so
echo /home/flexe/Flexe
/home/flexe/Flexe
/home/flexe/.conan/data/protobuf/3.17.1/_/_/package/53f76f058631e1c3a500008c75af3f37d7786131/bin/protoc --proto_path /home/flexe/Flexe /home/flexe/Flexe/flexe.proto --cpp_out /home/flexe/Flexe/src/flexe/proto/ 
/home/flexe/.conan/data/protobuf/3.17.1/_/_/package/53f76f058631e1c3a500008c75af3f37d7786131/bin/protoc --proto_path /home/flexe/Flexe --grpc_out=/home/flexe/Flexe/src/flexe/proto/ --plugin=protoc-gen-grpc=/home/flexe/.conan/data/grpc/1.38.1/_/_/package/44ecaec4536223f790dd5e0a72b2d16b1dfaa76c/bin/grpc_cpp_plugin /home/flexe/Flexe/flexe.proto
make[1]: Leaving directory '/home/flexe/Flexe/src'
00:35:36 **** Incremental Build of configuration gcc-release for project veins ****
make MODE=release -j8 all 
make[1]: Entering directory '/home/flexe/veins-veins-5.2/src'
make[1]: Nothing to be done for 'all'.
make[1]: Leaving directory '/home/flexe/veins-veins-5.2/src'
00:35:37 **** Incremental Build of configuration release for project flexe ****
make MODE=release all 
cd src && make
make[1]: Entering directory '/home/flexe/Flexe/src'
flexe/application/FedLimRSU11p.cc
flexe/application/FedLimRSU11p.cc:252:18: warning: 'random_shuffle<__gnu_cxx::__normal_iterator<int *, std::vector<int>>>' is deprecated: use 'std::shuffle' instead [-Wdeprecated-declarations]
            std::random_shuffle(std::begin(connectedClientsVector), std::end(connectedClientsVector));
                 ^
/usr/bin/../lib/gcc/x86_64-linux-gnu/12/../../../../include/c++/12/bits/stl_algo.h:4539:5: note: 'random_shuffle<__gnu_cxx::__normal_iterator<int *, std::vector<int>>>' has been explicitly marked deprecated here
    _GLIBCXX14_DEPRECATED_SUGGEST("std::shuffle")
    ^
/usr/bin/../lib/gcc/x86_64-linux-gnu/12/../../../../include/x86_64-linux-gnu/c++/12/bits/c++config.h:112:45: note: expanded from macro '_GLIBCXX14_DEPRECATED_SUGGEST'
# define _GLIBCXX14_DEPRECATED_SUGGEST(ALT) _GLIBCXX_DEPRECATED_SUGGEST(ALT)
                                            ^
/usr/bin/../lib/gcc/x86_64-linux-gnu/12/../../../../include/x86_64-linux-gnu/c++/12/bits/c++config.h:96:19: note: expanded from macro '_GLIBCXX_DEPRECATED_SUGGEST'
  __attribute__ ((__deprecated__ ("use '" ALT "' instead")))
                  ^
1 warning generated.
flexe/application/FedSETRANDOMRSU11p.cc
flexe/application/FedSETRANDOMRSU11p.cc:222:18: warning: 'random_shuffle<__gnu_cxx::__normal_iterator<int *, std::vector<int>>>' is deprecated: use 'std::shuffle' instead [-Wdeprecated-declarations]
            std::random_shuffle(std::begin(connectedClientsVector), std::end(connectedClientsVector));
                 ^
/usr/bin/../lib/gcc/x86_64-linux-gnu/12/../../../../include/c++/12/bits/stl_algo.h:4539:5: note: 'random_shuffle<__gnu_cxx::__normal_iterator<int *, std::vector<int>>>' has been explicitly marked deprecated here
    _GLIBCXX14_DEPRECATED_SUGGEST("std::shuffle")
    ^
/usr/bin/../lib/gcc/x86_64-linux-gnu/12/../../../../include/x86_64-linux-gnu/c++/12/bits/c++config.h:112:45: note: expanded from macro '_GLIBCXX14_DEPRECATED_SUGGEST'
# define _GLIBCXX14_DEPRECATED_SUGGEST(ALT) _GLIBCXX_DEPRECATED_SUGGEST(ALT)
                                            ^
/usr/bin/../lib/gcc/x86_64-linux-gnu/12/../../../../include/x86_64-linux-gnu/c++/12/bits/c++config.h:96:19: note: expanded from macro '_GLIBCXX_DEPRECATED_SUGGEST'
  __attribute__ ((__deprecated__ ("use '" ALT "' instead")))
                  ^
1 warning generated.
flexe/application/MLApp.cc
flexe/application/MLEntropyApp.cc
flexe/proto/flexe.grpc.pb.cc
flexe/proto/flexe.pb.cc
Creating shared library: ../out/clang-release/src/libflexe.so
echo /home/flexe/Flexe
/home/flexe/Flexe
/home/flexe/.conan/data/protobuf/3.17.1/_/_/package/53f76f058631e1c3a500008c75af3f37d7786131/bin/protoc --proto_path /home/flexe/Flexe /home/flexe/Flexe/flexe.proto --cpp_out /home/flexe/Flexe/src/flexe/proto/ 
/home/flexe/.conan/data/protobuf/3.17.1/_/_/package/53f76f058631e1c3a500008c75af3f37d7786131/bin/protoc --proto_path /home/flexe/Flexe --grpc_out=/home/flexe/Flexe/src/flexe/proto/ --plugin=protoc-gen-grpc=/home/flexe/.conan/data/grpc/1.38.1/_/_/package/44ecaec4536223f790dd5e0a72b2d16b1dfaa76c/bin/grpc_cpp_plugin /home/flexe/Flexe/flexe.proto
make[1]: Leaving directory '/home/flexe/Flexe/src'
00:37:03 **** Incremental Build of configuration gcc-release for project veins ****
make MODE=release -j8 all 
make[1]: Entering directory '/home/flexe/veins-veins-5.2/src'
make[1]: Nothing to be done for 'all'.
make[1]: Leaving directory '/home/flexe/veins-veins-5.2/src'
00:37:04 **** Incremental Build of configuration release for project flexe ****
make MODE=release all 
cd src && make
make[1]: Entering directory '/home/flexe/Flexe/src'
flexe/application/FedLimRSU11p.cc
flexe/application/FedLimRSU11p.cc:252:18: warning: 'random_shuffle<__gnu_cxx::__normal_iterator<int *, std::vector<int>>>' is deprecated: use 'std::shuffle' instead [-Wdeprecated-declarations]
            std::random_shuffle(std::begin(connectedClientsVector), std::end(connectedClientsVector));
                 ^
/usr/bin/../lib/gcc/x86_64-linux-gnu/12/../../../../include/c++/12/bits/stl_algo.h:4539:5: note: 'random_shuffle<__gnu_cxx::__normal_iterator<int *, std::vector<int>>>' has been explicitly marked deprecated here
    _GLIBCXX14_DEPRECATED_SUGGEST("std::shuffle")
    ^
/usr/bin/../lib/gcc/x86_64-linux-gnu/12/../../../../include/x86_64-linux-gnu/c++/12/bits/c++config.h:112:45: note: expanded from macro '_GLIBCXX14_DEPRECATED_SUGGEST'
# define _GLIBCXX14_DEPRECATED_SUGGEST(ALT) _GLIBCXX_DEPRECATED_SUGGEST(ALT)
                                            ^
/usr/bin/../lib/gcc/x86_64-linux-gnu/12/../../../../include/x86_64-linux-gnu/c++/12/bits/c++config.h:96:19: note: expanded from macro '_GLIBCXX_DEPRECATED_SUGGEST'
  __attribute__ ((__deprecated__ ("use '" ALT "' instead")))
                  ^
1 warning generated.
flexe/application/FedSETRANDOMRSU11p.cc
flexe/application/FedSETRANDOMRSU11p.cc:222:18: warning: 'random_shuffle<__gnu_cxx::__normal_iterator<int *, std::vector<int>>>' is deprecated: use 'std::shuffle' instead [-Wdeprecated-declarations]
            std::random_shuffle(std::begin(connectedClientsVector), std::end(connectedClientsVector));
                 ^
/usr/bin/../lib/gcc/x86_64-linux-gnu/12/../../../../include/c++/12/bits/stl_algo.h:4539:5: note: 'random_shuffle<__gnu_cxx::__normal_iterator<int *, std::vector<int>>>' has been explicitly marked deprecated here
    _GLIBCXX14_DEPRECATED_SUGGEST("std::shuffle")
    ^
/usr/bin/../lib/gcc/x86_64-linux-gnu/12/../../../../include/x86_64-linux-gnu/c++/12/bits/c++config.h:112:45: note: expanded from macro '_GLIBCXX14_DEPRECATED_SUGGEST'
# define _GLIBCXX14_DEPRECATED_SUGGEST(ALT) _GLIBCXX_DEPRECATED_SUGGEST(ALT)
                                            ^
/usr/bin/../lib/gcc/x86_64-linux-gnu/12/../../../../include/x86_64-linux-gnu/c++/12/bits/c++config.h:96:19: note: expanded from macro '_GLIBCXX_DEPRECATED_SUGGEST'
  __attribute__ ((__deprecated__ ("use '" ALT "' instead")))
                  ^
1 warning generated.
flexe/application/MLApp.cc
flexe/application/MLEntropyApp.cc
flexe/proto/flexe.grpc.pb.cc
flexe/proto/flexe.pb.cc
Creating shared library: ../out/clang-release/src/libflexe.so
echo /home/flexe/Flexe
/home/flexe/Flexe
/home/flexe/.conan/data/protobuf/3.17.1/_/_/package/53f76f058631e1c3a500008c75af3f37d7786131/bin/protoc --proto_path /home/flexe/Flexe /home/flexe/Flexe/flexe.proto --cpp_out /home/flexe/Flexe/src/flexe/proto/ 
/home/flexe/.conan/data/protobuf/3.17.1/_/_/package/53f76f058631e1c3a500008c75af3f37d7786131/bin/protoc --proto_path /home/flexe/Flexe --grpc_out=/home/flexe/Flexe/src/flexe/proto/ --plugin=protoc-gen-grpc=/home/flexe/.conan/data/grpc/1.38.1/_/_/package/44ecaec4536223f790dd5e0a72b2d16b1dfaa76c/bin/grpc_cpp_plugin /home/flexe/Flexe/flexe.proto
make[1]: Leaving directory '/home/flexe/Flexe/src'
00:50:07 **** Incremental Build of configuration gcc-release for project veins ****
make MODE=release -j8 all 
make[1]: Entering directory '/home/flexe/veins-veins-5.2/src'
make[1]: Nothing to be done for 'all'.
make[1]: Leaving directory '/home/flexe/veins-veins-5.2/src'
00:50:08 **** Incremental Build of configuration release for project flexe ****
make MODE=release all 
cd src && make
make[1]: Entering directory '/home/flexe/Flexe/src'
flexe/application/FedLimRSU11p.cc
flexe/application/FedLimRSU11p.cc:252:18: warning: 'random_shuffle<__gnu_cxx::__normal_iterator<int *, std::vector<int>>>' is deprecated: use 'std::shuffle' instead [-Wdeprecated-declarations]
            std::random_shuffle(std::begin(connectedClientsVector), std::end(connectedClientsVector));
                 ^
/usr/bin/../lib/gcc/x86_64-linux-gnu/12/../../../../include/c++/12/bits/stl_algo.h:4539:5: note: 'random_shuffle<__gnu_cxx::__normal_iterator<int *, std::vector<int>>>' has been explicitly marked deprecated here
    _GLIBCXX14_DEPRECATED_SUGGEST("std::shuffle")
    ^
/usr/bin/../lib/gcc/x86_64-linux-gnu/12/../../../../include/x86_64-linux-gnu/c++/12/bits/c++config.h:112:45: note: expanded from macro '_GLIBCXX14_DEPRECATED_SUGGEST'
# define _GLIBCXX14_DEPRECATED_SUGGEST(ALT) _GLIBCXX_DEPRECATED_SUGGEST(ALT)
                                            ^
/usr/bin/../lib/gcc/x86_64-linux-gnu/12/../../../../include/x86_64-linux-gnu/c++/12/bits/c++config.h:96:19: note: expanded from macro '_GLIBCXX_DEPRECATED_SUGGEST'
  __attribute__ ((__deprecated__ ("use '" ALT "' instead")))
                  ^
1 warning generated.
flexe/application/FedSETRANDOMRSU11p.cc
flexe/application/FedSETRANDOMRSU11p.cc:222:18: warning: 'random_shuffle<__gnu_cxx::__normal_iterator<int *, std::vector<int>>>' is deprecated: use 'std::shuffle' instead [-Wdeprecated-declarations]
            std::random_shuffle(std::begin(connectedClientsVector), std::end(connectedClientsVector));
                 ^
/usr/bin/../lib/gcc/x86_64-linux-gnu/12/../../../../include/c++/12/bits/stl_algo.h:4539:5: note: 'random_shuffle<__gnu_cxx::__normal_iterator<int *, std::vector<int>>>' has been explicitly marked deprecated here
    _GLIBCXX14_DEPRECATED_SUGGEST("std::shuffle")
    ^
/usr/bin/../lib/gcc/x86_64-linux-gnu/12/../../../../include/x86_64-linux-gnu/c++/12/bits/c++config.h:112:45: note: expanded from macro '_GLIBCXX14_DEPRECATED_SUGGEST'
# define _GLIBCXX14_DEPRECATED_SUGGEST(ALT) _GLIBCXX_DEPRECATED_SUGGEST(ALT)
                                            ^
/usr/bin/../lib/gcc/x86_64-linux-gnu/12/../../../../include/x86_64-linux-gnu/c++/12/bits/c++config.h:96:19: note: expanded from macro '_GLIBCXX_DEPRECATED_SUGGEST'
  __attribute__ ((__deprecated__ ("use '" ALT "' instead")))
                  ^
1 warning generated.
flexe/application/MLApp.cc
flexe/application/MLEntropyApp.cc
flexe/proto/flexe.grpc.pb.cc
flexe/proto/flexe.pb.cc
Creating shared library: ../out/clang-release/src/libflexe.so
echo /home/flexe/Flexe
/home/flexe/Flexe
/home/flexe/.conan/data/protobuf/3.17.1/_/_/package/53f76f058631e1c3a500008c75af3f37d7786131/bin/protoc --proto_path /home/flexe/Flexe /home/flexe/Flexe/flexe.proto --cpp_out /home/flexe/Flexe/src/flexe/proto/ 
/home/flexe/.conan/data/protobuf/3.17.1/_/_/package/53f76f058631e1c3a500008c75af3f37d7786131/bin/protoc --proto_path /home/flexe/Flexe --grpc_out=/home/flexe/Flexe/src/flexe/proto/ --plugin=protoc-gen-grpc=/home/flexe/.conan/data/grpc/1.38.1/_/_/package/44ecaec4536223f790dd5e0a72b2d16b1dfaa76c/bin/grpc_cpp_plugin /home/flexe/Flexe/flexe.proto
make[1]: Leaving directory '/home/flexe/Flexe/src'
01:04:50 **** Incremental Build of configuration gcc-release for project veins ****
make MODE=release -j8 all 
make[1]: Entering directory '/home/flexe/veins-veins-5.2/src'
make[1]: Nothing to be done for 'all'.
make[1]: Leaving directory '/home/flexe/veins-veins-5.2/src'
01:04:51 **** Incremental Build of configuration release for project flexe ****
make MODE=release all 
cd src && make
make[1]: Entering directory '/home/flexe/Flexe/src'
flexe/application/FedLimRSU11p.cc
flexe/application/FedLimRSU11p.cc:252:18: warning: 'random_shuffle<__gnu_cxx::__normal_iterator<int *, std::vector<int>>>' is deprecated: use 'std::shuffle' instead [-Wdeprecated-declarations]
            std::random_shuffle(std::begin(connectedClientsVector), std::end(connectedClientsVector));
                 ^
/usr/bin/../lib/gcc/x86_64-linux-gnu/12/../../../../include/c++/12/bits/stl_algo.h:4539:5: note: 'random_shuffle<__gnu_cxx::__normal_iterator<int *, std::vector<int>>>' has been explicitly marked deprecated here
    _GLIBCXX14_DEPRECATED_SUGGEST("std::shuffle")
    ^
/usr/bin/../lib/gcc/x86_64-linux-gnu/12/../../../../include/x86_64-linux-gnu/c++/12/bits/c++config.h:112:45: note: expanded from macro '_GLIBCXX14_DEPRECATED_SUGGEST'
# define _GLIBCXX14_DEPRECATED_SUGGEST(ALT) _GLIBCXX_DEPRECATED_SUGGEST(ALT)
                                            ^
/usr/bin/../lib/gcc/x86_64-linux-gnu/12/../../../../include/x86_64-linux-gnu/c++/12/bits/c++config.h:96:19: note: expanded from macro '_GLIBCXX_DEPRECATED_SUGGEST'
  __attribute__ ((__deprecated__ ("use '" ALT "' instead")))
                  ^
1 warning generated.
flexe/application/FedSETRANDOMRSU11p.cc
flexe/application/FedSETRANDOMRSU11p.cc:222:18: warning: 'random_shuffle<__gnu_cxx::__normal_iterator<int *, std::vector<int>>>' is deprecated: use 'std::shuffle' instead [-Wdeprecated-declarations]
            std::random_shuffle(std::begin(connectedClientsVector), std::end(connectedClientsVector));
                 ^
/usr/bin/../lib/gcc/x86_64-linux-gnu/12/../../../../include/c++/12/bits/stl_algo.h:4539:5: note: 'random_shuffle<__gnu_cxx::__normal_iterator<int *, std::vector<int>>>' has been explicitly marked deprecated here
    _GLIBCXX14_DEPRECATED_SUGGEST("std::shuffle")
    ^
/usr/bin/../lib/gcc/x86_64-linux-gnu/12/../../../../include/x86_64-linux-gnu/c++/12/bits/c++config.h:112:45: note: expanded from macro '_GLIBCXX14_DEPRECATED_SUGGEST'
# define _GLIBCXX14_DEPRECATED_SUGGEST(ALT) _GLIBCXX_DEPRECATED_SUGGEST(ALT)
                                            ^
/usr/bin/../lib/gcc/x86_64-linux-gnu/12/../../../../include/x86_64-linux-gnu/c++/12/bits/c++config.h:96:19: note: expanded from macro '_GLIBCXX_DEPRECATED_SUGGEST'
  __attribute__ ((__deprecated__ ("use '" ALT "' instead")))
                  ^
1 warning generated.
flexe/application/MLApp.cc
flexe/application/MLEntropyApp.cc
flexe/proto/flexe.grpc.pb.cc
flexe/proto/flexe.pb.cc
Creating shared library: ../out/clang-release/src/libflexe.so
echo /home/flexe/Flexe
/home/flexe/Flexe
/home/flexe/.conan/data/protobuf/3.17.1/_/_/package/53f76f058631e1c3a500008c75af3f37d7786131/bin/protoc --proto_path /home/flexe/Flexe /home/flexe/Flexe/flexe.proto --cpp_out /home/flexe/Flexe/src/flexe/proto/ 
/home/flexe/.conan/data/protobuf/3.17.1/_/_/package/53f76f058631e1c3a500008c75af3f37d7786131/bin/protoc --proto_path /home/flexe/Flexe --grpc_out=/home/flexe/Flexe/src/flexe/proto/ --plugin=protoc-gen-grpc=/home/flexe/.conan/data/grpc/1.38.1/_/_/package/44ecaec4536223f790dd5e0a72b2d16b1dfaa76c/bin/grpc_cpp_plugin /home/flexe/Flexe/flexe.proto
make[1]: Leaving directory '/home/flexe/Flexe/src'
13:48:14 **** Incremental Build of configuration gcc-release for project veins ****
make MODE=release -j8 all 
make[1]: Entering directory '/home/flexe/veins-veins-5.2/src'
make[1]: Nothing to be done for 'all'.
make[1]: Leaving directory '/home/flexe/veins-veins-5.2/src'
13:48:15 **** Incremental Build of configuration release for project flexe ****
make MODE=release all 
cd src && make
make[1]: Entering directory '/home/flexe/Flexe/src'
flexe/application/FedLimRSU11p.cc
flexe/application/FedLimRSU11p.cc:252:18: warning: 'random_shuffle<__gnu_cxx::__normal_iterator<int *, std::vector<int>>>' is deprecated: use 'std::shuffle' instead [-Wdeprecated-declarations]
            std::random_shuffle(std::begin(connectedClientsVector), std::end(connectedClientsVector));
                 ^
/usr/bin/../lib/gcc/x86_64-linux-gnu/12/../../../../include/c++/12/bits/stl_algo.h:4539:5: note: 'random_shuffle<__gnu_cxx::__normal_iterator<int *, std::vector<int>>>' has been explicitly marked deprecated here
    _GLIBCXX14_DEPRECATED_SUGGEST("std::shuffle")
    ^
/usr/bin/../lib/gcc/x86_64-linux-gnu/12/../../../../include/x86_64-linux-gnu/c++/12/bits/c++config.h:112:45: note: expanded from macro '_GLIBCXX14_DEPRECATED_SUGGEST'
# define _GLIBCXX14_DEPRECATED_SUGGEST(ALT) _GLIBCXX_DEPRECATED_SUGGEST(ALT)
                                            ^
/usr/bin/../lib/gcc/x86_64-linux-gnu/12/../../../../include/x86_64-linux-gnu/c++/12/bits/c++config.h:96:19: note: expanded from macro '_GLIBCXX_DEPRECATED_SUGGEST'
  __attribute__ ((__deprecated__ ("use '" ALT "' instead")))
                  ^
1 warning generated.
flexe/application/FedSETRANDOMRSU11p.cc
flexe/application/FedSETRANDOMRSU11p.cc:222:18: warning: 'random_shuffle<__gnu_cxx::__normal_iterator<int *, std::vector<int>>>' is deprecated: use 'std::shuffle' instead [-Wdeprecated-declarations]
            std::random_shuffle(std::begin(connectedClientsVector), std::end(connectedClientsVector));
                 ^
/usr/bin/../lib/gcc/x86_64-linux-gnu/12/../../../../include/c++/12/bits/stl_algo.h:4539:5: note: 'random_shuffle<__gnu_cxx::__normal_iterator<int *, std::vector<int>>>' has been explicitly marked deprecated here
    _GLIBCXX14_DEPRECATED_SUGGEST("std::shuffle")
    ^
/usr/bin/../lib/gcc/x86_64-linux-gnu/12/../../../../include/x86_64-linux-gnu/c++/12/bits/c++config.h:112:45: note: expanded from macro '_GLIBCXX14_DEPRECATED_SUGGEST'
# define _GLIBCXX14_DEPRECATED_SUGGEST(ALT) _GLIBCXX_DEPRECATED_SUGGEST(ALT)
                                            ^
/usr/bin/../lib/gcc/x86_64-linux-gnu/12/../../../../include/x86_64-linux-gnu/c++/12/bits/c++config.h:96:19: note: expanded from macro '_GLIBCXX_DEPRECATED_SUGGEST'
  __attribute__ ((__deprecated__ ("use '" ALT "' instead")))
                  ^
1 warning generated.
flexe/application/MLApp.cc
flexe/application/MLEntropyApp.cc
flexe/proto/flexe.grpc.pb.cc
flexe/proto/flexe.pb.cc
Creating shared library: ../out/clang-release/src/libflexe.so
echo /home/flexe/Flexe
/home/flexe/Flexe
/home/flexe/.conan/data/protobuf/3.17.1/_/_/package/53f76f058631e1c3a500008c75af3f37d7786131/bin/protoc --proto_path /home/flexe/Flexe /home/flexe/Flexe/flexe.proto --cpp_out /home/flexe/Flexe/src/flexe/proto/ 
/home/flexe/.conan/data/protobuf/3.17.1/_/_/package/53f76f058631e1c3a500008c75af3f37d7786131/bin/protoc --proto_path /home/flexe/Flexe --grpc_out=/home/flexe/Flexe/src/flexe/proto/ --plugin=protoc-gen-grpc=/home/flexe/.conan/data/grpc/1.38.1/_/_/package/44ecaec4536223f790dd5e0a72b2d16b1dfaa76c/bin/grpc_cpp_plugin /home/flexe/Flexe/flexe.proto
make[1]: Leaving directory '/home/flexe/Flexe/src'
13:50:06 **** Incremental Build of configuration gcc-release for project veins ****
make MODE=release -j8 all 
make[1]: Entering directory '/home/flexe/veins-veins-5.2/src'
make[1]: Nothing to be done for 'all'.
make[1]: Leaving directory '/home/flexe/veins-veins-5.2/src'
13:50:07 **** Incremental Build of configuration release for project flexe ****
make MODE=release all 
cd src && make
make[1]: Entering directory '/home/flexe/Flexe/src'
flexe/application/FedLimRSU11p.cc
flexe/application/FedLimRSU11p.cc:252:18: warning: 'random_shuffle<__gnu_cxx::__normal_iterator<int *, std::vector<int>>>' is deprecated: use 'std::shuffle' instead [-Wdeprecated-declarations]
            std::random_shuffle(std::begin(connectedClientsVector), std::end(connectedClientsVector));
                 ^
/usr/bin/../lib/gcc/x86_64-linux-gnu/12/../../../../include/c++/12/bits/stl_algo.h:4539:5: note: 'random_shuffle<__gnu_cxx::__normal_iterator<int *, std::vector<int>>>' has been explicitly marked deprecated here
    _GLIBCXX14_DEPRECATED_SUGGEST("std::shuffle")
    ^
/usr/bin/../lib/gcc/x86_64-linux-gnu/12/../../../../include/x86_64-linux-gnu/c++/12/bits/c++config.h:112:45: note: expanded from macro '_GLIBCXX14_DEPRECATED_SUGGEST'
# define _GLIBCXX14_DEPRECATED_SUGGEST(ALT) _GLIBCXX_DEPRECATED_SUGGEST(ALT)
                                            ^
/usr/bin/../lib/gcc/x86_64-linux-gnu/12/../../../../include/x86_64-linux-gnu/c++/12/bits/c++config.h:96:19: note: expanded from macro '_GLIBCXX_DEPRECATED_SUGGEST'
  __attribute__ ((__deprecated__ ("use '" ALT "' instead")))
                  ^
1 warning generated.
flexe/application/FedSETRANDOMRSU11p.cc
flexe/application/FedSETRANDOMRSU11p.cc:222:18: warning: 'random_shuffle<__gnu_cxx::__normal_iterator<int *, std::vector<int>>>' is deprecated: use 'std::shuffle' instead [-Wdeprecated-declarations]
            std::random_shuffle(std::begin(connectedClientsVector), std::end(connectedClientsVector));
                 ^
/usr/bin/../lib/gcc/x86_64-linux-gnu/12/../../../../include/c++/12/bits/stl_algo.h:4539:5: note: 'random_shuffle<__gnu_cxx::__normal_iterator<int *, std::vector<int>>>' has been explicitly marked deprecated here
    _GLIBCXX14_DEPRECATED_SUGGEST("std::shuffle")
    ^
/usr/bin/../lib/gcc/x86_64-linux-gnu/12/../../../../include/x86_64-linux-gnu/c++/12/bits/c++config.h:112:45: note: expanded from macro '_GLIBCXX14_DEPRECATED_SUGGEST'
# define _GLIBCXX14_DEPRECATED_SUGGEST(ALT) _GLIBCXX_DEPRECATED_SUGGEST(ALT)
                                            ^
/usr/bin/../lib/gcc/x86_64-linux-gnu/12/../../../../include/x86_64-linux-gnu/c++/12/bits/c++config.h:96:19: note: expanded from macro '_GLIBCXX_DEPRECATED_SUGGEST'
  __attribute__ ((__deprecated__ ("use '" ALT "' instead")))
                  ^
1 warning generated.
flexe/application/MLApp.cc
flexe/application/MLEntropyApp.cc
flexe/proto/flexe.grpc.pb.cc
flexe/proto/flexe.pb.cc
Creating shared library: ../out/clang-release/src/libflexe.so
echo /home/flexe/Flexe
/home/flexe/Flexe
/home/flexe/.conan/data/protobuf/3.17.1/_/_/package/53f76f058631e1c3a500008c75af3f37d7786131/bin/protoc --proto_path /home/flexe/Flexe /home/flexe/Flexe/flexe.proto --cpp_out /home/flexe/Flexe/src/flexe/proto/ 
/home/flexe/.conan/data/protobuf/3.17.1/_/_/package/53f76f058631e1c3a500008c75af3f37d7786131/bin/protoc --proto_path /home/flexe/Flexe --grpc_out=/home/flexe/Flexe/src/flexe/proto/ --plugin=protoc-gen-grpc=/home/flexe/.conan/data/grpc/1.38.1/_/_/package/44ecaec4536223f790dd5e0a72b2d16b1dfaa76c/bin/grpc_cpp_plugin /home/flexe/Flexe/flexe.proto
make[1]: Leaving directory '/home/flexe/Flexe/src'
19:31:23 **** Incremental Build of configuration gcc-release for project veins ****
make MODE=release -j8 all 
make[1]: Entering directory '/home/flexe/veins-veins-5.2/src'
make[1]: Nothing to be done for 'all'.
make[1]: Leaving directory '/home/flexe/veins-veins-5.2/src'
19:31:24 **** Incremental Build of configuration release for project flexe ****
make MODE=release all 
cd src && make
make[1]: Entering directory '/home/flexe/Flexe/src'
flexe/application/FedLimRSU11p.cc
flexe/application/FedLimRSU11p.cc:252:18: warning: 'random_shuffle<__gnu_cxx::__normal_iterator<int *, std::vector<int>>>' is deprecated: use 'std::shuffle' instead [-Wdeprecated-declarations]
            std::random_shuffle(std::begin(connectedClientsVector), std::end(connectedClientsVector));
                 ^
/usr/bin/../lib/gcc/x86_64-linux-gnu/12/../../../../include/c++/12/bits/stl_algo.h:4539:5: note: 'random_shuffle<__gnu_cxx::__normal_iterator<int *, std::vector<int>>>' has been explicitly marked deprecated here
    _GLIBCXX14_DEPRECATED_SUGGEST("std::shuffle")
    ^
/usr/bin/../lib/gcc/x86_64-linux-gnu/12/../../../../include/x86_64-linux-gnu/c++/12/bits/c++config.h:112:45: note: expanded from macro '_GLIBCXX14_DEPRECATED_SUGGEST'
# define _GLIBCXX14_DEPRECATED_SUGGEST(ALT) _GLIBCXX_DEPRECATED_SUGGEST(ALT)
                                            ^
/usr/bin/../lib/gcc/x86_64-linux-gnu/12/../../../../include/x86_64-linux-gnu/c++/12/bits/c++config.h:96:19: note: expanded from macro '_GLIBCXX_DEPRECATED_SUGGEST'
  __attribute__ ((__deprecated__ ("use '" ALT "' instead")))
                  ^
1 warning generated.
flexe/application/FedSETRANDOMRSU11p.cc
flexe/application/FedSETRANDOMRSU11p.cc:222:18: warning: 'random_shuffle<__gnu_cxx::__normal_iterator<int *, std::vector<int>>>' is deprecated: use 'std::shuffle' instead [-Wdeprecated-declarations]
            std::random_shuffle(std::begin(connectedClientsVector), std::end(connectedClientsVector));
                 ^
/usr/bin/../lib/gcc/x86_64-linux-gnu/12/../../../../include/c++/12/bits/stl_algo.h:4539:5: note: 'random_shuffle<__gnu_cxx::__normal_iterator<int *, std::vector<int>>>' has been explicitly marked deprecated here
    _GLIBCXX14_DEPRECATED_SUGGEST("std::shuffle")
    ^
/usr/bin/../lib/gcc/x86_64-linux-gnu/12/../../../../include/x86_64-linux-gnu/c++/12/bits/c++config.h:112:45: note: expanded from macro '_GLIBCXX14_DEPRECATED_SUGGEST'
# define _GLIBCXX14_DEPRECATED_SUGGEST(ALT) _GLIBCXX_DEPRECATED_SUGGEST(ALT)
                                            ^
/usr/bin/../lib/gcc/x86_64-linux-gnu/12/../../../../include/x86_64-linux-gnu/c++/12/bits/c++config.h:96:19: note: expanded from macro '_GLIBCXX_DEPRECATED_SUGGEST'
  __attribute__ ((__deprecated__ ("use '" ALT "' instead")))
                  ^
1 warning generated.
flexe/application/MLApp.cc
flexe/application/MLEntropyApp.cc
flexe/proto/flexe.grpc.pb.cc
flexe/proto/flexe.pb.cc
Creating shared library: ../out/clang-release/src/libflexe.so
echo /home/flexe/Flexe
/home/flexe/Flexe
/home/flexe/.conan/data/protobuf/3.17.1/_/_/package/53f76f058631e1c3a500008c75af3f37d7786131/bin/protoc --proto_path /home/flexe/Flexe /home/flexe/Flexe/flexe.proto --cpp_out /home/flexe/Flexe/src/flexe/proto/ 
/home/flexe/.conan/data/protobuf/3.17.1/_/_/package/53f76f058631e1c3a500008c75af3f37d7786131/bin/protoc --proto_path /home/flexe/Flexe --grpc_out=/home/flexe/Flexe/src/flexe/proto/ --plugin=protoc-gen-grpc=/home/flexe/.conan/data/grpc/1.38.1/_/_/package/44ecaec4536223f790dd5e0a72b2d16b1dfaa76c/bin/grpc_cpp_plugin /home/flexe/Flexe/flexe.proto
make[1]: Leaving directory '/home/flexe/Flexe/src'
19:32:03 **** Incremental Build of configuration gcc-release for project veins ****
make MODE=release -j8 all 
make[1]: Entering directory '/home/flexe/veins-veins-5.2/src'
make[1]: Nothing to be done for 'all'.
make[1]: Leaving directory '/home/flexe/veins-veins-5.2/src'
19:32:04 **** Incremental Build of configuration release for project flexe ****
make MODE=release all 
cd src && make
make[1]: Entering directory '/home/flexe/Flexe/src'
flexe/application/FedLimRSU11p.cc
flexe/application/FedLimRSU11p.cc:252:18: warning: 'random_shuffle<__gnu_cxx::__normal_iterator<int *, std::vector<int>>>' is deprecated: use 'std::shuffle' instead [-Wdeprecated-declarations]
            std::random_shuffle(std::begin(connectedClientsVector), std::end(connectedClientsVector));
                 ^
/usr/bin/../lib/gcc/x86_64-linux-gnu/12/../../../../include/c++/12/bits/stl_algo.h:4539:5: note: 'random_shuffle<__gnu_cxx::__normal_iterator<int *, std::vector<int>>>' has been explicitly marked deprecated here
    _GLIBCXX14_DEPRECATED_SUGGEST("std::shuffle")
    ^
/usr/bin/../lib/gcc/x86_64-linux-gnu/12/../../../../include/x86_64-linux-gnu/c++/12/bits/c++config.h:112:45: note: expanded from macro '_GLIBCXX14_DEPRECATED_SUGGEST'
# define _GLIBCXX14_DEPRECATED_SUGGEST(ALT) _GLIBCXX_DEPRECATED_SUGGEST(ALT)
                                            ^
/usr/bin/../lib/gcc/x86_64-linux-gnu/12/../../../../include/x86_64-linux-gnu/c++/12/bits/c++config.h:96:19: note: expanded from macro '_GLIBCXX_DEPRECATED_SUGGEST'
  __attribute__ ((__deprecated__ ("use '" ALT "' instead")))
                  ^
1 warning generated.
flexe/application/FedSETRANDOMRSU11p.cc
flexe/application/FedSETRANDOMRSU11p.cc:222:18: warning: 'random_shuffle<__gnu_cxx::__normal_iterator<int *, std::vector<int>>>' is deprecated: use 'std::shuffle' instead [-Wdeprecated-declarations]
            std::random_shuffle(std::begin(connectedClientsVector), std::end(connectedClientsVector));
                 ^
/usr/bin/../lib/gcc/x86_64-linux-gnu/12/../../../../include/c++/12/bits/stl_algo.h:4539:5: note: 'random_shuffle<__gnu_cxx::__normal_iterator<int *, std::vector<int>>>' has been explicitly marked deprecated here
    _GLIBCXX14_DEPRECATED_SUGGEST("std::shuffle")
    ^
/usr/bin/../lib/gcc/x86_64-linux-gnu/12/../../../../include/x86_64-linux-gnu/c++/12/bits/c++config.h:112:45: note: expanded from macro '_GLIBCXX14_DEPRECATED_SUGGEST'
# define _GLIBCXX14_DEPRECATED_SUGGEST(ALT) _GLIBCXX_DEPRECATED_SUGGEST(ALT)
                                            ^
/usr/bin/../lib/gcc/x86_64-linux-gnu/12/../../../../include/x86_64-linux-gnu/c++/12/bits/c++config.h:96:19: note: expanded from macro '_GLIBCXX_DEPRECATED_SUGGEST'
  __attribute__ ((__deprecated__ ("use '" ALT "' instead")))
                  ^
1 warning generated.
flexe/application/MLApp.cc
flexe/application/MLEntropyApp.cc
flexe/proto/flexe.grpc.pb.cc
flexe/proto/flexe.pb.cc
Creating shared library: ../out/clang-release/src/libflexe.so
echo /home/flexe/Flexe
/home/flexe/Flexe
/home/flexe/.conan/data/protobuf/3.17.1/_/_/package/53f76f058631e1c3a500008c75af3f37d7786131/bin/protoc --proto_path /home/flexe/Flexe /home/flexe/Flexe/flexe.proto --cpp_out /home/flexe/Flexe/src/flexe/proto/ 
/home/flexe/.conan/data/protobuf/3.17.1/_/_/package/53f76f058631e1c3a500008c75af3f37d7786131/bin/protoc --proto_path /home/flexe/Flexe --grpc_out=/home/flexe/Flexe/src/flexe/proto/ --plugin=protoc-gen-grpc=/home/flexe/.conan/data/grpc/1.38.1/_/_/package/44ecaec4536223f790dd5e0a72b2d16b1dfaa76c/bin/grpc_cpp_plugin /home/flexe/Flexe/flexe.proto
make[1]: Leaving directory '/home/flexe/Flexe/src'
01:13:00 **** Incremental Build of configuration gcc-release for project veins ****
make MODE=release -j8 all 
make[1]: Entering directory '/home/flexe/veins-veins-5.2/src'
make[1]: Nothing to be done for 'all'.
make[1]: Leaving directory '/home/flexe/veins-veins-5.2/src'
01:13:01 **** Incremental Build of configuration release for project flexe ****
make MODE=release all 
cd src && make
make[1]: Entering directory '/home/flexe/Flexe/src'
flexe/application/FedLimRSU11p.cc
flexe/application/FedLimRSU11p.cc:252:18: warning: 'random_shuffle<__gnu_cxx::__normal_iterator<int *, std::vector<int>>>' is deprecated: use 'std::shuffle' instead [-Wdeprecated-declarations]
            std::random_shuffle(std::begin(connectedClientsVector), std::end(connectedClientsVector));
                 ^
/usr/bin/../lib/gcc/x86_64-linux-gnu/12/../../../../include/c++/12/bits/stl_algo.h:4539:5: note: 'random_shuffle<__gnu_cxx::__normal_iterator<int *, std::vector<int>>>' has been explicitly marked deprecated here
    _GLIBCXX14_DEPRECATED_SUGGEST("std::shuffle")
    ^
/usr/bin/../lib/gcc/x86_64-linux-gnu/12/../../../../include/x86_64-linux-gnu/c++/12/bits/c++config.h:112:45: note: expanded from macro '_GLIBCXX14_DEPRECATED_SUGGEST'
# define _GLIBCXX14_DEPRECATED_SUGGEST(ALT) _GLIBCXX_DEPRECATED_SUGGEST(ALT)
                                            ^
/usr/bin/../lib/gcc/x86_64-linux-gnu/12/../../../../include/x86_64-linux-gnu/c++/12/bits/c++config.h:96:19: note: expanded from macro '_GLIBCXX_DEPRECATED_SUGGEST'
  __attribute__ ((__deprecated__ ("use '" ALT "' instead")))
                  ^
1 warning generated.
flexe/application/FedSETRANDOMRSU11p.cc
flexe/application/FedSETRANDOMRSU11p.cc:222:18: warning: 'random_shuffle<__gnu_cxx::__normal_iterator<int *, std::vector<int>>>' is deprecated: use 'std::shuffle' instead [-Wdeprecated-declarations]
            std::random_shuffle(std::begin(connectedClientsVector), std::end(connectedClientsVector));
                 ^
/usr/bin/../lib/gcc/x86_64-linux-gnu/12/../../../../include/c++/12/bits/stl_algo.h:4539:5: note: 'random_shuffle<__gnu_cxx::__normal_iterator<int *, std::vector<int>>>' has been explicitly marked deprecated here
    _GLIBCXX14_DEPRECATED_SUGGEST("std::shuffle")
    ^
/usr/bin/../lib/gcc/x86_64-linux-gnu/12/../../../../include/x86_64-linux-gnu/c++/12/bits/c++config.h:112:45: note: expanded from macro '_GLIBCXX14_DEPRECATED_SUGGEST'
# define _GLIBCXX14_DEPRECATED_SUGGEST(ALT) _GLIBCXX_DEPRECATED_SUGGEST(ALT)
                                            ^
/usr/bin/../lib/gcc/x86_64-linux-gnu/12/../../../../include/x86_64-linux-gnu/c++/12/bits/c++config.h:96:19: note: expanded from macro '_GLIBCXX_DEPRECATED_SUGGEST'
  __attribute__ ((__deprecated__ ("use '" ALT "' instead")))
                  ^
1 warning generated.
flexe/application/MLApp.cc
flexe/application/MLEntropyApp.cc
flexe/proto/flexe.grpc.pb.cc
flexe/proto/flexe.pb.cc
Creating shared library: ../out/clang-release/src/libflexe.so
echo /home/flexe/Flexe
/home/flexe/Flexe
/home/flexe/.conan/data/protobuf/3.17.1/_/_/package/53f76f058631e1c3a500008c75af3f37d7786131/bin/protoc --proto_path /home/flexe/Flexe /home/flexe/Flexe/flexe.proto --cpp_out /home/flexe/Flexe/src/flexe/proto/ 
/home/flexe/.conan/data/protobuf/3.17.1/_/_/package/53f76f058631e1c3a500008c75af3f37d7786131/bin/protoc --proto_path /home/flexe/Flexe --grpc_out=/home/flexe/Flexe/src/flexe/proto/ --plugin=protoc-gen-grpc=/home/flexe/.conan/data/grpc/1.38.1/_/_/package/44ecaec4536223f790dd5e0a72b2d16b1dfaa76c/bin/grpc_cpp_plugin /home/flexe/Flexe/flexe.proto
make[1]: Leaving directory '/home/flexe/Flexe/src'
01:14:04 **** Incremental Build of configuration gcc-release for project veins ****
make MODE=release -j8 all 
make[1]: Entering directory '/home/flexe/veins-veins-5.2/src'
make[1]: Nothing to be done for 'all'.
make[1]: Leaving directory '/home/flexe/veins-veins-5.2/src'
01:14:05 **** Incremental Build of configuration release for project flexe ****
make MODE=release all 
cd src && make
make[1]: Entering directory '/home/flexe/Flexe/src'
flexe/application/FedLimRSU11p.cc
flexe/application/FedLimRSU11p.cc:252:18: warning: 'random_shuffle<__gnu_cxx::__normal_iterator<int *, std::vector<int>>>' is deprecated: use 'std::shuffle' instead [-Wdeprecated-declarations]
            std::random_shuffle(std::begin(connectedClientsVector), std::end(connectedClientsVector));
                 ^
/usr/bin/../lib/gcc/x86_64-linux-gnu/12/../../../../include/c++/12/bits/stl_algo.h:4539:5: note: 'random_shuffle<__gnu_cxx::__normal_iterator<int *, std::vector<int>>>' has been explicitly marked deprecated here
    _GLIBCXX14_DEPRECATED_SUGGEST("std::shuffle")
    ^
/usr/bin/../lib/gcc/x86_64-linux-gnu/12/../../../../include/x86_64-linux-gnu/c++/12/bits/c++config.h:112:45: note: expanded from macro '_GLIBCXX14_DEPRECATED_SUGGEST'
# define _GLIBCXX14_DEPRECATED_SUGGEST(ALT) _GLIBCXX_DEPRECATED_SUGGEST(ALT)
                                            ^
/usr/bin/../lib/gcc/x86_64-linux-gnu/12/../../../../include/x86_64-linux-gnu/c++/12/bits/c++config.h:96:19: note: expanded from macro '_GLIBCXX_DEPRECATED_SUGGEST'
  __attribute__ ((__deprecated__ ("use '" ALT "' instead")))
                  ^
1 warning generated.
flexe/application/FedSETRANDOMRSU11p.cc
flexe/application/FedSETRANDOMRSU11p.cc:222:18: warning: 'random_shuffle<__gnu_cxx::__normal_iterator<int *, std::vector<int>>>' is deprecated: use 'std::shuffle' instead [-Wdeprecated-declarations]
            std::random_shuffle(std::begin(connectedClientsVector), std::end(connectedClientsVector));
                 ^
/usr/bin/../lib/gcc/x86_64-linux-gnu/12/../../../../include/c++/12/bits/stl_algo.h:4539:5: note: 'random_shuffle<__gnu_cxx::__normal_iterator<int *, std::vector<int>>>' has been explicitly marked deprecated here
    _GLIBCXX14_DEPRECATED_SUGGEST("std::shuffle")
    ^
/usr/bin/../lib/gcc/x86_64-linux-gnu/12/../../../../include/x86_64-linux-gnu/c++/12/bits/c++config.h:112:45: note: expanded from macro '_GLIBCXX14_DEPRECATED_SUGGEST'
# define _GLIBCXX14_DEPRECATED_SUGGEST(ALT) _GLIBCXX_DEPRECATED_SUGGEST(ALT)
                                            ^
/usr/bin/../lib/gcc/x86_64-linux-gnu/12/../../../../include/x86_64-linux-gnu/c++/12/bits/c++config.h:96:19: note: expanded from macro '_GLIBCXX_DEPRECATED_SUGGEST'
  __attribute__ ((__deprecated__ ("use '" ALT "' instead")))
                  ^
1 warning generated.
flexe/application/MLApp.cc
flexe/application/MLEntropyApp.cc
flexe/proto/flexe.grpc.pb.cc
flexe/proto/flexe.pb.cc
Creating shared library: ../out/clang-release/src/libflexe.so
echo /home/flexe/Flexe
/home/flexe/Flexe
/home/flexe/.conan/data/protobuf/3.17.1/_/_/package/53f76f058631e1c3a500008c75af3f37d7786131/bin/protoc --proto_path /home/flexe/Flexe /home/flexe/Flexe/flexe.proto --cpp_out /home/flexe/Flexe/src/flexe/proto/ 
/home/flexe/.conan/data/protobuf/3.17.1/_/_/package/53f76f058631e1c3a500008c75af3f37d7786131/bin/protoc --proto_path /home/flexe/Flexe --grpc_out=/home/flexe/Flexe/src/flexe/proto/ --plugin=protoc-gen-grpc=/home/flexe/.conan/data/grpc/1.38.1/_/_/package/44ecaec4536223f790dd5e0a72b2d16b1dfaa76c/bin/grpc_cpp_plugin /home/flexe/Flexe/flexe.proto
make[1]: Leaving directory '/home/flexe/Flexe/src'
01:14:39 **** Incremental Build of configuration gcc-release for project veins ****
make MODE=release -j8 all 
make[1]: Entering directory '/home/flexe/veins-veins-5.2/src'
make[1]: Nothing to be done for 'all'.
make[1]: Leaving directory '/home/flexe/veins-veins-5.2/src'
01:14:40 **** Incremental Build of configuration release for project flexe ****
make MODE=release all 
cd src && make
make[1]: Entering directory '/home/flexe/Flexe/src'
flexe/application/FedLimRSU11p.cc
flexe/application/FedLimRSU11p.cc:252:18: warning: 'random_shuffle<__gnu_cxx::__normal_iterator<int *, std::vector<int>>>' is deprecated: use 'std::shuffle' instead [-Wdeprecated-declarations]
            std::random_shuffle(std::begin(connectedClientsVector), std::end(connectedClientsVector));
                 ^
/usr/bin/../lib/gcc/x86_64-linux-gnu/12/../../../../include/c++/12/bits/stl_algo.h:4539:5: note: 'random_shuffle<__gnu_cxx::__normal_iterator<int *, std::vector<int>>>' has been explicitly marked deprecated here
    _GLIBCXX14_DEPRECATED_SUGGEST("std::shuffle")
    ^
/usr/bin/../lib/gcc/x86_64-linux-gnu/12/../../../../include/x86_64-linux-gnu/c++/12/bits/c++config.h:112:45: note: expanded from macro '_GLIBCXX14_DEPRECATED_SUGGEST'
# define _GLIBCXX14_DEPRECATED_SUGGEST(ALT) _GLIBCXX_DEPRECATED_SUGGEST(ALT)
                                            ^
/usr/bin/../lib/gcc/x86_64-linux-gnu/12/../../../../include/x86_64-linux-gnu/c++/12/bits/c++config.h:96:19: note: expanded from macro '_GLIBCXX_DEPRECATED_SUGGEST'
  __attribute__ ((__deprecated__ ("use '" ALT "' instead")))
                  ^
1 warning generated.
flexe/application/FedSETRANDOMRSU11p.cc
flexe/application/FedSETRANDOMRSU11p.cc:222:18: warning: 'random_shuffle<__gnu_cxx::__normal_iterator<int *, std::vector<int>>>' is deprecated: use 'std::shuffle' instead [-Wdeprecated-declarations]
            std::random_shuffle(std::begin(connectedClientsVector), std::end(connectedClientsVector));
                 ^
/usr/bin/../lib/gcc/x86_64-linux-gnu/12/../../../../include/c++/12/bits/stl_algo.h:4539:5: note: 'random_shuffle<__gnu_cxx::__normal_iterator<int *, std::vector<int>>>' has been explicitly marked deprecated here
    _GLIBCXX14_DEPRECATED_SUGGEST("std::shuffle")
    ^
/usr/bin/../lib/gcc/x86_64-linux-gnu/12/../../../../include/x86_64-linux-gnu/c++/12/bits/c++config.h:112:45: note: expanded from macro '_GLIBCXX14_DEPRECATED_SUGGEST'
# define _GLIBCXX14_DEPRECATED_SUGGEST(ALT) _GLIBCXX_DEPRECATED_SUGGEST(ALT)
                                            ^
/usr/bin/../lib/gcc/x86_64-linux-gnu/12/../../../../include/x86_64-linux-gnu/c++/12/bits/c++config.h:96:19: note: expanded from macro '_GLIBCXX_DEPRECATED_SUGGEST'
  __attribute__ ((__deprecated__ ("use '" ALT "' instead")))
                  ^
1 warning generated.
flexe/application/MLApp.cc
flexe/application/MLEntropyApp.cc
flexe/proto/flexe.grpc.pb.cc
flexe/proto/flexe.pb.cc
Creating shared library: ../out/clang-release/src/libflexe.so
echo /home/flexe/Flexe
/home/flexe/Flexe
/home/flexe/.conan/data/protobuf/3.17.1/_/_/package/53f76f058631e1c3a500008c75af3f37d7786131/bin/protoc --proto_path /home/flexe/Flexe /home/flexe/Flexe/flexe.proto --cpp_out /home/flexe/Flexe/src/flexe/proto/ 
/home/flexe/.conan/data/protobuf/3.17.1/_/_/package/53f76f058631e1c3a500008c75af3f37d7786131/bin/protoc --proto_path /home/flexe/Flexe --grpc_out=/home/flexe/Flexe/src/flexe/proto/ --plugin=protoc-gen-grpc=/home/flexe/.conan/data/grpc/1.38.1/_/_/package/44ecaec4536223f790dd5e0a72b2d16b1dfaa76c/bin/grpc_cpp_plugin /home/flexe/Flexe/flexe.proto
make[1]: Leaving directory '/home/flexe/Flexe/src'
01:15:31 **** Incremental Build of configuration gcc-release for project veins ****
make MODE=release -j8 all 
make[1]: Entering directory '/home/flexe/veins-veins-5.2/src'
make[1]: Nothing to be done for 'all'.
make[1]: Leaving directory '/home/flexe/veins-veins-5.2/src'
01:15:32 **** Incremental Build of configuration release for project flexe ****
make MODE=release all 
cd src && make
make[1]: Entering directory '/home/flexe/Flexe/src'
flexe/application/FedLimRSU11p.cc
flexe/application/FedLimRSU11p.cc:252:18: warning: 'random_shuffle<__gnu_cxx::__normal_iterator<int *, std::vector<int>>>' is deprecated: use 'std::shuffle' instead [-Wdeprecated-declarations]
            std::random_shuffle(std::begin(connectedClientsVector), std::end(connectedClientsVector));
                 ^
/usr/bin/../lib/gcc/x86_64-linux-gnu/12/../../../../include/c++/12/bits/stl_algo.h:4539:5: note: 'random_shuffle<__gnu_cxx::__normal_iterator<int *, std::vector<int>>>' has been explicitly marked deprecated here
    _GLIBCXX14_DEPRECATED_SUGGEST("std::shuffle")
    ^
/usr/bin/../lib/gcc/x86_64-linux-gnu/12/../../../../include/x86_64-linux-gnu/c++/12/bits/c++config.h:112:45: note: expanded from macro '_GLIBCXX14_DEPRECATED_SUGGEST'
# define _GLIBCXX14_DEPRECATED_SUGGEST(ALT) _GLIBCXX_DEPRECATED_SUGGEST(ALT)
                                            ^
/usr/bin/../lib/gcc/x86_64-linux-gnu/12/../../../../include/x86_64-linux-gnu/c++/12/bits/c++config.h:96:19: note: expanded from macro '_GLIBCXX_DEPRECATED_SUGGEST'
  __attribute__ ((__deprecated__ ("use '" ALT "' instead")))
                  ^
1 warning generated.
flexe/application/FedSETRANDOMRSU11p.cc
flexe/application/FedSETRANDOMRSU11p.cc:222:18: warning: 'random_shuffle<__gnu_cxx::__normal_iterator<int *, std::vector<int>>>' is deprecated: use 'std::shuffle' instead [-Wdeprecated-declarations]
            std::random_shuffle(std::begin(connectedClientsVector), std::end(connectedClientsVector));
                 ^
/usr/bin/../lib/gcc/x86_64-linux-gnu/12/../../../../include/c++/12/bits/stl_algo.h:4539:5: note: 'random_shuffle<__gnu_cxx::__normal_iterator<int *, std::vector<int>>>' has been explicitly marked deprecated here
    _GLIBCXX14_DEPRECATED_SUGGEST("std::shuffle")
    ^
/usr/bin/../lib/gcc/x86_64-linux-gnu/12/../../../../include/x86_64-linux-gnu/c++/12/bits/c++config.h:112:45: note: expanded from macro '_GLIBCXX14_DEPRECATED_SUGGEST'
# define _GLIBCXX14_DEPRECATED_SUGGEST(ALT) _GLIBCXX_DEPRECATED_SUGGEST(ALT)
                                            ^
/usr/bin/../lib/gcc/x86_64-linux-gnu/12/../../../../include/x86_64-linux-gnu/c++/12/bits/c++config.h:96:19: note: expanded from macro '_GLIBCXX_DEPRECATED_SUGGEST'
  __attribute__ ((__deprecated__ ("use '" ALT "' instead")))
                  ^
1 warning generated.
flexe/application/MLApp.cc
flexe/application/MLEntropyApp.cc
flexe/proto/flexe.grpc.pb.cc
flexe/proto/flexe.pb.cc
Creating shared library: ../out/clang-release/src/libflexe.so
echo /home/flexe/Flexe
/home/flexe/Flexe
/home/flexe/.conan/data/protobuf/3.17.1/_/_/package/53f76f058631e1c3a500008c75af3f37d7786131/bin/protoc --proto_path /home/flexe/Flexe /home/flexe/Flexe/flexe.proto --cpp_out /home/flexe/Flexe/src/flexe/proto/ 
/home/flexe/.conan/data/protobuf/3.17.1/_/_/package/53f76f058631e1c3a500008c75af3f37d7786131/bin/protoc --proto_path /home/flexe/Flexe --grpc_out=/home/flexe/Flexe/src/flexe/proto/ --plugin=protoc-gen-grpc=/home/flexe/.conan/data/grpc/1.38.1/_/_/package/44ecaec4536223f790dd5e0a72b2d16b1dfaa76c/bin/grpc_cpp_plugin /home/flexe/Flexe/flexe.proto
make[1]: Leaving directory '/home/flexe/Flexe/src'
15:50:33 **** Incremental Build of configuration gcc-release for project veins ****
make MODE=release -j8 all 
make[1]: Entering directory '/home/flexe/veins-veins-5.2/src'
make[1]: Nothing to be done for 'all'.
make[1]: Leaving directory '/home/flexe/veins-veins-5.2/src'
15:50:34 **** Incremental Build of configuration release for project flexe ****
make MODE=release all 
cd src && make
make[1]: Entering directory '/home/flexe/Flexe/src'
flexe/application/FedLimRSU11p.cc
flexe/application/FedLimRSU11p.cc:252:18: warning: 'random_shuffle<__gnu_cxx::__normal_iterator<int *, std::vector<int>>>' is deprecated: use 'std::shuffle' instead [-Wdeprecated-declarations]
            std::random_shuffle(std::begin(connectedClientsVector), std::end(connectedClientsVector));
                 ^
/usr/bin/../lib/gcc/x86_64-linux-gnu/12/../../../../include/c++/12/bits/stl_algo.h:4539:5: note: 'random_shuffle<__gnu_cxx::__normal_iterator<int *, std::vector<int>>>' has been explicitly marked deprecated here
    _GLIBCXX14_DEPRECATED_SUGGEST("std::shuffle")
    ^
/usr/bin/../lib/gcc/x86_64-linux-gnu/12/../../../../include/x86_64-linux-gnu/c++/12/bits/c++config.h:112:45: note: expanded from macro '_GLIBCXX14_DEPRECATED_SUGGEST'
# define _GLIBCXX14_DEPRECATED_SUGGEST(ALT) _GLIBCXX_DEPRECATED_SUGGEST(ALT)
                                            ^
/usr/bin/../lib/gcc/x86_64-linux-gnu/12/../../../../include/x86_64-linux-gnu/c++/12/bits/c++config.h:96:19: note: expanded from macro '_GLIBCXX_DEPRECATED_SUGGEST'
  __attribute__ ((__deprecated__ ("use '" ALT "' instead")))
                  ^
1 warning generated.
flexe/application/FedSETRANDOMRSU11p.cc
flexe/application/FedSETRANDOMRSU11p.cc:222:18: warning: 'random_shuffle<__gnu_cxx::__normal_iterator<int *, std::vector<int>>>' is deprecated: use 'std::shuffle' instead [-Wdeprecated-declarations]
            std::random_shuffle(std::begin(connectedClientsVector), std::end(connectedClientsVector));
                 ^
/usr/bin/../lib/gcc/x86_64-linux-gnu/12/../../../../include/c++/12/bits/stl_algo.h:4539:5: note: 'random_shuffle<__gnu_cxx::__normal_iterator<int *, std::vector<int>>>' has been explicitly marked deprecated here
    _GLIBCXX14_DEPRECATED_SUGGEST("std::shuffle")
    ^
/usr/bin/../lib/gcc/x86_64-linux-gnu/12/../../../../include/x86_64-linux-gnu/c++/12/bits/c++config.h:112:45: note: expanded from macro '_GLIBCXX14_DEPRECATED_SUGGEST'
# define _GLIBCXX14_DEPRECATED_SUGGEST(ALT) _GLIBCXX_DEPRECATED_SUGGEST(ALT)
                                            ^
/usr/bin/../lib/gcc/x86_64-linux-gnu/12/../../../../include/x86_64-linux-gnu/c++/12/bits/c++config.h:96:19: note: expanded from macro '_GLIBCXX_DEPRECATED_SUGGEST'
  __attribute__ ((__deprecated__ ("use '" ALT "' instead")))
                  ^
1 warning generated.
flexe/application/MLApp.cc
flexe/application/MLEntropyApp.cc
flexe/proto/flexe.grpc.pb.cc
flexe/proto/flexe.pb.cc
Creating shared library: ../out/clang-release/src/libflexe.so
echo /home/flexe/Flexe
/home/flexe/Flexe
/home/flexe/.conan/data/protobuf/3.17.1/_/_/package/53f76f058631e1c3a500008c75af3f37d7786131/bin/protoc --proto_path /home/flexe/Flexe /home/flexe/Flexe/flexe.proto --cpp_out /home/flexe/Flexe/src/flexe/proto/ 
/home/flexe/.conan/data/protobuf/3.17.1/_/_/package/53f76f058631e1c3a500008c75af3f37d7786131/bin/protoc --proto_path /home/flexe/Flexe --grpc_out=/home/flexe/Flexe/src/flexe/proto/ --plugin=protoc-gen-grpc=/home/flexe/.conan/data/grpc/1.38.1/_/_/package/44ecaec4536223f790dd5e0a72b2d16b1dfaa76c/bin/grpc_cpp_plugin /home/flexe/Flexe/flexe.proto
make[1]: Leaving directory '/home/flexe/Flexe/src'
15:54:31 **** Incremental Build of configuration gcc-release for project veins ****
make MODE=release -j8 all 
make[1]: Entering directory '/home/flexe/veins-veins-5.2/src'
make[1]: Nothing to be done for 'all'.
make[1]: Leaving directory '/home/flexe/veins-veins-5.2/src'
15:54:32 **** Incremental Build of configuration release for project flexe ****
make MODE=release all 
cd src && make
make[1]: Entering directory '/home/flexe/Flexe/src'
flexe/application/FedLimRSU11p.cc
flexe/application/FedLimRSU11p.cc:252:18: warning: 'random_shuffle<__gnu_cxx::__normal_iterator<int *, std::vector<int>>>' is deprecated: use 'std::shuffle' instead [-Wdeprecated-declarations]
            std::random_shuffle(std::begin(connectedClientsVector), std::end(connectedClientsVector));
                 ^
/usr/bin/../lib/gcc/x86_64-linux-gnu/12/../../../../include/c++/12/bits/stl_algo.h:4539:5: note: 'random_shuffle<__gnu_cxx::__normal_iterator<int *, std::vector<int>>>' has been explicitly marked deprecated here
    _GLIBCXX14_DEPRECATED_SUGGEST("std::shuffle")
    ^
/usr/bin/../lib/gcc/x86_64-linux-gnu/12/../../../../include/x86_64-linux-gnu/c++/12/bits/c++config.h:112:45: note: expanded from macro '_GLIBCXX14_DEPRECATED_SUGGEST'
# define _GLIBCXX14_DEPRECATED_SUGGEST(ALT) _GLIBCXX_DEPRECATED_SUGGEST(ALT)
                                            ^
/usr/bin/../lib/gcc/x86_64-linux-gnu/12/../../../../include/x86_64-linux-gnu/c++/12/bits/c++config.h:96:19: note: expanded from macro '_GLIBCXX_DEPRECATED_SUGGEST'
  __attribute__ ((__deprecated__ ("use '" ALT "' instead")))
                  ^
1 warning generated.
flexe/application/FedSETRANDOMRSU11p.cc
flexe/application/FedSETRANDOMRSU11p.cc:222:18: warning: 'random_shuffle<__gnu_cxx::__normal_iterator<int *, std::vector<int>>>' is deprecated: use 'std::shuffle' instead [-Wdeprecated-declarations]
            std::random_shuffle(std::begin(connectedClientsVector), std::end(connectedClientsVector));
                 ^
/usr/bin/../lib/gcc/x86_64-linux-gnu/12/../../../../include/c++/12/bits/stl_algo.h:4539:5: note: 'random_shuffle<__gnu_cxx::__normal_iterator<int *, std::vector<int>>>' has been explicitly marked deprecated here
    _GLIBCXX14_DEPRECATED_SUGGEST("std::shuffle")
    ^
/usr/bin/../lib/gcc/x86_64-linux-gnu/12/../../../../include/x86_64-linux-gnu/c++/12/bits/c++config.h:112:45: note: expanded from macro '_GLIBCXX14_DEPRECATED_SUGGEST'
# define _GLIBCXX14_DEPRECATED_SUGGEST(ALT) _GLIBCXX_DEPRECATED_SUGGEST(ALT)
                                            ^
/usr/bin/../lib/gcc/x86_64-linux-gnu/12/../../../../include/x86_64-linux-gnu/c++/12/bits/c++config.h:96:19: note: expanded from macro '_GLIBCXX_DEPRECATED_SUGGEST'
  __attribute__ ((__deprecated__ ("use '" ALT "' instead")))
                  ^
1 warning generated.
flexe/application/MLApp.cc
flexe/application/MLEntropyApp.cc
flexe/proto/flexe.grpc.pb.cc
flexe/proto/flexe.pb.cc
Creating shared library: ../out/clang-release/src/libflexe.so
echo /home/flexe/Flexe
/home/flexe/Flexe
/home/flexe/.conan/data/protobuf/3.17.1/_/_/package/53f76f058631e1c3a500008c75af3f37d7786131/bin/protoc --proto_path /home/flexe/Flexe /home/flexe/Flexe/flexe.proto --cpp_out /home/flexe/Flexe/src/flexe/proto/ 
/home/flexe/.conan/data/protobuf/3.17.1/_/_/package/53f76f058631e1c3a500008c75af3f37d7786131/bin/protoc --proto_path /home/flexe/Flexe --grpc_out=/home/flexe/Flexe/src/flexe/proto/ --plugin=protoc-gen-grpc=/home/flexe/.conan/data/grpc/1.38.1/_/_/package/44ecaec4536223f790dd5e0a72b2d16b1dfaa76c/bin/grpc_cpp_plugin /home/flexe/Flexe/flexe.proto
make[1]: Leaving directory '/home/flexe/Flexe/src'
15:58:26 **** Incremental Build of configuration gcc-release for project veins ****
make MODE=release -j8 all 
make[1]: Entering directory '/home/flexe/veins-veins-5.2/src'
make[1]: Nothing to be done for 'all'.
make[1]: Leaving directory '/home/flexe/veins-veins-5.2/src'
15:58:27 **** Incremental Build of configuration release for project flexe ****
make MODE=release all 
cd src && make
make[1]: Entering directory '/home/flexe/Flexe/src'
flexe/application/FedLimRSU11p.cc
flexe/application/FedLimRSU11p.cc:252:18: warning: 'random_shuffle<__gnu_cxx::__normal_iterator<int *, std::vector<int>>>' is deprecated: use 'std::shuffle' instead [-Wdeprecated-declarations]
            std::random_shuffle(std::begin(connectedClientsVector), std::end(connectedClientsVector));
                 ^
/usr/bin/../lib/gcc/x86_64-linux-gnu/12/../../../../include/c++/12/bits/stl_algo.h:4539:5: note: 'random_shuffle<__gnu_cxx::__normal_iterator<int *, std::vector<int>>>' has been explicitly marked deprecated here
    _GLIBCXX14_DEPRECATED_SUGGEST("std::shuffle")
    ^
/usr/bin/../lib/gcc/x86_64-linux-gnu/12/../../../../include/x86_64-linux-gnu/c++/12/bits/c++config.h:112:45: note: expanded from macro '_GLIBCXX14_DEPRECATED_SUGGEST'
# define _GLIBCXX14_DEPRECATED_SUGGEST(ALT) _GLIBCXX_DEPRECATED_SUGGEST(ALT)
                                            ^
/usr/bin/../lib/gcc/x86_64-linux-gnu/12/../../../../include/x86_64-linux-gnu/c++/12/bits/c++config.h:96:19: note: expanded from macro '_GLIBCXX_DEPRECATED_SUGGEST'
  __attribute__ ((__deprecated__ ("use '" ALT "' instead")))
                  ^
1 warning generated.
flexe/application/FedSETRANDOMRSU11p.cc
flexe/application/FedSETRANDOMRSU11p.cc:222:18: warning: 'random_shuffle<__gnu_cxx::__normal_iterator<int *, std::vector<int>>>' is deprecated: use 'std::shuffle' instead [-Wdeprecated-declarations]
            std::random_shuffle(std::begin(connectedClientsVector), std::end(connectedClientsVector));
                 ^
/usr/bin/../lib/gcc/x86_64-linux-gnu/12/../../../../include/c++/12/bits/stl_algo.h:4539:5: note: 'random_shuffle<__gnu_cxx::__normal_iterator<int *, std::vector<int>>>' has been explicitly marked deprecated here
    _GLIBCXX14_DEPRECATED_SUGGEST("std::shuffle")
    ^
/usr/bin/../lib/gcc/x86_64-linux-gnu/12/../../../../include/x86_64-linux-gnu/c++/12/bits/c++config.h:112:45: note: expanded from macro '_GLIBCXX14_DEPRECATED_SUGGEST'
# define _GLIBCXX14_DEPRECATED_SUGGEST(ALT) _GLIBCXX_DEPRECATED_SUGGEST(ALT)
                                            ^
/usr/bin/../lib/gcc/x86_64-linux-gnu/12/../../../../include/x86_64-linux-gnu/c++/12/bits/c++config.h:96:19: note: expanded from macro '_GLIBCXX_DEPRECATED_SUGGEST'
  __attribute__ ((__deprecated__ ("use '" ALT "' instead")))
                  ^
1 warning generated.
flexe/application/MLApp.cc
flexe/application/MLEntropyApp.cc
flexe/proto/flexe.grpc.pb.cc
flexe/proto/flexe.pb.cc
Creating shared library: ../out/clang-release/src/libflexe.so
echo /home/flexe/Flexe
/home/flexe/Flexe
/home/flexe/.conan/data/protobuf/3.17.1/_/_/package/53f76f058631e1c3a500008c75af3f37d7786131/bin/protoc --proto_path /home/flexe/Flexe /home/flexe/Flexe/flexe.proto --cpp_out /home/flexe/Flexe/src/flexe/proto/ 
/home/flexe/.conan/data/protobuf/3.17.1/_/_/package/53f76f058631e1c3a500008c75af3f37d7786131/bin/protoc --proto_path /home/flexe/Flexe --grpc_out=/home/flexe/Flexe/src/flexe/proto/ --plugin=protoc-gen-grpc=/home/flexe/.conan/data/grpc/1.38.1/_/_/package/44ecaec4536223f790dd5e0a72b2d16b1dfaa76c/bin/grpc_cpp_plugin /home/flexe/Flexe/flexe.proto
make[1]: Leaving directory '/home/flexe/Flexe/src'
01:07:38 **** Incremental Build of configuration gcc-release for project veins ****
make MODE=release -j8 all 
make[1]: Entering directory '/home/flexe/veins-veins-5.2/src'
make[1]: Nothing to be done for 'all'.
make[1]: Leaving directory '/home/flexe/veins-veins-5.2/src'
01:07:39 **** Incremental Build of configuration release for project flexe ****
make MODE=release all 
cd src && make
make[1]: Entering directory '/home/flexe/Flexe/src'
flexe/application/FedLimRSU11p.cc
flexe/application/FedLimRSU11p.cc:252:18: warning: 'random_shuffle<__gnu_cxx::__normal_iterator<int *, std::vector<int>>>' is deprecated: use 'std::shuffle' instead [-Wdeprecated-declarations]
            std::random_shuffle(std::begin(connectedClientsVector), std::end(connectedClientsVector));
                 ^
/usr/bin/../lib/gcc/x86_64-linux-gnu/12/../../../../include/c++/12/bits/stl_algo.h:4539:5: note: 'random_shuffle<__gnu_cxx::__normal_iterator<int *, std::vector<int>>>' has been explicitly marked deprecated here
    _GLIBCXX14_DEPRECATED_SUGGEST("std::shuffle")
    ^
/usr/bin/../lib/gcc/x86_64-linux-gnu/12/../../../../include/x86_64-linux-gnu/c++/12/bits/c++config.h:112:45: note: expanded from macro '_GLIBCXX14_DEPRECATED_SUGGEST'
# define _GLIBCXX14_DEPRECATED_SUGGEST(ALT) _GLIBCXX_DEPRECATED_SUGGEST(ALT)
                                            ^
/usr/bin/../lib/gcc/x86_64-linux-gnu/12/../../../../include/x86_64-linux-gnu/c++/12/bits/c++config.h:96:19: note: expanded from macro '_GLIBCXX_DEPRECATED_SUGGEST'
  __attribute__ ((__deprecated__ ("use '" ALT "' instead")))
                  ^
1 warning generated.
flexe/application/FedSETRANDOMRSU11p.cc
flexe/application/FedSETRANDOMRSU11p.cc:222:18: warning: 'random_shuffle<__gnu_cxx::__normal_iterator<int *, std::vector<int>>>' is deprecated: use 'std::shuffle' instead [-Wdeprecated-declarations]
            std::random_shuffle(std::begin(connectedClientsVector), std::end(connectedClientsVector));
                 ^
/usr/bin/../lib/gcc/x86_64-linux-gnu/12/../../../../include/c++/12/bits/stl_algo.h:4539:5: note: 'random_shuffle<__gnu_cxx::__normal_iterator<int *, std::vector<int>>>' has been explicitly marked deprecated here
    _GLIBCXX14_DEPRECATED_SUGGEST("std::shuffle")
    ^
/usr/bin/../lib/gcc/x86_64-linux-gnu/12/../../../../include/x86_64-linux-gnu/c++/12/bits/c++config.h:112:45: note: expanded from macro '_GLIBCXX14_DEPRECATED_SUGGEST'
# define _GLIBCXX14_DEPRECATED_SUGGEST(ALT) _GLIBCXX_DEPRECATED_SUGGEST(ALT)
                                            ^
/usr/bin/../lib/gcc/x86_64-linux-gnu/12/../../../../include/x86_64-linux-gnu/c++/12/bits/c++config.h:96:19: note: expanded from macro '_GLIBCXX_DEPRECATED_SUGGEST'
  __attribute__ ((__deprecated__ ("use '" ALT "' instead")))
                  ^
1 warning generated.
flexe/application/MLApp.cc
flexe/application/MLEntropyApp.cc
flexe/proto/flexe.grpc.pb.cc
flexe/proto/flexe.pb.cc
Creating shared library: ../out/clang-release/src/libflexe.so
echo /home/flexe/Flexe
/home/flexe/Flexe
/home/flexe/.conan/data/protobuf/3.17.1/_/_/package/53f76f058631e1c3a500008c75af3f37d7786131/bin/protoc --proto_path /home/flexe/Flexe /home/flexe/Flexe/flexe.proto --cpp_out /home/flexe/Flexe/src/flexe/proto/ 
/home/flexe/.conan/data/protobuf/3.17.1/_/_/package/53f76f058631e1c3a500008c75af3f37d7786131/bin/protoc --proto_path /home/flexe/Flexe --grpc_out=/home/flexe/Flexe/src/flexe/proto/ --plugin=protoc-gen-grpc=/home/flexe/.conan/data/grpc/1.38.1/_/_/package/44ecaec4536223f790dd5e0a72b2d16b1dfaa76c/bin/grpc_cpp_plugin /home/flexe/Flexe/flexe.proto
make[1]: Leaving directory '/home/flexe/Flexe/src'
01:10:21 **** Incremental Build of configuration gcc-release for project veins ****
make MODE=release -j8 all 
make[1]: Entering directory '/home/flexe/veins-veins-5.2/src'
make[1]: Nothing to be done for 'all'.
make[1]: Leaving directory '/home/flexe/veins-veins-5.2/src'
01:10:21 **** Incremental Build of configuration release for project flexe ****
make MODE=release all 
cd src && make
make[1]: Entering directory '/home/flexe/Flexe/src'
flexe/application/FedLimRSU11p.cc
flexe/application/FedLimRSU11p.cc:252:18: warning: 'random_shuffle<__gnu_cxx::__normal_iterator<int *, std::vector<int>>>' is deprecated: use 'std::shuffle' instead [-Wdeprecated-declarations]
            std::random_shuffle(std::begin(connectedClientsVector), std::end(connectedClientsVector));
                 ^
/usr/bin/../lib/gcc/x86_64-linux-gnu/12/../../../../include/c++/12/bits/stl_algo.h:4539:5: note: 'random_shuffle<__gnu_cxx::__normal_iterator<int *, std::vector<int>>>' has been explicitly marked deprecated here
    _GLIBCXX14_DEPRECATED_SUGGEST("std::shuffle")
    ^
/usr/bin/../lib/gcc/x86_64-linux-gnu/12/../../../../include/x86_64-linux-gnu/c++/12/bits/c++config.h:112:45: note: expanded from macro '_GLIBCXX14_DEPRECATED_SUGGEST'
# define _GLIBCXX14_DEPRECATED_SUGGEST(ALT) _GLIBCXX_DEPRECATED_SUGGEST(ALT)
                                            ^
/usr/bin/../lib/gcc/x86_64-linux-gnu/12/../../../../include/x86_64-linux-gnu/c++/12/bits/c++config.h:96:19: note: expanded from macro '_GLIBCXX_DEPRECATED_SUGGEST'
  __attribute__ ((__deprecated__ ("use '" ALT "' instead")))
                  ^
1 warning generated.
flexe/application/FedSETRANDOMRSU11p.cc
flexe/application/FedSETRANDOMRSU11p.cc:222:18: warning: 'random_shuffle<__gnu_cxx::__normal_iterator<int *, std::vector<int>>>' is deprecated: use 'std::shuffle' instead [-Wdeprecated-declarations]
            std::random_shuffle(std::begin(connectedClientsVector), std::end(connectedClientsVector));
                 ^
/usr/bin/../lib/gcc/x86_64-linux-gnu/12/../../../../include/c++/12/bits/stl_algo.h:4539:5: note: 'random_shuffle<__gnu_cxx::__normal_iterator<int *, std::vector<int>>>' has been explicitly marked deprecated here
    _GLIBCXX14_DEPRECATED_SUGGEST("std::shuffle")
    ^
/usr/bin/../lib/gcc/x86_64-linux-gnu/12/../../../../include/x86_64-linux-gnu/c++/12/bits/c++config.h:112:45: note: expanded from macro '_GLIBCXX14_DEPRECATED_SUGGEST'
# define _GLIBCXX14_DEPRECATED_SUGGEST(ALT) _GLIBCXX_DEPRECATED_SUGGEST(ALT)
                                            ^
/usr/bin/../lib/gcc/x86_64-linux-gnu/12/../../../../include/x86_64-linux-gnu/c++/12/bits/c++config.h:96:19: note: expanded from macro '_GLIBCXX_DEPRECATED_SUGGEST'
  __attribute__ ((__deprecated__ ("use '" ALT "' instead")))
                  ^
1 warning generated.
flexe/application/MLApp.cc
flexe/application/MLEntropyApp.cc
flexe/proto/flexe.grpc.pb.cc
flexe/proto/flexe.pb.cc
Creating shared library: ../out/clang-release/src/libflexe.so
echo /home/flexe/Flexe
/home/flexe/Flexe
/home/flexe/.conan/data/protobuf/3.17.1/_/_/package/53f76f058631e1c3a500008c75af3f37d7786131/bin/protoc --proto_path /home/flexe/Flexe /home/flexe/Flexe/flexe.proto --cpp_out /home/flexe/Flexe/src/flexe/proto/ 
/home/flexe/.conan/data/protobuf/3.17.1/_/_/package/53f76f058631e1c3a500008c75af3f37d7786131/bin/protoc --proto_path /home/flexe/Flexe --grpc_out=/home/flexe/Flexe/src/flexe/proto/ --plugin=protoc-gen-grpc=/home/flexe/.conan/data/grpc/1.38.1/_/_/package/44ecaec4536223f790dd5e0a72b2d16b1dfaa76c/bin/grpc_cpp_plugin /home/flexe/Flexe/flexe.proto
make[1]: Leaving directory '/home/flexe/Flexe/src'
11:17:58 **** Incremental Build of configuration gcc-release for project veins ****
make MODE=release -j8 all 
make[1]: Entering directory '/home/flexe/veins-veins-5.2/src'
make[1]: Nothing to be done for 'all'.
make[1]: Leaving directory '/home/flexe/veins-veins-5.2/src'
11:17:59 **** Incremental Build of configuration release for project flexe ****
make MODE=release all 
cd src && make
make[1]: Entering directory '/home/flexe/Flexe/src'
flexe/application/FedLimRSU11p.cc
flexe/application/FedLimRSU11p.cc:252:18: warning: 'random_shuffle<__gnu_cxx::__normal_iterator<int *, std::vector<int>>>' is deprecated: use 'std::shuffle' instead [-Wdeprecated-declarations]
            std::random_shuffle(std::begin(connectedClientsVector), std::end(connectedClientsVector));
                 ^
/usr/bin/../lib/gcc/x86_64-linux-gnu/12/../../../../include/c++/12/bits/stl_algo.h:4539:5: note: 'random_shuffle<__gnu_cxx::__normal_iterator<int *, std::vector<int>>>' has been explicitly marked deprecated here
    _GLIBCXX14_DEPRECATED_SUGGEST("std::shuffle")
    ^
/usr/bin/../lib/gcc/x86_64-linux-gnu/12/../../../../include/x86_64-linux-gnu/c++/12/bits/c++config.h:112:45: note: expanded from macro '_GLIBCXX14_DEPRECATED_SUGGEST'
# define _GLIBCXX14_DEPRECATED_SUGGEST(ALT) _GLIBCXX_DEPRECATED_SUGGEST(ALT)
                                            ^
/usr/bin/../lib/gcc/x86_64-linux-gnu/12/../../../../include/x86_64-linux-gnu/c++/12/bits/c++config.h:96:19: note: expanded from macro '_GLIBCXX_DEPRECATED_SUGGEST'
  __attribute__ ((__deprecated__ ("use '" ALT "' instead")))
                  ^
1 warning generated.
flexe/application/FedSETRANDOMRSU11p.cc
flexe/application/FedSETRANDOMRSU11p.cc:222:18: warning: 'random_shuffle<__gnu_cxx::__normal_iterator<int *, std::vector<int>>>' is deprecated: use 'std::shuffle' instead [-Wdeprecated-declarations]
            std::random_shuffle(std::begin(connectedClientsVector), std::end(connectedClientsVector));
                 ^
/usr/bin/../lib/gcc/x86_64-linux-gnu/12/../../../../include/c++/12/bits/stl_algo.h:4539:5: note: 'random_shuffle<__gnu_cxx::__normal_iterator<int *, std::vector<int>>>' has been explicitly marked deprecated here
    _GLIBCXX14_DEPRECATED_SUGGEST("std::shuffle")
    ^
/usr/bin/../lib/gcc/x86_64-linux-gnu/12/../../../../include/x86_64-linux-gnu/c++/12/bits/c++config.h:112:45: note: expanded from macro '_GLIBCXX14_DEPRECATED_SUGGEST'
# define _GLIBCXX14_DEPRECATED_SUGGEST(ALT) _GLIBCXX_DEPRECATED_SUGGEST(ALT)
                                            ^
/usr/bin/../lib/gcc/x86_64-linux-gnu/12/../../../../include/x86_64-linux-gnu/c++/12/bits/c++config.h:96:19: note: expanded from macro '_GLIBCXX_DEPRECATED_SUGGEST'
  __attribute__ ((__deprecated__ ("use '" ALT "' instead")))
                  ^
1 warning generated.
flexe/application/MLApp.cc
flexe/application/MLEntropyApp.cc
flexe/proto/flexe.grpc.pb.cc
flexe/proto/flexe.pb.cc
Creating shared library: ../out/clang-release/src/libflexe.so
echo /home/flexe/Flexe
/home/flexe/Flexe
/home/flexe/.conan/data/protobuf/3.17.1/_/_/package/53f76f058631e1c3a500008c75af3f37d7786131/bin/protoc --proto_path /home/flexe/Flexe /home/flexe/Flexe/flexe.proto --cpp_out /home/flexe/Flexe/src/flexe/proto/ 
/home/flexe/.conan/data/protobuf/3.17.1/_/_/package/53f76f058631e1c3a500008c75af3f37d7786131/bin/protoc --proto_path /home/flexe/Flexe --grpc_out=/home/flexe/Flexe/src/flexe/proto/ --plugin=protoc-gen-grpc=/home/flexe/.conan/data/grpc/1.38.1/_/_/package/44ecaec4536223f790dd5e0a72b2d16b1dfaa76c/bin/grpc_cpp_plugin /home/flexe/Flexe/flexe.proto
make[1]: Leaving directory '/home/flexe/Flexe/src'
11:20:00 **** Incremental Build of configuration gcc-release for project veins ****
make MODE=release -j8 all 
make[1]: Entering directory '/home/flexe/veins-veins-5.2/src'
make[1]: Nothing to be done for 'all'.
make[1]: Leaving directory '/home/flexe/veins-veins-5.2/src'
11:20:00 **** Incremental Build of configuration release for project flexe ****
make MODE=release all 
cd src && make
make[1]: Entering directory '/home/flexe/Flexe/src'
flexe/application/FedLimRSU11p.cc
flexe/application/FedLimRSU11p.cc:252:18: warning: 'random_shuffle<__gnu_cxx::__normal_iterator<int *, std::vector<int>>>' is deprecated: use 'std::shuffle' instead [-Wdeprecated-declarations]
            std::random_shuffle(std::begin(connectedClientsVector), std::end(connectedClientsVector));
                 ^
/usr/bin/../lib/gcc/x86_64-linux-gnu/12/../../../../include/c++/12/bits/stl_algo.h:4539:5: note: 'random_shuffle<__gnu_cxx::__normal_iterator<int *, std::vector<int>>>' has been explicitly marked deprecated here
    _GLIBCXX14_DEPRECATED_SUGGEST("std::shuffle")
    ^
/usr/bin/../lib/gcc/x86_64-linux-gnu/12/../../../../include/x86_64-linux-gnu/c++/12/bits/c++config.h:112:45: note: expanded from macro '_GLIBCXX14_DEPRECATED_SUGGEST'
# define _GLIBCXX14_DEPRECATED_SUGGEST(ALT) _GLIBCXX_DEPRECATED_SUGGEST(ALT)
                                            ^
/usr/bin/../lib/gcc/x86_64-linux-gnu/12/../../../../include/x86_64-linux-gnu/c++/12/bits/c++config.h:96:19: note: expanded from macro '_GLIBCXX_DEPRECATED_SUGGEST'
  __attribute__ ((__deprecated__ ("use '" ALT "' instead")))
                  ^
1 warning generated.
flexe/application/FedSETRANDOMRSU11p.cc
flexe/application/FedSETRANDOMRSU11p.cc:222:18: warning: 'random_shuffle<__gnu_cxx::__normal_iterator<int *, std::vector<int>>>' is deprecated: use 'std::shuffle' instead [-Wdeprecated-declarations]
            std::random_shuffle(std::begin(connectedClientsVector), std::end(connectedClientsVector));
                 ^
/usr/bin/../lib/gcc/x86_64-linux-gnu/12/../../../../include/c++/12/bits/stl_algo.h:4539:5: note: 'random_shuffle<__gnu_cxx::__normal_iterator<int *, std::vector<int>>>' has been explicitly marked deprecated here
    _GLIBCXX14_DEPRECATED_SUGGEST("std::shuffle")
    ^
/usr/bin/../lib/gcc/x86_64-linux-gnu/12/../../../../include/x86_64-linux-gnu/c++/12/bits/c++config.h:112:45: note: expanded from macro '_GLIBCXX14_DEPRECATED_SUGGEST'
# define _GLIBCXX14_DEPRECATED_SUGGEST(ALT) _GLIBCXX_DEPRECATED_SUGGEST(ALT)
                                            ^
/usr/bin/../lib/gcc/x86_64-linux-gnu/12/../../../../include/x86_64-linux-gnu/c++/12/bits/c++config.h:96:19: note: expanded from macro '_GLIBCXX_DEPRECATED_SUGGEST'
  __attribute__ ((__deprecated__ ("use '" ALT "' instead")))
                  ^
1 warning generated.
flexe/application/MLApp.cc
flexe/application/MLEntropyApp.cc
flexe/proto/flexe.grpc.pb.cc
flexe/proto/flexe.pb.cc
Creating shared library: ../out/clang-release/src/libflexe.so
echo /home/flexe/Flexe
/home/flexe/Flexe
/home/flexe/.conan/data/protobuf/3.17.1/_/_/package/53f76f058631e1c3a500008c75af3f37d7786131/bin/protoc --proto_path /home/flexe/Flexe /home/flexe/Flexe/flexe.proto --cpp_out /home/flexe/Flexe/src/flexe/proto/ 
/home/flexe/.conan/data/protobuf/3.17.1/_/_/package/53f76f058631e1c3a500008c75af3f37d7786131/bin/protoc --proto_path /home/flexe/Flexe --grpc_out=/home/flexe/Flexe/src/flexe/proto/ --plugin=protoc-gen-grpc=/home/flexe/.conan/data/grpc/1.38.1/_/_/package/44ecaec4536223f790dd5e0a72b2d16b1dfaa76c/bin/grpc_cpp_plugin /home/flexe/Flexe/flexe.proto
make[1]: Leaving directory '/home/flexe/Flexe/src'
11:21:45 **** Incremental Build of configuration gcc-release for project veins ****
make MODE=release -j8 all 
make[1]: Entering directory '/home/flexe/veins-veins-5.2/src'
make[1]: Nothing to be done for 'all'.
make[1]: Leaving directory '/home/flexe/veins-veins-5.2/src'
11:21:46 **** Incremental Build of configuration release for project flexe ****
make MODE=release all 
cd src && make
make[1]: Entering directory '/home/flexe/Flexe/src'
flexe/application/FedLimRSU11p.cc
flexe/application/FedLimRSU11p.cc:252:18: warning: 'random_shuffle<__gnu_cxx::__normal_iterator<int *, std::vector<int>>>' is deprecated: use 'std::shuffle' instead [-Wdeprecated-declarations]
            std::random_shuffle(std::begin(connectedClientsVector), std::end(connectedClientsVector));
                 ^
/usr/bin/../lib/gcc/x86_64-linux-gnu/12/../../../../include/c++/12/bits/stl_algo.h:4539:5: note: 'random_shuffle<__gnu_cxx::__normal_iterator<int *, std::vector<int>>>' has been explicitly marked deprecated here
    _GLIBCXX14_DEPRECATED_SUGGEST("std::shuffle")
    ^
/usr/bin/../lib/gcc/x86_64-linux-gnu/12/../../../../include/x86_64-linux-gnu/c++/12/bits/c++config.h:112:45: note: expanded from macro '_GLIBCXX14_DEPRECATED_SUGGEST'
# define _GLIBCXX14_DEPRECATED_SUGGEST(ALT) _GLIBCXX_DEPRECATED_SUGGEST(ALT)
                                            ^
/usr/bin/../lib/gcc/x86_64-linux-gnu/12/../../../../include/x86_64-linux-gnu/c++/12/bits/c++config.h:96:19: note: expanded from macro '_GLIBCXX_DEPRECATED_SUGGEST'
  __attribute__ ((__deprecated__ ("use '" ALT "' instead")))
                  ^
1 warning generated.
flexe/application/FedSETRANDOMRSU11p.cc
flexe/application/FedSETRANDOMRSU11p.cc:222:18: warning: 'random_shuffle<__gnu_cxx::__normal_iterator<int *, std::vector<int>>>' is deprecated: use 'std::shuffle' instead [-Wdeprecated-declarations]
            std::random_shuffle(std::begin(connectedClientsVector), std::end(connectedClientsVector));
                 ^
/usr/bin/../lib/gcc/x86_64-linux-gnu/12/../../../../include/c++/12/bits/stl_algo.h:4539:5: note: 'random_shuffle<__gnu_cxx::__normal_iterator<int *, std::vector<int>>>' has been explicitly marked deprecated here
    _GLIBCXX14_DEPRECATED_SUGGEST("std::shuffle")
    ^
/usr/bin/../lib/gcc/x86_64-linux-gnu/12/../../../../include/x86_64-linux-gnu/c++/12/bits/c++config.h:112:45: note: expanded from macro '_GLIBCXX14_DEPRECATED_SUGGEST'
# define _GLIBCXX14_DEPRECATED_SUGGEST(ALT) _GLIBCXX_DEPRECATED_SUGGEST(ALT)
                                            ^
/usr/bin/../lib/gcc/x86_64-linux-gnu/12/../../../../include/x86_64-linux-gnu/c++/12/bits/c++config.h:96:19: note: expanded from macro '_GLIBCXX_DEPRECATED_SUGGEST'
  __attribute__ ((__deprecated__ ("use '" ALT "' instead")))
                  ^
1 warning generated.
flexe/application/MLApp.cc
flexe/application/MLEntropyApp.cc
flexe/proto/flexe.grpc.pb.cc
flexe/proto/flexe.pb.cc
Creating shared library: ../out/clang-release/src/libflexe.so
echo /home/flexe/Flexe
/home/flexe/Flexe
/home/flexe/.conan/data/protobuf/3.17.1/_/_/package/53f76f058631e1c3a500008c75af3f37d7786131/bin/protoc --proto_path /home/flexe/Flexe /home/flexe/Flexe/flexe.proto --cpp_out /home/flexe/Flexe/src/flexe/proto/ 
/home/flexe/.conan/data/protobuf/3.17.1/_/_/package/53f76f058631e1c3a500008c75af3f37d7786131/bin/protoc --proto_path /home/flexe/Flexe --grpc_out=/home/flexe/Flexe/src/flexe/proto/ --plugin=protoc-gen-grpc=/home/flexe/.conan/data/grpc/1.38.1/_/_/package/44ecaec4536223f790dd5e0a72b2d16b1dfaa76c/bin/grpc_cpp_plugin /home/flexe/Flexe/flexe.proto
make[1]: Leaving directory '/home/flexe/Flexe/src'
11:22:45 **** Incremental Build of configuration gcc-release for project veins ****
make MODE=release -j8 all 
make[1]: Entering directory '/home/flexe/veins-veins-5.2/src'
make[1]: Nothing to be done for 'all'.
make[1]: Leaving directory '/home/flexe/veins-veins-5.2/src'
11:22:46 **** Incremental Build of configuration release for project flexe ****
make MODE=release all 
cd src && make
make[1]: Entering directory '/home/flexe/Flexe/src'
flexe/application/FedLimRSU11p.cc
flexe/application/FedLimRSU11p.cc:252:18: warning: 'random_shuffle<__gnu_cxx::__normal_iterator<int *, std::vector<int>>>' is deprecated: use 'std::shuffle' instead [-Wdeprecated-declarations]
            std::random_shuffle(std::begin(connectedClientsVector), std::end(connectedClientsVector));
                 ^
/usr/bin/../lib/gcc/x86_64-linux-gnu/12/../../../../include/c++/12/bits/stl_algo.h:4539:5: note: 'random_shuffle<__gnu_cxx::__normal_iterator<int *, std::vector<int>>>' has been explicitly marked deprecated here
    _GLIBCXX14_DEPRECATED_SUGGEST("std::shuffle")
    ^
/usr/bin/../lib/gcc/x86_64-linux-gnu/12/../../../../include/x86_64-linux-gnu/c++/12/bits/c++config.h:112:45: note: expanded from macro '_GLIBCXX14_DEPRECATED_SUGGEST'
# define _GLIBCXX14_DEPRECATED_SUGGEST(ALT) _GLIBCXX_DEPRECATED_SUGGEST(ALT)
                                            ^
/usr/bin/../lib/gcc/x86_64-linux-gnu/12/../../../../include/x86_64-linux-gnu/c++/12/bits/c++config.h:96:19: note: expanded from macro '_GLIBCXX_DEPRECATED_SUGGEST'
  __attribute__ ((__deprecated__ ("use '" ALT "' instead")))
                  ^
1 warning generated.
flexe/application/FedSETRANDOMRSU11p.cc
flexe/application/FedSETRANDOMRSU11p.cc:222:18: warning: 'random_shuffle<__gnu_cxx::__normal_iterator<int *, std::vector<int>>>' is deprecated: use 'std::shuffle' instead [-Wdeprecated-declarations]
            std::random_shuffle(std::begin(connectedClientsVector), std::end(connectedClientsVector));
                 ^
/usr/bin/../lib/gcc/x86_64-linux-gnu/12/../../../../include/c++/12/bits/stl_algo.h:4539:5: note: 'random_shuffle<__gnu_cxx::__normal_iterator<int *, std::vector<int>>>' has been explicitly marked deprecated here
    _GLIBCXX14_DEPRECATED_SUGGEST("std::shuffle")
    ^
/usr/bin/../lib/gcc/x86_64-linux-gnu/12/../../../../include/x86_64-linux-gnu/c++/12/bits/c++config.h:112:45: note: expanded from macro '_GLIBCXX14_DEPRECATED_SUGGEST'
# define _GLIBCXX14_DEPRECATED_SUGGEST(ALT) _GLIBCXX_DEPRECATED_SUGGEST(ALT)
                                            ^
/usr/bin/../lib/gcc/x86_64-linux-gnu/12/../../../../include/x86_64-linux-gnu/c++/12/bits/c++config.h:96:19: note: expanded from macro '_GLIBCXX_DEPRECATED_SUGGEST'
  __attribute__ ((__deprecated__ ("use '" ALT "' instead")))
                  ^
1 warning generated.
flexe/application/MLApp.cc
flexe/application/MLEntropyApp.cc
flexe/proto/flexe.grpc.pb.cc
flexe/proto/flexe.pb.cc
Creating shared library: ../out/clang-release/src/libflexe.so
echo /home/flexe/Flexe
/home/flexe/Flexe
/home/flexe/.conan/data/protobuf/3.17.1/_/_/package/53f76f058631e1c3a500008c75af3f37d7786131/bin/protoc --proto_path /home/flexe/Flexe /home/flexe/Flexe/flexe.proto --cpp_out /home/flexe/Flexe/src/flexe/proto/ 
/home/flexe/.conan/data/protobuf/3.17.1/_/_/package/53f76f058631e1c3a500008c75af3f37d7786131/bin/protoc --proto_path /home/flexe/Flexe --grpc_out=/home/flexe/Flexe/src/flexe/proto/ --plugin=protoc-gen-grpc=/home/flexe/.conan/data/grpc/1.38.1/_/_/package/44ecaec4536223f790dd5e0a72b2d16b1dfaa76c/bin/grpc_cpp_plugin /home/flexe/Flexe/flexe.proto
make[1]: Leaving directory '/home/flexe/Flexe/src'
11:24:14 **** Incremental Build of configuration gcc-release for project veins ****
make MODE=release -j8 all 
make[1]: Entering directory '/home/flexe/veins-veins-5.2/src'
make[1]: Nothing to be done for 'all'.
make[1]: Leaving directory '/home/flexe/veins-veins-5.2/src'
11:24:14 **** Incremental Build of configuration release for project flexe ****
make MODE=release all 
cd src && make
make[1]: Entering directory '/home/flexe/Flexe/src'
flexe/application/FedLimRSU11p.cc
flexe/application/FedLimRSU11p.cc:252:18: warning: 'random_shuffle<__gnu_cxx::__normal_iterator<int *, std::vector<int>>>' is deprecated: use 'std::shuffle' instead [-Wdeprecated-declarations]
            std::random_shuffle(std::begin(connectedClientsVector), std::end(connectedClientsVector));
                 ^
/usr/bin/../lib/gcc/x86_64-linux-gnu/12/../../../../include/c++/12/bits/stl_algo.h:4539:5: note: 'random_shuffle<__gnu_cxx::__normal_iterator<int *, std::vector<int>>>' has been explicitly marked deprecated here
    _GLIBCXX14_DEPRECATED_SUGGEST("std::shuffle")
    ^
/usr/bin/../lib/gcc/x86_64-linux-gnu/12/../../../../include/x86_64-linux-gnu/c++/12/bits/c++config.h:112:45: note: expanded from macro '_GLIBCXX14_DEPRECATED_SUGGEST'
# define _GLIBCXX14_DEPRECATED_SUGGEST(ALT) _GLIBCXX_DEPRECATED_SUGGEST(ALT)
                                            ^
/usr/bin/../lib/gcc/x86_64-linux-gnu/12/../../../../include/x86_64-linux-gnu/c++/12/bits/c++config.h:96:19: note: expanded from macro '_GLIBCXX_DEPRECATED_SUGGEST'
  __attribute__ ((__deprecated__ ("use '" ALT "' instead")))
                  ^
1 warning generated.
flexe/application/FedSETRANDOMRSU11p.cc
flexe/application/FedSETRANDOMRSU11p.cc:222:18: warning: 'random_shuffle<__gnu_cxx::__normal_iterator<int *, std::vector<int>>>' is deprecated: use 'std::shuffle' instead [-Wdeprecated-declarations]
            std::random_shuffle(std::begin(connectedClientsVector), std::end(connectedClientsVector));
                 ^
/usr/bin/../lib/gcc/x86_64-linux-gnu/12/../../../../include/c++/12/bits/stl_algo.h:4539:5: note: 'random_shuffle<__gnu_cxx::__normal_iterator<int *, std::vector<int>>>' has been explicitly marked deprecated here
    _GLIBCXX14_DEPRECATED_SUGGEST("std::shuffle")
    ^
/usr/bin/../lib/gcc/x86_64-linux-gnu/12/../../../../include/x86_64-linux-gnu/c++/12/bits/c++config.h:112:45: note: expanded from macro '_GLIBCXX14_DEPRECATED_SUGGEST'
# define _GLIBCXX14_DEPRECATED_SUGGEST(ALT) _GLIBCXX_DEPRECATED_SUGGEST(ALT)
                                            ^
/usr/bin/../lib/gcc/x86_64-linux-gnu/12/../../../../include/x86_64-linux-gnu/c++/12/bits/c++config.h:96:19: note: expanded from macro '_GLIBCXX_DEPRECATED_SUGGEST'
  __attribute__ ((__deprecated__ ("use '" ALT "' instead")))
                  ^
1 warning generated.
flexe/application/MLApp.cc
flexe/application/MLEntropyApp.cc
flexe/proto/flexe.grpc.pb.cc
flexe/proto/flexe.pb.cc
Creating shared library: ../out/clang-release/src/libflexe.so
echo /home/flexe/Flexe
/home/flexe/Flexe
/home/flexe/.conan/data/protobuf/3.17.1/_/_/package/53f76f058631e1c3a500008c75af3f37d7786131/bin/protoc --proto_path /home/flexe/Flexe /home/flexe/Flexe/flexe.proto --cpp_out /home/flexe/Flexe/src/flexe/proto/ 
/home/flexe/.conan/data/protobuf/3.17.1/_/_/package/53f76f058631e1c3a500008c75af3f37d7786131/bin/protoc --proto_path /home/flexe/Flexe --grpc_out=/home/flexe/Flexe/src/flexe/proto/ --plugin=protoc-gen-grpc=/home/flexe/.conan/data/grpc/1.38.1/_/_/package/44ecaec4536223f790dd5e0a72b2d16b1dfaa76c/bin/grpc_cpp_plugin /home/flexe/Flexe/flexe.proto
make[1]: Leaving directory '/home/flexe/Flexe/src'
11:25:10 **** Incremental Build of configuration gcc-release for project veins ****
make MODE=release -j8 all 
make[1]: Entering directory '/home/flexe/veins-veins-5.2/src'
make[1]: Nothing to be done for 'all'.
make[1]: Leaving directory '/home/flexe/veins-veins-5.2/src'
11:25:12 **** Incremental Build of configuration release for project flexe ****
make MODE=release all 
cd src && make
make[1]: Entering directory '/home/flexe/Flexe/src'
flexe/application/FedLimRSU11p.cc
flexe/application/FedLimRSU11p.cc:252:18: warning: 'random_shuffle<__gnu_cxx::__normal_iterator<int *, std::vector<int>>>' is deprecated: use 'std::shuffle' instead [-Wdeprecated-declarations]
            std::random_shuffle(std::begin(connectedClientsVector), std::end(connectedClientsVector));
                 ^
/usr/bin/../lib/gcc/x86_64-linux-gnu/12/../../../../include/c++/12/bits/stl_algo.h:4539:5: note: 'random_shuffle<__gnu_cxx::__normal_iterator<int *, std::vector<int>>>' has been explicitly marked deprecated here
    _GLIBCXX14_DEPRECATED_SUGGEST("std::shuffle")
    ^
/usr/bin/../lib/gcc/x86_64-linux-gnu/12/../../../../include/x86_64-linux-gnu/c++/12/bits/c++config.h:112:45: note: expanded from macro '_GLIBCXX14_DEPRECATED_SUGGEST'
# define _GLIBCXX14_DEPRECATED_SUGGEST(ALT) _GLIBCXX_DEPRECATED_SUGGEST(ALT)
                                            ^
/usr/bin/../lib/gcc/x86_64-linux-gnu/12/../../../../include/x86_64-linux-gnu/c++/12/bits/c++config.h:96:19: note: expanded from macro '_GLIBCXX_DEPRECATED_SUGGEST'
  __attribute__ ((__deprecated__ ("use '" ALT "' instead")))
                  ^
1 warning generated.
flexe/application/FedSETRANDOMRSU11p.cc
flexe/application/FedSETRANDOMRSU11p.cc:222:18: warning: 'random_shuffle<__gnu_cxx::__normal_iterator<int *, std::vector<int>>>' is deprecated: use 'std::shuffle' instead [-Wdeprecated-declarations]
            std::random_shuffle(std::begin(connectedClientsVector), std::end(connectedClientsVector));
                 ^
/usr/bin/../lib/gcc/x86_64-linux-gnu/12/../../../../include/c++/12/bits/stl_algo.h:4539:5: note: 'random_shuffle<__gnu_cxx::__normal_iterator<int *, std::vector<int>>>' has been explicitly marked deprecated here
    _GLIBCXX14_DEPRECATED_SUGGEST("std::shuffle")
    ^
/usr/bin/../lib/gcc/x86_64-linux-gnu/12/../../../../include/x86_64-linux-gnu/c++/12/bits/c++config.h:112:45: note: expanded from macro '_GLIBCXX14_DEPRECATED_SUGGEST'
# define _GLIBCXX14_DEPRECATED_SUGGEST(ALT) _GLIBCXX_DEPRECATED_SUGGEST(ALT)
                                            ^
/usr/bin/../lib/gcc/x86_64-linux-gnu/12/../../../../include/x86_64-linux-gnu/c++/12/bits/c++config.h:96:19: note: expanded from macro '_GLIBCXX_DEPRECATED_SUGGEST'
  __attribute__ ((__deprecated__ ("use '" ALT "' instead")))
                  ^
1 warning generated.
flexe/application/MLApp.cc
flexe/application/MLEntropyApp.cc
flexe/proto/flexe.grpc.pb.cc
flexe/proto/flexe.pb.cc
Creating shared library: ../out/clang-release/src/libflexe.so
echo /home/flexe/Flexe
/home/flexe/Flexe
/home/flexe/.conan/data/protobuf/3.17.1/_/_/package/53f76f058631e1c3a500008c75af3f37d7786131/bin/protoc --proto_path /home/flexe/Flexe /home/flexe/Flexe/flexe.proto --cpp_out /home/flexe/Flexe/src/flexe/proto/ 
/home/flexe/.conan/data/protobuf/3.17.1/_/_/package/53f76f058631e1c3a500008c75af3f37d7786131/bin/protoc --proto_path /home/flexe/Flexe --grpc_out=/home/flexe/Flexe/src/flexe/proto/ --plugin=protoc-gen-grpc=/home/flexe/.conan/data/grpc/1.38.1/_/_/package/44ecaec4536223f790dd5e0a72b2d16b1dfaa76c/bin/grpc_cpp_plugin /home/flexe/Flexe/flexe.proto
make[1]: Leaving directory '/home/flexe/Flexe/src'
11:26:11 **** Incremental Build of configuration gcc-release for project veins ****
make MODE=release -j8 all 
make[1]: Entering directory '/home/flexe/veins-veins-5.2/src'
make[1]: Nothing to be done for 'all'.
make[1]: Leaving directory '/home/flexe/veins-veins-5.2/src'
11:26:12 **** Incremental Build of configuration release for project flexe ****
make MODE=release all 
cd src && make
make[1]: Entering directory '/home/flexe/Flexe/src'
flexe/application/FedLimRSU11p.cc
flexe/application/FedLimRSU11p.cc:252:18: warning: 'random_shuffle<__gnu_cxx::__normal_iterator<int *, std::vector<int>>>' is deprecated: use 'std::shuffle' instead [-Wdeprecated-declarations]
            std::random_shuffle(std::begin(connectedClientsVector), std::end(connectedClientsVector));
                 ^
/usr/bin/../lib/gcc/x86_64-linux-gnu/12/../../../../include/c++/12/bits/stl_algo.h:4539:5: note: 'random_shuffle<__gnu_cxx::__normal_iterator<int *, std::vector<int>>>' has been explicitly marked deprecated here
    _GLIBCXX14_DEPRECATED_SUGGEST("std::shuffle")
    ^
/usr/bin/../lib/gcc/x86_64-linux-gnu/12/../../../../include/x86_64-linux-gnu/c++/12/bits/c++config.h:112:45: note: expanded from macro '_GLIBCXX14_DEPRECATED_SUGGEST'
# define _GLIBCXX14_DEPRECATED_SUGGEST(ALT) _GLIBCXX_DEPRECATED_SUGGEST(ALT)
                                            ^
/usr/bin/../lib/gcc/x86_64-linux-gnu/12/../../../../include/x86_64-linux-gnu/c++/12/bits/c++config.h:96:19: note: expanded from macro '_GLIBCXX_DEPRECATED_SUGGEST'
  __attribute__ ((__deprecated__ ("use '" ALT "' instead")))
                  ^
1 warning generated.
flexe/application/FedSETRANDOMRSU11p.cc
flexe/application/FedSETRANDOMRSU11p.cc:222:18: warning: 'random_shuffle<__gnu_cxx::__normal_iterator<int *, std::vector<int>>>' is deprecated: use 'std::shuffle' instead [-Wdeprecated-declarations]
            std::random_shuffle(std::begin(connectedClientsVector), std::end(connectedClientsVector));
                 ^
/usr/bin/../lib/gcc/x86_64-linux-gnu/12/../../../../include/c++/12/bits/stl_algo.h:4539:5: note: 'random_shuffle<__gnu_cxx::__normal_iterator<int *, std::vector<int>>>' has been explicitly marked deprecated here
    _GLIBCXX14_DEPRECATED_SUGGEST("std::shuffle")
    ^
/usr/bin/../lib/gcc/x86_64-linux-gnu/12/../../../../include/x86_64-linux-gnu/c++/12/bits/c++config.h:112:45: note: expanded from macro '_GLIBCXX14_DEPRECATED_SUGGEST'
# define _GLIBCXX14_DEPRECATED_SUGGEST(ALT) _GLIBCXX_DEPRECATED_SUGGEST(ALT)
                                            ^
/usr/bin/../lib/gcc/x86_64-linux-gnu/12/../../../../include/x86_64-linux-gnu/c++/12/bits/c++config.h:96:19: note: expanded from macro '_GLIBCXX_DEPRECATED_SUGGEST'
  __attribute__ ((__deprecated__ ("use '" ALT "' instead")))
                  ^
1 warning generated.
flexe/application/MLApp.cc
flexe/application/MLEntropyApp.cc
flexe/proto/flexe.grpc.pb.cc
flexe/proto/flexe.pb.cc
Creating shared library: ../out/clang-release/src/libflexe.so
echo /home/flexe/Flexe
/home/flexe/Flexe
/home/flexe/.conan/data/protobuf/3.17.1/_/_/package/53f76f058631e1c3a500008c75af3f37d7786131/bin/protoc --proto_path /home/flexe/Flexe /home/flexe/Flexe/flexe.proto --cpp_out /home/flexe/Flexe/src/flexe/proto/ 
/home/flexe/.conan/data/protobuf/3.17.1/_/_/package/53f76f058631e1c3a500008c75af3f37d7786131/bin/protoc --proto_path /home/flexe/Flexe --grpc_out=/home/flexe/Flexe/src/flexe/proto/ --plugin=protoc-gen-grpc=/home/flexe/.conan/data/grpc/1.38.1/_/_/package/44ecaec4536223f790dd5e0a72b2d16b1dfaa76c/bin/grpc_cpp_plugin /home/flexe/Flexe/flexe.proto
make[1]: Leaving directory '/home/flexe/Flexe/src'
16:49:23 **** Incremental Build of configuration gcc-release for project veins ****
make MODE=release -j8 all 
make[1]: Entering directory '/home/flexe/veins-veins-5.2/src'
make[1]: Nothing to be done for 'all'.
make[1]: Leaving directory '/home/flexe/veins-veins-5.2/src'
16:49:25 **** Incremental Build of configuration release for project flexe ****
make MODE=release all 
cd src && make
make[1]: Entering directory '/home/flexe/Flexe/src'
flexe/application/FedLimRSU11p.cc
flexe/application/FedLimRSU11p.cc:252:18: warning: 'random_shuffle<__gnu_cxx::__normal_iterator<int *, std::vector<int>>>' is deprecated: use 'std::shuffle' instead [-Wdeprecated-declarations]
            std::random_shuffle(std::begin(connectedClientsVector), std::end(connectedClientsVector));
                 ^
/usr/bin/../lib/gcc/x86_64-linux-gnu/12/../../../../include/c++/12/bits/stl_algo.h:4539:5: note: 'random_shuffle<__gnu_cxx::__normal_iterator<int *, std::vector<int>>>' has been explicitly marked deprecated here
    _GLIBCXX14_DEPRECATED_SUGGEST("std::shuffle")
    ^
/usr/bin/../lib/gcc/x86_64-linux-gnu/12/../../../../include/x86_64-linux-gnu/c++/12/bits/c++config.h:112:45: note: expanded from macro '_GLIBCXX14_DEPRECATED_SUGGEST'
# define _GLIBCXX14_DEPRECATED_SUGGEST(ALT) _GLIBCXX_DEPRECATED_SUGGEST(ALT)
                                            ^
/usr/bin/../lib/gcc/x86_64-linux-gnu/12/../../../../include/x86_64-linux-gnu/c++/12/bits/c++config.h:96:19: note: expanded from macro '_GLIBCXX_DEPRECATED_SUGGEST'
  __attribute__ ((__deprecated__ ("use '" ALT "' instead")))
                  ^
1 warning generated.
flexe/application/FedSETRANDOMRSU11p.cc
flexe/application/FedSETRANDOMRSU11p.cc:222:18: warning: 'random_shuffle<__gnu_cxx::__normal_iterator<int *, std::vector<int>>>' is deprecated: use 'std::shuffle' instead [-Wdeprecated-declarations]
            std::random_shuffle(std::begin(connectedClientsVector), std::end(connectedClientsVector));
                 ^
/usr/bin/../lib/gcc/x86_64-linux-gnu/12/../../../../include/c++/12/bits/stl_algo.h:4539:5: note: 'random_shuffle<__gnu_cxx::__normal_iterator<int *, std::vector<int>>>' has been explicitly marked deprecated here
    _GLIBCXX14_DEPRECATED_SUGGEST("std::shuffle")
    ^
/usr/bin/../lib/gcc/x86_64-linux-gnu/12/../../../../include/x86_64-linux-gnu/c++/12/bits/c++config.h:112:45: note: expanded from macro '_GLIBCXX14_DEPRECATED_SUGGEST'
# define _GLIBCXX14_DEPRECATED_SUGGEST(ALT) _GLIBCXX_DEPRECATED_SUGGEST(ALT)
                                            ^
/usr/bin/../lib/gcc/x86_64-linux-gnu/12/../../../../include/x86_64-linux-gnu/c++/12/bits/c++config.h:96:19: note: expanded from macro '_GLIBCXX_DEPRECATED_SUGGEST'
  __attribute__ ((__deprecated__ ("use '" ALT "' instead")))
                  ^
1 warning generated.
flexe/application/MLApp.cc
flexe/application/MLEntropyApp.cc
flexe/proto/flexe.grpc.pb.cc
flexe/proto/flexe.pb.cc
Creating shared library: ../out/clang-release/src/libflexe.so
echo /home/flexe/Flexe
/home/flexe/Flexe
/home/flexe/.conan/data/protobuf/3.17.1/_/_/package/53f76f058631e1c3a500008c75af3f37d7786131/bin/protoc --proto_path /home/flexe/Flexe /home/flexe/Flexe/flexe.proto --cpp_out /home/flexe/Flexe/src/flexe/proto/ 
/home/flexe/.conan/data/protobuf/3.17.1/_/_/package/53f76f058631e1c3a500008c75af3f37d7786131/bin/protoc --proto_path /home/flexe/Flexe --grpc_out=/home/flexe/Flexe/src/flexe/proto/ --plugin=protoc-gen-grpc=/home/flexe/.conan/data/grpc/1.38.1/_/_/package/44ecaec4536223f790dd5e0a72b2d16b1dfaa76c/bin/grpc_cpp_plugin /home/flexe/Flexe/flexe.proto
make[1]: Leaving directory '/home/flexe/Flexe/src'
16:50:07 **** Incremental Build of configuration gcc-release for project veins ****
make MODE=release -j8 all 
make[1]: Entering directory '/home/flexe/veins-veins-5.2/src'
make[1]: Nothing to be done for 'all'.
make[1]: Leaving directory '/home/flexe/veins-veins-5.2/src'
16:50:08 **** Incremental Build of configuration release for project flexe ****
make MODE=release all 
cd src && make
make[1]: Entering directory '/home/flexe/Flexe/src'
flexe/application/FedLimRSU11p.cc
flexe/application/FedLimRSU11p.cc:252:18: warning: 'random_shuffle<__gnu_cxx::__normal_iterator<int *, std::vector<int>>>' is deprecated: use 'std::shuffle' instead [-Wdeprecated-declarations]
            std::random_shuffle(std::begin(connectedClientsVector), std::end(connectedClientsVector));
                 ^
/usr/bin/../lib/gcc/x86_64-linux-gnu/12/../../../../include/c++/12/bits/stl_algo.h:4539:5: note: 'random_shuffle<__gnu_cxx::__normal_iterator<int *, std::vector<int>>>' has been explicitly marked deprecated here
    _GLIBCXX14_DEPRECATED_SUGGEST("std::shuffle")
    ^
/usr/bin/../lib/gcc/x86_64-linux-gnu/12/../../../../include/x86_64-linux-gnu/c++/12/bits/c++config.h:112:45: note: expanded from macro '_GLIBCXX14_DEPRECATED_SUGGEST'
# define _GLIBCXX14_DEPRECATED_SUGGEST(ALT) _GLIBCXX_DEPRECATED_SUGGEST(ALT)
                                            ^
/usr/bin/../lib/gcc/x86_64-linux-gnu/12/../../../../include/x86_64-linux-gnu/c++/12/bits/c++config.h:96:19: note: expanded from macro '_GLIBCXX_DEPRECATED_SUGGEST'
  __attribute__ ((__deprecated__ ("use '" ALT "' instead")))
                  ^
1 warning generated.
flexe/application/FedSETRANDOMRSU11p.cc
flexe/application/FedSETRANDOMRSU11p.cc:222:18: warning: 'random_shuffle<__gnu_cxx::__normal_iterator<int *, std::vector<int>>>' is deprecated: use 'std::shuffle' instead [-Wdeprecated-declarations]
            std::random_shuffle(std::begin(connectedClientsVector), std::end(connectedClientsVector));
                 ^
/usr/bin/../lib/gcc/x86_64-linux-gnu/12/../../../../include/c++/12/bits/stl_algo.h:4539:5: note: 'random_shuffle<__gnu_cxx::__normal_iterator<int *, std::vector<int>>>' has been explicitly marked deprecated here
    _GLIBCXX14_DEPRECATED_SUGGEST("std::shuffle")
    ^
/usr/bin/../lib/gcc/x86_64-linux-gnu/12/../../../../include/x86_64-linux-gnu/c++/12/bits/c++config.h:112:45: note: expanded from macro '_GLIBCXX14_DEPRECATED_SUGGEST'
# define _GLIBCXX14_DEPRECATED_SUGGEST(ALT) _GLIBCXX_DEPRECATED_SUGGEST(ALT)
                                            ^
/usr/bin/../lib/gcc/x86_64-linux-gnu/12/../../../../include/x86_64-linux-gnu/c++/12/bits/c++config.h:96:19: note: expanded from macro '_GLIBCXX_DEPRECATED_SUGGEST'
  __attribute__ ((__deprecated__ ("use '" ALT "' instead")))
                  ^
1 warning generated.
flexe/application/MLApp.cc
flexe/application/MLEntropyApp.cc
flexe/proto/flexe.grpc.pb.cc
flexe/proto/flexe.pb.cc
Creating shared library: ../out/clang-release/src/libflexe.so
echo /home/flexe/Flexe
/home/flexe/Flexe
/home/flexe/.conan/data/protobuf/3.17.1/_/_/package/53f76f058631e1c3a500008c75af3f37d7786131/bin/protoc --proto_path /home/flexe/Flexe /home/flexe/Flexe/flexe.proto --cpp_out /home/flexe/Flexe/src/flexe/proto/ 
/home/flexe/.conan/data/protobuf/3.17.1/_/_/package/53f76f058631e1c3a500008c75af3f37d7786131/bin/protoc --proto_path /home/flexe/Flexe --grpc_out=/home/flexe/Flexe/src/flexe/proto/ --plugin=protoc-gen-grpc=/home/flexe/.conan/data/grpc/1.38.1/_/_/package/44ecaec4536223f790dd5e0a72b2d16b1dfaa76c/bin/grpc_cpp_plugin /home/flexe/Flexe/flexe.proto
make[1]: Leaving directory '/home/flexe/Flexe/src'
16:58:49 **** Incremental Build of configuration gcc-release for project veins ****
make MODE=release -j8 all 
make[1]: Entering directory '/home/flexe/veins-veins-5.2/src'
make[1]: Nothing to be done for 'all'.
make[1]: Leaving directory '/home/flexe/veins-veins-5.2/src'
16:58:50 **** Incremental Build of configuration release for project flexe ****
make MODE=release all 
cd src && make
make[1]: Entering directory '/home/flexe/Flexe/src'
flexe/application/FedLimRSU11p.cc
flexe/application/FedLimRSU11p.cc:252:18: warning: 'random_shuffle<__gnu_cxx::__normal_iterator<int *, std::vector<int>>>' is deprecated: use 'std::shuffle' instead [-Wdeprecated-declarations]
            std::random_shuffle(std::begin(connectedClientsVector), std::end(connectedClientsVector));
                 ^
/usr/bin/../lib/gcc/x86_64-linux-gnu/12/../../../../include/c++/12/bits/stl_algo.h:4539:5: note: 'random_shuffle<__gnu_cxx::__normal_iterator<int *, std::vector<int>>>' has been explicitly marked deprecated here
    _GLIBCXX14_DEPRECATED_SUGGEST("std::shuffle")
    ^
/usr/bin/../lib/gcc/x86_64-linux-gnu/12/../../../../include/x86_64-linux-gnu/c++/12/bits/c++config.h:112:45: note: expanded from macro '_GLIBCXX14_DEPRECATED_SUGGEST'
# define _GLIBCXX14_DEPRECATED_SUGGEST(ALT) _GLIBCXX_DEPRECATED_SUGGEST(ALT)
                                            ^
/usr/bin/../lib/gcc/x86_64-linux-gnu/12/../../../../include/x86_64-linux-gnu/c++/12/bits/c++config.h:96:19: note: expanded from macro '_GLIBCXX_DEPRECATED_SUGGEST'
  __attribute__ ((__deprecated__ ("use '" ALT "' instead")))
                  ^
1 warning generated.
flexe/application/FedSETRANDOMRSU11p.cc
flexe/application/FedSETRANDOMRSU11p.cc:222:18: warning: 'random_shuffle<__gnu_cxx::__normal_iterator<int *, std::vector<int>>>' is deprecated: use 'std::shuffle' instead [-Wdeprecated-declarations]
            std::random_shuffle(std::begin(connectedClientsVector), std::end(connectedClientsVector));
                 ^
/usr/bin/../lib/gcc/x86_64-linux-gnu/12/../../../../include/c++/12/bits/stl_algo.h:4539:5: note: 'random_shuffle<__gnu_cxx::__normal_iterator<int *, std::vector<int>>>' has been explicitly marked deprecated here
    _GLIBCXX14_DEPRECATED_SUGGEST("std::shuffle")
    ^
/usr/bin/../lib/gcc/x86_64-linux-gnu/12/../../../../include/x86_64-linux-gnu/c++/12/bits/c++config.h:112:45: note: expanded from macro '_GLIBCXX14_DEPRECATED_SUGGEST'
# define _GLIBCXX14_DEPRECATED_SUGGEST(ALT) _GLIBCXX_DEPRECATED_SUGGEST(ALT)
                                            ^
/usr/bin/../lib/gcc/x86_64-linux-gnu/12/../../../../include/x86_64-linux-gnu/c++/12/bits/c++config.h:96:19: note: expanded from macro '_GLIBCXX_DEPRECATED_SUGGEST'
  __attribute__ ((__deprecated__ ("use '" ALT "' instead")))
                  ^
1 warning generated.
flexe/application/MLApp.cc
flexe/application/MLEntropyApp.cc
flexe/proto/flexe.grpc.pb.cc
flexe/proto/flexe.pb.cc
Creating shared library: ../out/clang-release/src/libflexe.so
echo /home/flexe/Flexe
/home/flexe/Flexe
/home/flexe/.conan/data/protobuf/3.17.1/_/_/package/53f76f058631e1c3a500008c75af3f37d7786131/bin/protoc --proto_path /home/flexe/Flexe /home/flexe/Flexe/flexe.proto --cpp_out /home/flexe/Flexe/src/flexe/proto/ 
/home/flexe/.conan/data/protobuf/3.17.1/_/_/package/53f76f058631e1c3a500008c75af3f37d7786131/bin/protoc --proto_path /home/flexe/Flexe --grpc_out=/home/flexe/Flexe/src/flexe/proto/ --plugin=protoc-gen-grpc=/home/flexe/.conan/data/grpc/1.38.1/_/_/package/44ecaec4536223f790dd5e0a72b2d16b1dfaa76c/bin/grpc_cpp_plugin /home/flexe/Flexe/flexe.proto
make[1]: Leaving directory '/home/flexe/Flexe/src'
16:59:23 **** Incremental Build of configuration gcc-release for project veins ****
make MODE=release -j8 all 
make[1]: Entering directory '/home/flexe/veins-veins-5.2/src'
make[1]: Nothing to be done for 'all'.
make[1]: Leaving directory '/home/flexe/veins-veins-5.2/src'
16:59:24 **** Incremental Build of configuration release for project flexe ****
make MODE=release all 
cd src && make
make[1]: Entering directory '/home/flexe/Flexe/src'
flexe/application/FedLimRSU11p.cc
flexe/application/FedLimRSU11p.cc:252:18: warning: 'random_shuffle<__gnu_cxx::__normal_iterator<int *, std::vector<int>>>' is deprecated: use 'std::shuffle' instead [-Wdeprecated-declarations]
            std::random_shuffle(std::begin(connectedClientsVector), std::end(connectedClientsVector));
                 ^
/usr/bin/../lib/gcc/x86_64-linux-gnu/12/../../../../include/c++/12/bits/stl_algo.h:4539:5: note: 'random_shuffle<__gnu_cxx::__normal_iterator<int *, std::vector<int>>>' has been explicitly marked deprecated here
    _GLIBCXX14_DEPRECATED_SUGGEST("std::shuffle")
    ^
/usr/bin/../lib/gcc/x86_64-linux-gnu/12/../../../../include/x86_64-linux-gnu/c++/12/bits/c++config.h:112:45: note: expanded from macro '_GLIBCXX14_DEPRECATED_SUGGEST'
# define _GLIBCXX14_DEPRECATED_SUGGEST(ALT) _GLIBCXX_DEPRECATED_SUGGEST(ALT)
                                            ^
/usr/bin/../lib/gcc/x86_64-linux-gnu/12/../../../../include/x86_64-linux-gnu/c++/12/bits/c++config.h:96:19: note: expanded from macro '_GLIBCXX_DEPRECATED_SUGGEST'
  __attribute__ ((__deprecated__ ("use '" ALT "' instead")))
                  ^
1 warning generated.
flexe/application/FedSETRANDOMRSU11p.cc
flexe/application/FedSETRANDOMRSU11p.cc:222:18: warning: 'random_shuffle<__gnu_cxx::__normal_iterator<int *, std::vector<int>>>' is deprecated: use 'std::shuffle' instead [-Wdeprecated-declarations]
            std::random_shuffle(std::begin(connectedClientsVector), std::end(connectedClientsVector));
                 ^
/usr/bin/../lib/gcc/x86_64-linux-gnu/12/../../../../include/c++/12/bits/stl_algo.h:4539:5: note: 'random_shuffle<__gnu_cxx::__normal_iterator<int *, std::vector<int>>>' has been explicitly marked deprecated here
    _GLIBCXX14_DEPRECATED_SUGGEST("std::shuffle")
    ^
/usr/bin/../lib/gcc/x86_64-linux-gnu/12/../../../../include/x86_64-linux-gnu/c++/12/bits/c++config.h:112:45: note: expanded from macro '_GLIBCXX14_DEPRECATED_SUGGEST'
# define _GLIBCXX14_DEPRECATED_SUGGEST(ALT) _GLIBCXX_DEPRECATED_SUGGEST(ALT)
                                            ^
/usr/bin/../lib/gcc/x86_64-linux-gnu/12/../../../../include/x86_64-linux-gnu/c++/12/bits/c++config.h:96:19: note: expanded from macro '_GLIBCXX_DEPRECATED_SUGGEST'
  __attribute__ ((__deprecated__ ("use '" ALT "' instead")))
                  ^
1 warning generated.
flexe/application/MLApp.cc
flexe/application/MLEntropyApp.cc
flexe/proto/flexe.grpc.pb.cc
flexe/proto/flexe.pb.cc
Creating shared library: ../out/clang-release/src/libflexe.so
echo /home/flexe/Flexe
/home/flexe/Flexe
/home/flexe/.conan/data/protobuf/3.17.1/_/_/package/53f76f058631e1c3a500008c75af3f37d7786131/bin/protoc --proto_path /home/flexe/Flexe /home/flexe/Flexe/flexe.proto --cpp_out /home/flexe/Flexe/src/flexe/proto/ 
/home/flexe/.conan/data/protobuf/3.17.1/_/_/package/53f76f058631e1c3a500008c75af3f37d7786131/bin/protoc --proto_path /home/flexe/Flexe --grpc_out=/home/flexe/Flexe/src/flexe/proto/ --plugin=protoc-gen-grpc=/home/flexe/.conan/data/grpc/1.38.1/_/_/package/44ecaec4536223f790dd5e0a72b2d16b1dfaa76c/bin/grpc_cpp_plugin /home/flexe/Flexe/flexe.proto
make[1]: Leaving directory '/home/flexe/Flexe/src'
17:04:26 **** Incremental Build of configuration gcc-release for project veins ****
make MODE=release -j8 all 
make[1]: Entering directory '/home/flexe/veins-veins-5.2/src'
make[1]: Nothing to be done for 'all'.
make[1]: Leaving directory '/home/flexe/veins-veins-5.2/src'
17:04:26 **** Incremental Build of configuration release for project flexe ****
make MODE=release all 
cd src && make
make[1]: Entering directory '/home/flexe/Flexe/src'
flexe/application/FedLimRSU11p.cc
flexe/application/FedLimRSU11p.cc:252:18: warning: 'random_shuffle<__gnu_cxx::__normal_iterator<int *, std::vector<int>>>' is deprecated: use 'std::shuffle' instead [-Wdeprecated-declarations]
            std::random_shuffle(std::begin(connectedClientsVector), std::end(connectedClientsVector));
                 ^
/usr/bin/../lib/gcc/x86_64-linux-gnu/12/../../../../include/c++/12/bits/stl_algo.h:4539:5: note: 'random_shuffle<__gnu_cxx::__normal_iterator<int *, std::vector<int>>>' has been explicitly marked deprecated here
    _GLIBCXX14_DEPRECATED_SUGGEST("std::shuffle")
    ^
/usr/bin/../lib/gcc/x86_64-linux-gnu/12/../../../../include/x86_64-linux-gnu/c++/12/bits/c++config.h:112:45: note: expanded from macro '_GLIBCXX14_DEPRECATED_SUGGEST'
# define _GLIBCXX14_DEPRECATED_SUGGEST(ALT) _GLIBCXX_DEPRECATED_SUGGEST(ALT)
                                            ^
/usr/bin/../lib/gcc/x86_64-linux-gnu/12/../../../../include/x86_64-linux-gnu/c++/12/bits/c++config.h:96:19: note: expanded from macro '_GLIBCXX_DEPRECATED_SUGGEST'
  __attribute__ ((__deprecated__ ("use '" ALT "' instead")))
                  ^
1 warning generated.
flexe/application/FedSETRANDOMRSU11p.cc
flexe/application/FedSETRANDOMRSU11p.cc:222:18: warning: 'random_shuffle<__gnu_cxx::__normal_iterator<int *, std::vector<int>>>' is deprecated: use 'std::shuffle' instead [-Wdeprecated-declarations]
            std::random_shuffle(std::begin(connectedClientsVector), std::end(connectedClientsVector));
                 ^
/usr/bin/../lib/gcc/x86_64-linux-gnu/12/../../../../include/c++/12/bits/stl_algo.h:4539:5: note: 'random_shuffle<__gnu_cxx::__normal_iterator<int *, std::vector<int>>>' has been explicitly marked deprecated here
    _GLIBCXX14_DEPRECATED_SUGGEST("std::shuffle")
    ^
/usr/bin/../lib/gcc/x86_64-linux-gnu/12/../../../../include/x86_64-linux-gnu/c++/12/bits/c++config.h:112:45: note: expanded from macro '_GLIBCXX14_DEPRECATED_SUGGEST'
# define _GLIBCXX14_DEPRECATED_SUGGEST(ALT) _GLIBCXX_DEPRECATED_SUGGEST(ALT)
                                            ^
/usr/bin/../lib/gcc/x86_64-linux-gnu/12/../../../../include/x86_64-linux-gnu/c++/12/bits/c++config.h:96:19: note: expanded from macro '_GLIBCXX_DEPRECATED_SUGGEST'
  __attribute__ ((__deprecated__ ("use '" ALT "' instead")))
                  ^
1 warning generated.
flexe/application/MLApp.cc
flexe/application/MLEntropyApp.cc
flexe/proto/flexe.grpc.pb.cc
flexe/proto/flexe.pb.cc
Creating shared library: ../out/clang-release/src/libflexe.so
echo /home/flexe/Flexe
/home/flexe/Flexe
/home/flexe/.conan/data/protobuf/3.17.1/_/_/package/53f76f058631e1c3a500008c75af3f37d7786131/bin/protoc --proto_path /home/flexe/Flexe /home/flexe/Flexe/flexe.proto --cpp_out /home/flexe/Flexe/src/flexe/proto/ 
/home/flexe/.conan/data/protobuf/3.17.1/_/_/package/53f76f058631e1c3a500008c75af3f37d7786131/bin/protoc --proto_path /home/flexe/Flexe --grpc_out=/home/flexe/Flexe/src/flexe/proto/ --plugin=protoc-gen-grpc=/home/flexe/.conan/data/grpc/1.38.1/_/_/package/44ecaec4536223f790dd5e0a72b2d16b1dfaa76c/bin/grpc_cpp_plugin /home/flexe/Flexe/flexe.proto
make[1]: Leaving directory '/home/flexe/Flexe/src'
17:05:24 **** Incremental Build of configuration gcc-release for project veins ****
make MODE=release -j8 all 
make[1]: Entering directory '/home/flexe/veins-veins-5.2/src'
make[1]: Nothing to be done for 'all'.
make[1]: Leaving directory '/home/flexe/veins-veins-5.2/src'
17:05:24 **** Incremental Build of configuration release for project flexe ****
make MODE=release all 
cd src && make
make[1]: Entering directory '/home/flexe/Flexe/src'
flexe/application/FedLimRSU11p.cc
flexe/application/FedLimRSU11p.cc:252:18: warning: 'random_shuffle<__gnu_cxx::__normal_iterator<int *, std::vector<int>>>' is deprecated: use 'std::shuffle' instead [-Wdeprecated-declarations]
            std::random_shuffle(std::begin(connectedClientsVector), std::end(connectedClientsVector));
                 ^
/usr/bin/../lib/gcc/x86_64-linux-gnu/12/../../../../include/c++/12/bits/stl_algo.h:4539:5: note: 'random_shuffle<__gnu_cxx::__normal_iterator<int *, std::vector<int>>>' has been explicitly marked deprecated here
    _GLIBCXX14_DEPRECATED_SUGGEST("std::shuffle")
    ^
/usr/bin/../lib/gcc/x86_64-linux-gnu/12/../../../../include/x86_64-linux-gnu/c++/12/bits/c++config.h:112:45: note: expanded from macro '_GLIBCXX14_DEPRECATED_SUGGEST'
# define _GLIBCXX14_DEPRECATED_SUGGEST(ALT) _GLIBCXX_DEPRECATED_SUGGEST(ALT)
                                            ^
/usr/bin/../lib/gcc/x86_64-linux-gnu/12/../../../../include/x86_64-linux-gnu/c++/12/bits/c++config.h:96:19: note: expanded from macro '_GLIBCXX_DEPRECATED_SUGGEST'
  __attribute__ ((__deprecated__ ("use '" ALT "' instead")))
                  ^
1 warning generated.
flexe/application/FedSETRANDOMRSU11p.cc
flexe/application/FedSETRANDOMRSU11p.cc:222:18: warning: 'random_shuffle<__gnu_cxx::__normal_iterator<int *, std::vector<int>>>' is deprecated: use 'std::shuffle' instead [-Wdeprecated-declarations]
            std::random_shuffle(std::begin(connectedClientsVector), std::end(connectedClientsVector));
                 ^
/usr/bin/../lib/gcc/x86_64-linux-gnu/12/../../../../include/c++/12/bits/stl_algo.h:4539:5: note: 'random_shuffle<__gnu_cxx::__normal_iterator<int *, std::vector<int>>>' has been explicitly marked deprecated here
    _GLIBCXX14_DEPRECATED_SUGGEST("std::shuffle")
    ^
/usr/bin/../lib/gcc/x86_64-linux-gnu/12/../../../../include/x86_64-linux-gnu/c++/12/bits/c++config.h:112:45: note: expanded from macro '_GLIBCXX14_DEPRECATED_SUGGEST'
# define _GLIBCXX14_DEPRECATED_SUGGEST(ALT) _GLIBCXX_DEPRECATED_SUGGEST(ALT)
                                            ^
/usr/bin/../lib/gcc/x86_64-linux-gnu/12/../../../../include/x86_64-linux-gnu/c++/12/bits/c++config.h:96:19: note: expanded from macro '_GLIBCXX_DEPRECATED_SUGGEST'
  __attribute__ ((__deprecated__ ("use '" ALT "' instead")))
                  ^
1 warning generated.
flexe/application/MLApp.cc
flexe/application/MLEntropyApp.cc
flexe/proto/flexe.grpc.pb.cc
flexe/proto/flexe.pb.cc
Creating shared library: ../out/clang-release/src/libflexe.so
echo /home/flexe/Flexe
/home/flexe/Flexe
/home/flexe/.conan/data/protobuf/3.17.1/_/_/package/53f76f058631e1c3a500008c75af3f37d7786131/bin/protoc --proto_path /home/flexe/Flexe /home/flexe/Flexe/flexe.proto --cpp_out /home/flexe/Flexe/src/flexe/proto/ 
/home/flexe/.conan/data/protobuf/3.17.1/_/_/package/53f76f058631e1c3a500008c75af3f37d7786131/bin/protoc --proto_path /home/flexe/Flexe --grpc_out=/home/flexe/Flexe/src/flexe/proto/ --plugin=protoc-gen-grpc=/home/flexe/.conan/data/grpc/1.38.1/_/_/package/44ecaec4536223f790dd5e0a72b2d16b1dfaa76c/bin/grpc_cpp_plugin /home/flexe/Flexe/flexe.proto
make[1]: Leaving directory '/home/flexe/Flexe/src'
01:26:53 **** Incremental Build of configuration gcc-release for project veins ****
make MODE=release -j8 all 
make[1]: Entering directory '/home/flexe/veins-veins-5.2/src'
make[1]: Nothing to be done for 'all'.
make[1]: Leaving directory '/home/flexe/veins-veins-5.2/src'
01:26:54 **** Incremental Build of configuration release for project flexe ****
make MODE=release all 
cd src && make
make[1]: Entering directory '/home/flexe/Flexe/src'
flexe/application/FedLimRSU11p.cc
flexe/application/FedLimRSU11p.cc:252:18: warning: 'random_shuffle<__gnu_cxx::__normal_iterator<int *, std::vector<int>>>' is deprecated: use 'std::shuffle' instead [-Wdeprecated-declarations]
            std::random_shuffle(std::begin(connectedClientsVector), std::end(connectedClientsVector));
                 ^
/usr/bin/../lib/gcc/x86_64-linux-gnu/12/../../../../include/c++/12/bits/stl_algo.h:4539:5: note: 'random_shuffle<__gnu_cxx::__normal_iterator<int *, std::vector<int>>>' has been explicitly marked deprecated here
    _GLIBCXX14_DEPRECATED_SUGGEST("std::shuffle")
    ^
/usr/bin/../lib/gcc/x86_64-linux-gnu/12/../../../../include/x86_64-linux-gnu/c++/12/bits/c++config.h:112:45: note: expanded from macro '_GLIBCXX14_DEPRECATED_SUGGEST'
# define _GLIBCXX14_DEPRECATED_SUGGEST(ALT) _GLIBCXX_DEPRECATED_SUGGEST(ALT)
                                            ^
/usr/bin/../lib/gcc/x86_64-linux-gnu/12/../../../../include/x86_64-linux-gnu/c++/12/bits/c++config.h:96:19: note: expanded from macro '_GLIBCXX_DEPRECATED_SUGGEST'
  __attribute__ ((__deprecated__ ("use '" ALT "' instead")))
                  ^
1 warning generated.
flexe/application/FedSETRANDOMRSU11p.cc
flexe/application/FedSETRANDOMRSU11p.cc:222:18: warning: 'random_shuffle<__gnu_cxx::__normal_iterator<int *, std::vector<int>>>' is deprecated: use 'std::shuffle' instead [-Wdeprecated-declarations]
            std::random_shuffle(std::begin(connectedClientsVector), std::end(connectedClientsVector));
                 ^
/usr/bin/../lib/gcc/x86_64-linux-gnu/12/../../../../include/c++/12/bits/stl_algo.h:4539:5: note: 'random_shuffle<__gnu_cxx::__normal_iterator<int *, std::vector<int>>>' has been explicitly marked deprecated here
    _GLIBCXX14_DEPRECATED_SUGGEST("std::shuffle")
    ^
/usr/bin/../lib/gcc/x86_64-linux-gnu/12/../../../../include/x86_64-linux-gnu/c++/12/bits/c++config.h:112:45: note: expanded from macro '_GLIBCXX14_DEPRECATED_SUGGEST'
# define _GLIBCXX14_DEPRECATED_SUGGEST(ALT) _GLIBCXX_DEPRECATED_SUGGEST(ALT)
                                            ^
/usr/bin/../lib/gcc/x86_64-linux-gnu/12/../../../../include/x86_64-linux-gnu/c++/12/bits/c++config.h:96:19: note: expanded from macro '_GLIBCXX_DEPRECATED_SUGGEST'
  __attribute__ ((__deprecated__ ("use '" ALT "' instead")))
                  ^
1 warning generated.
flexe/application/MLApp.cc
flexe/application/MLEntropyApp.cc
flexe/proto/flexe.grpc.pb.cc
flexe/proto/flexe.pb.cc
Creating shared library: ../out/clang-release/src/libflexe.so
echo /home/flexe/Flexe
/home/flexe/Flexe
/home/flexe/.conan/data/protobuf/3.17.1/_/_/package/53f76f058631e1c3a500008c75af3f37d7786131/bin/protoc --proto_path /home/flexe/Flexe /home/flexe/Flexe/flexe.proto --cpp_out /home/flexe/Flexe/src/flexe/proto/ 
/home/flexe/.conan/data/protobuf/3.17.1/_/_/package/53f76f058631e1c3a500008c75af3f37d7786131/bin/protoc --proto_path /home/flexe/Flexe --grpc_out=/home/flexe/Flexe/src/flexe/proto/ --plugin=protoc-gen-grpc=/home/flexe/.conan/data/grpc/1.38.1/_/_/package/44ecaec4536223f790dd5e0a72b2d16b1dfaa76c/bin/grpc_cpp_plugin /home/flexe/Flexe/flexe.proto
make[1]: Leaving directory '/home/flexe/Flexe/src'
01:54:46 **** Incremental Build of configuration gcc-release for project veins ****
make MODE=release -j8 all 
make[1]: Entering directory '/home/flexe/veins-veins-5.2/src'
make[1]: Nothing to be done for 'all'.
make[1]: Leaving directory '/home/flexe/veins-veins-5.2/src'
01:54:47 **** Incremental Build of configuration release for project flexe ****
make MODE=release all 
cd src && make
make[1]: Entering directory '/home/flexe/Flexe/src'
flexe/application/FedLimRSU11p.cc
flexe/application/FedLimRSU11p.cc:252:18: warning: 'random_shuffle<__gnu_cxx::__normal_iterator<int *, std::vector<int>>>' is deprecated: use 'std::shuffle' instead [-Wdeprecated-declarations]
            std::random_shuffle(std::begin(connectedClientsVector), std::end(connectedClientsVector));
                 ^
/usr/bin/../lib/gcc/x86_64-linux-gnu/12/../../../../include/c++/12/bits/stl_algo.h:4539:5: note: 'random_shuffle<__gnu_cxx::__normal_iterator<int *, std::vector<int>>>' has been explicitly marked deprecated here
    _GLIBCXX14_DEPRECATED_SUGGEST("std::shuffle")
    ^
/usr/bin/../lib/gcc/x86_64-linux-gnu/12/../../../../include/x86_64-linux-gnu/c++/12/bits/c++config.h:112:45: note: expanded from macro '_GLIBCXX14_DEPRECATED_SUGGEST'
# define _GLIBCXX14_DEPRECATED_SUGGEST(ALT) _GLIBCXX_DEPRECATED_SUGGEST(ALT)
                                            ^
/usr/bin/../lib/gcc/x86_64-linux-gnu/12/../../../../include/x86_64-linux-gnu/c++/12/bits/c++config.h:96:19: note: expanded from macro '_GLIBCXX_DEPRECATED_SUGGEST'
  __attribute__ ((__deprecated__ ("use '" ALT "' instead")))
                  ^
1 warning generated.
flexe/application/FedSETRANDOMRSU11p.cc
flexe/application/FedSETRANDOMRSU11p.cc:222:18: warning: 'random_shuffle<__gnu_cxx::__normal_iterator<int *, std::vector<int>>>' is deprecated: use 'std::shuffle' instead [-Wdeprecated-declarations]
            std::random_shuffle(std::begin(connectedClientsVector), std::end(connectedClientsVector));
                 ^
/usr/bin/../lib/gcc/x86_64-linux-gnu/12/../../../../include/c++/12/bits/stl_algo.h:4539:5: note: 'random_shuffle<__gnu_cxx::__normal_iterator<int *, std::vector<int>>>' has been explicitly marked deprecated here
    _GLIBCXX14_DEPRECATED_SUGGEST("std::shuffle")
    ^
/usr/bin/../lib/gcc/x86_64-linux-gnu/12/../../../../include/x86_64-linux-gnu/c++/12/bits/c++config.h:112:45: note: expanded from macro '_GLIBCXX14_DEPRECATED_SUGGEST'
# define _GLIBCXX14_DEPRECATED_SUGGEST(ALT) _GLIBCXX_DEPRECATED_SUGGEST(ALT)
                                            ^
/usr/bin/../lib/gcc/x86_64-linux-gnu/12/../../../../include/x86_64-linux-gnu/c++/12/bits/c++config.h:96:19: note: expanded from macro '_GLIBCXX_DEPRECATED_SUGGEST'
  __attribute__ ((__deprecated__ ("use '" ALT "' instead")))
                  ^
1 warning generated.
flexe/application/MLApp.cc
flexe/application/MLEntropyApp.cc
flexe/proto/flexe.grpc.pb.cc
flexe/proto/flexe.pb.cc
Creating shared library: ../out/clang-release/src/libflexe.so
echo /home/flexe/Flexe
/home/flexe/Flexe
/home/flexe/.conan/data/protobuf/3.17.1/_/_/package/53f76f058631e1c3a500008c75af3f37d7786131/bin/protoc --proto_path /home/flexe/Flexe /home/flexe/Flexe/flexe.proto --cpp_out /home/flexe/Flexe/src/flexe/proto/ 
/home/flexe/.conan/data/protobuf/3.17.1/_/_/package/53f76f058631e1c3a500008c75af3f37d7786131/bin/protoc --proto_path /home/flexe/Flexe --grpc_out=/home/flexe/Flexe/src/flexe/proto/ --plugin=protoc-gen-grpc=/home/flexe/.conan/data/grpc/1.38.1/_/_/package/44ecaec4536223f790dd5e0a72b2d16b1dfaa76c/bin/grpc_cpp_plugin /home/flexe/Flexe/flexe.proto
make[1]: Leaving directory '/home/flexe/Flexe/src'
02:04:20 **** Incremental Build of configuration gcc-release for project veins ****
make MODE=release -j8 all 
make[1]: Entering directory '/home/flexe/veins-veins-5.2/src'
make[1]: Nothing to be done for 'all'.
make[1]: Leaving directory '/home/flexe/veins-veins-5.2/src'
02:04:21 **** Incremental Build of configuration release for project flexe ****
make MODE=release all 
cd src && make
make[1]: Entering directory '/home/flexe/Flexe/src'
flexe/application/FedLimRSU11p.cc
flexe/application/FedLimRSU11p.cc:252:18: warning: 'random_shuffle<__gnu_cxx::__normal_iterator<int *, std::vector<int>>>' is deprecated: use 'std::shuffle' instead [-Wdeprecated-declarations]
            std::random_shuffle(std::begin(connectedClientsVector), std::end(connectedClientsVector));
                 ^
/usr/bin/../lib/gcc/x86_64-linux-gnu/12/../../../../include/c++/12/bits/stl_algo.h:4539:5: note: 'random_shuffle<__gnu_cxx::__normal_iterator<int *, std::vector<int>>>' has been explicitly marked deprecated here
    _GLIBCXX14_DEPRECATED_SUGGEST("std::shuffle")
    ^
/usr/bin/../lib/gcc/x86_64-linux-gnu/12/../../../../include/x86_64-linux-gnu/c++/12/bits/c++config.h:112:45: note: expanded from macro '_GLIBCXX14_DEPRECATED_SUGGEST'
# define _GLIBCXX14_DEPRECATED_SUGGEST(ALT) _GLIBCXX_DEPRECATED_SUGGEST(ALT)
                                            ^
/usr/bin/../lib/gcc/x86_64-linux-gnu/12/../../../../include/x86_64-linux-gnu/c++/12/bits/c++config.h:96:19: note: expanded from macro '_GLIBCXX_DEPRECATED_SUGGEST'
  __attribute__ ((__deprecated__ ("use '" ALT "' instead")))
                  ^
1 warning generated.
flexe/application/FedSETRANDOMRSU11p.cc
flexe/application/FedSETRANDOMRSU11p.cc:222:18: warning: 'random_shuffle<__gnu_cxx::__normal_iterator<int *, std::vector<int>>>' is deprecated: use 'std::shuffle' instead [-Wdeprecated-declarations]
            std::random_shuffle(std::begin(connectedClientsVector), std::end(connectedClientsVector));
                 ^
/usr/bin/../lib/gcc/x86_64-linux-gnu/12/../../../../include/c++/12/bits/stl_algo.h:4539:5: note: 'random_shuffle<__gnu_cxx::__normal_iterator<int *, std::vector<int>>>' has been explicitly marked deprecated here
    _GLIBCXX14_DEPRECATED_SUGGEST("std::shuffle")
    ^
/usr/bin/../lib/gcc/x86_64-linux-gnu/12/../../../../include/x86_64-linux-gnu/c++/12/bits/c++config.h:112:45: note: expanded from macro '_GLIBCXX14_DEPRECATED_SUGGEST'
# define _GLIBCXX14_DEPRECATED_SUGGEST(ALT) _GLIBCXX_DEPRECATED_SUGGEST(ALT)
                                            ^
/usr/bin/../lib/gcc/x86_64-linux-gnu/12/../../../../include/x86_64-linux-gnu/c++/12/bits/c++config.h:96:19: note: expanded from macro '_GLIBCXX_DEPRECATED_SUGGEST'
  __attribute__ ((__deprecated__ ("use '" ALT "' instead")))
                  ^
1 warning generated.
flexe/application/MLApp.cc
flexe/application/MLEntropyApp.cc
flexe/proto/flexe.grpc.pb.cc
flexe/proto/flexe.pb.cc
Creating shared library: ../out/clang-release/src/libflexe.so
echo /home/flexe/Flexe
/home/flexe/Flexe
/home/flexe/.conan/data/protobuf/3.17.1/_/_/package/53f76f058631e1c3a500008c75af3f37d7786131/bin/protoc --proto_path /home/flexe/Flexe /home/flexe/Flexe/flexe.proto --cpp_out /home/flexe/Flexe/src/flexe/proto/ 
/home/flexe/.conan/data/protobuf/3.17.1/_/_/package/53f76f058631e1c3a500008c75af3f37d7786131/bin/protoc --proto_path /home/flexe/Flexe --grpc_out=/home/flexe/Flexe/src/flexe/proto/ --plugin=protoc-gen-grpc=/home/flexe/.conan/data/grpc/1.38.1/_/_/package/44ecaec4536223f790dd5e0a72b2d16b1dfaa76c/bin/grpc_cpp_plugin /home/flexe/Flexe/flexe.proto
make[1]: Leaving directory '/home/flexe/Flexe/src'
02:06:52 **** Incremental Build of configuration gcc-release for project veins ****
make MODE=release -j8 all 
make[1]: Entering directory '/home/flexe/veins-veins-5.2/src'
make[1]: Nothing to be done for 'all'.
make[1]: Leaving directory '/home/flexe/veins-veins-5.2/src'
02:06:54 **** Incremental Build of configuration release for project flexe ****
make MODE=release all 
cd src && make
make[1]: Entering directory '/home/flexe/Flexe/src'
flexe/application/FedLimRSU11p.cc
flexe/application/FedLimRSU11p.cc:254:18: warning: 'random_shuffle<__gnu_cxx::__normal_iterator<int *, std::vector<int>>>' is deprecated: use 'std::shuffle' instead [-Wdeprecated-declarations]
            std::random_shuffle(std::begin(connectedClientsVector), std::end(connectedClientsVector));
                 ^
/usr/bin/../lib/gcc/x86_64-linux-gnu/12/../../../../include/c++/12/bits/stl_algo.h:4539:5: note: 'random_shuffle<__gnu_cxx::__normal_iterator<int *, std::vector<int>>>' has been explicitly marked deprecated here
    _GLIBCXX14_DEPRECATED_SUGGEST("std::shuffle")
    ^
/usr/bin/../lib/gcc/x86_64-linux-gnu/12/../../../../include/x86_64-linux-gnu/c++/12/bits/c++config.h:112:45: note: expanded from macro '_GLIBCXX14_DEPRECATED_SUGGEST'
# define _GLIBCXX14_DEPRECATED_SUGGEST(ALT) _GLIBCXX_DEPRECATED_SUGGEST(ALT)
                                            ^
/usr/bin/../lib/gcc/x86_64-linux-gnu/12/../../../../include/x86_64-linux-gnu/c++/12/bits/c++config.h:96:19: note: expanded from macro '_GLIBCXX_DEPRECATED_SUGGEST'
  __attribute__ ((__deprecated__ ("use '" ALT "' instead")))
                  ^
1 warning generated.
flexe/application/FedSETRANDOMRSU11p.cc
flexe/application/FedSETRANDOMRSU11p.cc:222:18: warning: 'random_shuffle<__gnu_cxx::__normal_iterator<int *, std::vector<int>>>' is deprecated: use 'std::shuffle' instead [-Wdeprecated-declarations]
            std::random_shuffle(std::begin(connectedClientsVector), std::end(connectedClientsVector));
                 ^
/usr/bin/../lib/gcc/x86_64-linux-gnu/12/../../../../include/c++/12/bits/stl_algo.h:4539:5: note: 'random_shuffle<__gnu_cxx::__normal_iterator<int *, std::vector<int>>>' has been explicitly marked deprecated here
    _GLIBCXX14_DEPRECATED_SUGGEST("std::shuffle")
    ^
/usr/bin/../lib/gcc/x86_64-linux-gnu/12/../../../../include/x86_64-linux-gnu/c++/12/bits/c++config.h:112:45: note: expanded from macro '_GLIBCXX14_DEPRECATED_SUGGEST'
# define _GLIBCXX14_DEPRECATED_SUGGEST(ALT) _GLIBCXX_DEPRECATED_SUGGEST(ALT)
                                            ^
/usr/bin/../lib/gcc/x86_64-linux-gnu/12/../../../../include/x86_64-linux-gnu/c++/12/bits/c++config.h:96:19: note: expanded from macro '_GLIBCXX_DEPRECATED_SUGGEST'
  __attribute__ ((__deprecated__ ("use '" ALT "' instead")))
                  ^
1 warning generated.
flexe/application/MLApp.cc
flexe/application/MLEntropyApp.cc
flexe/proto/flexe.grpc.pb.cc
flexe/proto/flexe.pb.cc
Creating shared library: ../out/clang-release/src/libflexe.so
echo /home/flexe/Flexe
/home/flexe/Flexe
/home/flexe/.conan/data/protobuf/3.17.1/_/_/package/53f76f058631e1c3a500008c75af3f37d7786131/bin/protoc --proto_path /home/flexe/Flexe /home/flexe/Flexe/flexe.proto --cpp_out /home/flexe/Flexe/src/flexe/proto/ 
/home/flexe/.conan/data/protobuf/3.17.1/_/_/package/53f76f058631e1c3a500008c75af3f37d7786131/bin/protoc --proto_path /home/flexe/Flexe --grpc_out=/home/flexe/Flexe/src/flexe/proto/ --plugin=protoc-gen-grpc=/home/flexe/.conan/data/grpc/1.38.1/_/_/package/44ecaec4536223f790dd5e0a72b2d16b1dfaa76c/bin/grpc_cpp_plugin /home/flexe/Flexe/flexe.proto
make[1]: Leaving directory '/home/flexe/Flexe/src'
02:10:37 **** Incremental Build of configuration gcc-release for project veins ****
make MODE=release -j8 all 
make[1]: Entering directory '/home/flexe/veins-veins-5.2/src'
make[1]: Nothing to be done for 'all'.
make[1]: Leaving directory '/home/flexe/veins-veins-5.2/src'
02:10:38 **** Incremental Build of configuration release for project flexe ****
make MODE=release all 
cd src && make
make[1]: Entering directory '/home/flexe/Flexe/src'
flexe/application/FedLimRSU11p.cc
flexe/application/FedLimRSU11p.cc:254:18: warning: 'random_shuffle<__gnu_cxx::__normal_iterator<int *, std::vector<int>>>' is deprecated: use 'std::shuffle' instead [-Wdeprecated-declarations]
            std::random_shuffle(std::begin(connectedClientsVector), std::end(connectedClientsVector));
                 ^
/usr/bin/../lib/gcc/x86_64-linux-gnu/12/../../../../include/c++/12/bits/stl_algo.h:4539:5: note: 'random_shuffle<__gnu_cxx::__normal_iterator<int *, std::vector<int>>>' has been explicitly marked deprecated here
    _GLIBCXX14_DEPRECATED_SUGGEST("std::shuffle")
    ^
/usr/bin/../lib/gcc/x86_64-linux-gnu/12/../../../../include/x86_64-linux-gnu/c++/12/bits/c++config.h:112:45: note: expanded from macro '_GLIBCXX14_DEPRECATED_SUGGEST'
# define _GLIBCXX14_DEPRECATED_SUGGEST(ALT) _GLIBCXX_DEPRECATED_SUGGEST(ALT)
                                            ^
/usr/bin/../lib/gcc/x86_64-linux-gnu/12/../../../../include/x86_64-linux-gnu/c++/12/bits/c++config.h:96:19: note: expanded from macro '_GLIBCXX_DEPRECATED_SUGGEST'
  __attribute__ ((__deprecated__ ("use '" ALT "' instead")))
                  ^
1 warning generated.
flexe/application/FedSETRANDOMRSU11p.cc
flexe/application/FedSETRANDOMRSU11p.cc:222:18: warning: 'random_shuffle<__gnu_cxx::__normal_iterator<int *, std::vector<int>>>' is deprecated: use 'std::shuffle' instead [-Wdeprecated-declarations]
            std::random_shuffle(std::begin(connectedClientsVector), std::end(connectedClientsVector));
                 ^
/usr/bin/../lib/gcc/x86_64-linux-gnu/12/../../../../include/c++/12/bits/stl_algo.h:4539:5: note: 'random_shuffle<__gnu_cxx::__normal_iterator<int *, std::vector<int>>>' has been explicitly marked deprecated here
    _GLIBCXX14_DEPRECATED_SUGGEST("std::shuffle")
    ^
/usr/bin/../lib/gcc/x86_64-linux-gnu/12/../../../../include/x86_64-linux-gnu/c++/12/bits/c++config.h:112:45: note: expanded from macro '_GLIBCXX14_DEPRECATED_SUGGEST'
# define _GLIBCXX14_DEPRECATED_SUGGEST(ALT) _GLIBCXX_DEPRECATED_SUGGEST(ALT)
                                            ^
/usr/bin/../lib/gcc/x86_64-linux-gnu/12/../../../../include/x86_64-linux-gnu/c++/12/bits/c++config.h:96:19: note: expanded from macro '_GLIBCXX_DEPRECATED_SUGGEST'
  __attribute__ ((__deprecated__ ("use '" ALT "' instead")))
                  ^
1 warning generated.
flexe/application/MLApp.cc
flexe/application/MLEntropyApp.cc
flexe/proto/flexe.grpc.pb.cc
flexe/proto/flexe.pb.cc
Creating shared library: ../out/clang-release/src/libflexe.so
echo /home/flexe/Flexe
/home/flexe/Flexe
/home/flexe/.conan/data/protobuf/3.17.1/_/_/package/53f76f058631e1c3a500008c75af3f37d7786131/bin/protoc --proto_path /home/flexe/Flexe /home/flexe/Flexe/flexe.proto --cpp_out /home/flexe/Flexe/src/flexe/proto/ 
/home/flexe/.conan/data/protobuf/3.17.1/_/_/package/53f76f058631e1c3a500008c75af3f37d7786131/bin/protoc --proto_path /home/flexe/Flexe --grpc_out=/home/flexe/Flexe/src/flexe/proto/ --plugin=protoc-gen-grpc=/home/flexe/.conan/data/grpc/1.38.1/_/_/package/44ecaec4536223f790dd5e0a72b2d16b1dfaa76c/bin/grpc_cpp_plugin /home/flexe/Flexe/flexe.proto
make[1]: Leaving directory '/home/flexe/Flexe/src'
12:34:55 **** Incremental Build of configuration gcc-release for project veins ****
make MODE=release -j8 all 
make[1]: Entering directory '/home/flexe/veins-veins-5.2/src'
make[1]: Nothing to be done for 'all'.
make[1]: Leaving directory '/home/flexe/veins-veins-5.2/src'
12:34:56 **** Incremental Build of configuration release for project flexe ****
make MODE=release all 
cd src && make
make[1]: Entering directory '/home/flexe/Flexe/src'
flexe/application/FedLimRSU11p.cc
flexe/application/FedLimRSU11p.cc:254:18: warning: 'random_shuffle<__gnu_cxx::__normal_iterator<int *, std::vector<int>>>' is deprecated: use 'std::shuffle' instead [-Wdeprecated-declarations]
            std::random_shuffle(std::begin(connectedClientsVector), std::end(connectedClientsVector));
                 ^
/usr/bin/../lib/gcc/x86_64-linux-gnu/12/../../../../include/c++/12/bits/stl_algo.h:4539:5: note: 'random_shuffle<__gnu_cxx::__normal_iterator<int *, std::vector<int>>>' has been explicitly marked deprecated here
    _GLIBCXX14_DEPRECATED_SUGGEST("std::shuffle")
    ^
/usr/bin/../lib/gcc/x86_64-linux-gnu/12/../../../../include/x86_64-linux-gnu/c++/12/bits/c++config.h:112:45: note: expanded from macro '_GLIBCXX14_DEPRECATED_SUGGEST'
# define _GLIBCXX14_DEPRECATED_SUGGEST(ALT) _GLIBCXX_DEPRECATED_SUGGEST(ALT)
                                            ^
/usr/bin/../lib/gcc/x86_64-linux-gnu/12/../../../../include/x86_64-linux-gnu/c++/12/bits/c++config.h:96:19: note: expanded from macro '_GLIBCXX_DEPRECATED_SUGGEST'
  __attribute__ ((__deprecated__ ("use '" ALT "' instead")))
                  ^
1 warning generated.
flexe/application/FedSETRANDOMRSU11p.cc
flexe/application/FedSETRANDOMRSU11p.cc:222:18: warning: 'random_shuffle<__gnu_cxx::__normal_iterator<int *, std::vector<int>>>' is deprecated: use 'std::shuffle' instead [-Wdeprecated-declarations]
            std::random_shuffle(std::begin(connectedClientsVector), std::end(connectedClientsVector));
                 ^
/usr/bin/../lib/gcc/x86_64-linux-gnu/12/../../../../include/c++/12/bits/stl_algo.h:4539:5: note: 'random_shuffle<__gnu_cxx::__normal_iterator<int *, std::vector<int>>>' has been explicitly marked deprecated here
    _GLIBCXX14_DEPRECATED_SUGGEST("std::shuffle")
    ^
/usr/bin/../lib/gcc/x86_64-linux-gnu/12/../../../../include/x86_64-linux-gnu/c++/12/bits/c++config.h:112:45: note: expanded from macro '_GLIBCXX14_DEPRECATED_SUGGEST'
# define _GLIBCXX14_DEPRECATED_SUGGEST(ALT) _GLIBCXX_DEPRECATED_SUGGEST(ALT)
                                            ^
/usr/bin/../lib/gcc/x86_64-linux-gnu/12/../../../../include/x86_64-linux-gnu/c++/12/bits/c++config.h:96:19: note: expanded from macro '_GLIBCXX_DEPRECATED_SUGGEST'
  __attribute__ ((__deprecated__ ("use '" ALT "' instead")))
                  ^
1 warning generated.
flexe/application/MLApp.cc
flexe/application/MLEntropyApp.cc
flexe/proto/flexe.grpc.pb.cc
flexe/proto/flexe.pb.cc
Creating shared library: ../out/clang-release/src/libflexe.so
echo /home/flexe/Flexe
/home/flexe/Flexe
/home/flexe/.conan/data/protobuf/3.17.1/_/_/package/53f76f058631e1c3a500008c75af3f37d7786131/bin/protoc --proto_path /home/flexe/Flexe /home/flexe/Flexe/flexe.proto --cpp_out /home/flexe/Flexe/src/flexe/proto/ 
/home/flexe/.conan/data/protobuf/3.17.1/_/_/package/53f76f058631e1c3a500008c75af3f37d7786131/bin/protoc --proto_path /home/flexe/Flexe --grpc_out=/home/flexe/Flexe/src/flexe/proto/ --plugin=protoc-gen-grpc=/home/flexe/.conan/data/grpc/1.38.1/_/_/package/44ecaec4536223f790dd5e0a72b2d16b1dfaa76c/bin/grpc_cpp_plugin /home/flexe/Flexe/flexe.proto
make[1]: Leaving directory '/home/flexe/Flexe/src'
12:37:23 **** Incremental Build of configuration gcc-release for project veins ****
make MODE=release -j8 all 
make[1]: Entering directory '/home/flexe/veins-veins-5.2/src'
make[1]: Nothing to be done for 'all'.
make[1]: Leaving directory '/home/flexe/veins-veins-5.2/src'
12:37:24 **** Incremental Build of configuration release for project flexe ****
make MODE=release all 
cd src && make
make[1]: Entering directory '/home/flexe/Flexe/src'
flexe/application/FedLimRSU11p.cc
flexe/application/FedLimRSU11p.cc:254:18: warning: 'random_shuffle<__gnu_cxx::__normal_iterator<int *, std::vector<int>>>' is deprecated: use 'std::shuffle' instead [-Wdeprecated-declarations]
            std::random_shuffle(std::begin(connectedClientsVector), std::end(connectedClientsVector));
                 ^
/usr/bin/../lib/gcc/x86_64-linux-gnu/12/../../../../include/c++/12/bits/stl_algo.h:4539:5: note: 'random_shuffle<__gnu_cxx::__normal_iterator<int *, std::vector<int>>>' has been explicitly marked deprecated here
    _GLIBCXX14_DEPRECATED_SUGGEST("std::shuffle")
    ^
/usr/bin/../lib/gcc/x86_64-linux-gnu/12/../../../../include/x86_64-linux-gnu/c++/12/bits/c++config.h:112:45: note: expanded from macro '_GLIBCXX14_DEPRECATED_SUGGEST'
# define _GLIBCXX14_DEPRECATED_SUGGEST(ALT) _GLIBCXX_DEPRECATED_SUGGEST(ALT)
                                            ^
/usr/bin/../lib/gcc/x86_64-linux-gnu/12/../../../../include/x86_64-linux-gnu/c++/12/bits/c++config.h:96:19: note: expanded from macro '_GLIBCXX_DEPRECATED_SUGGEST'
  __attribute__ ((__deprecated__ ("use '" ALT "' instead")))
                  ^
1 warning generated.
flexe/application/FedSETRANDOMRSU11p.cc
flexe/application/FedSETRANDOMRSU11p.cc:222:18: warning: 'random_shuffle<__gnu_cxx::__normal_iterator<int *, std::vector<int>>>' is deprecated: use 'std::shuffle' instead [-Wdeprecated-declarations]
            std::random_shuffle(std::begin(connectedClientsVector), std::end(connectedClientsVector));
                 ^
/usr/bin/../lib/gcc/x86_64-linux-gnu/12/../../../../include/c++/12/bits/stl_algo.h:4539:5: note: 'random_shuffle<__gnu_cxx::__normal_iterator<int *, std::vector<int>>>' has been explicitly marked deprecated here
    _GLIBCXX14_DEPRECATED_SUGGEST("std::shuffle")
    ^
/usr/bin/../lib/gcc/x86_64-linux-gnu/12/../../../../include/x86_64-linux-gnu/c++/12/bits/c++config.h:112:45: note: expanded from macro '_GLIBCXX14_DEPRECATED_SUGGEST'
# define _GLIBCXX14_DEPRECATED_SUGGEST(ALT) _GLIBCXX_DEPRECATED_SUGGEST(ALT)
                                            ^
/usr/bin/../lib/gcc/x86_64-linux-gnu/12/../../../../include/x86_64-linux-gnu/c++/12/bits/c++config.h:96:19: note: expanded from macro '_GLIBCXX_DEPRECATED_SUGGEST'
  __attribute__ ((__deprecated__ ("use '" ALT "' instead")))
                  ^
1 warning generated.
flexe/application/MLApp.cc
flexe/application/MLEntropyApp.cc
flexe/proto/flexe.grpc.pb.cc
flexe/proto/flexe.pb.cc
Creating shared library: ../out/clang-release/src/libflexe.so
echo /home/flexe/Flexe
/home/flexe/Flexe
/home/flexe/.conan/data/protobuf/3.17.1/_/_/package/53f76f058631e1c3a500008c75af3f37d7786131/bin/protoc --proto_path /home/flexe/Flexe /home/flexe/Flexe/flexe.proto --cpp_out /home/flexe/Flexe/src/flexe/proto/ 
/home/flexe/.conan/data/protobuf/3.17.1/_/_/package/53f76f058631e1c3a500008c75af3f37d7786131/bin/protoc --proto_path /home/flexe/Flexe --grpc_out=/home/flexe/Flexe/src/flexe/proto/ --plugin=protoc-gen-grpc=/home/flexe/.conan/data/grpc/1.38.1/_/_/package/44ecaec4536223f790dd5e0a72b2d16b1dfaa76c/bin/grpc_cpp_plugin /home/flexe/Flexe/flexe.proto
make[1]: Leaving directory '/home/flexe/Flexe/src'
12:45:28 **** Incremental Build of configuration gcc-release for project veins ****
make MODE=release -j8 all 
make[1]: Entering directory '/home/flexe/veins-veins-5.2/src'
make[1]: Nothing to be done for 'all'.
make[1]: Leaving directory '/home/flexe/veins-veins-5.2/src'
12:45:28 **** Incremental Build of configuration release for project flexe ****
make MODE=release all 
cd src && make
make[1]: Entering directory '/home/flexe/Flexe/src'
flexe/application/FedLimRSU11p.cc
flexe/application/FedLimRSU11p.cc:254:18: warning: 'random_shuffle<__gnu_cxx::__normal_iterator<int *, std::vector<int>>>' is deprecated: use 'std::shuffle' instead [-Wdeprecated-declarations]
            std::random_shuffle(std::begin(connectedClientsVector), std::end(connectedClientsVector));
                 ^
/usr/bin/../lib/gcc/x86_64-linux-gnu/12/../../../../include/c++/12/bits/stl_algo.h:4539:5: note: 'random_shuffle<__gnu_cxx::__normal_iterator<int *, std::vector<int>>>' has been explicitly marked deprecated here
    _GLIBCXX14_DEPRECATED_SUGGEST("std::shuffle")
    ^
/usr/bin/../lib/gcc/x86_64-linux-gnu/12/../../../../include/x86_64-linux-gnu/c++/12/bits/c++config.h:112:45: note: expanded from macro '_GLIBCXX14_DEPRECATED_SUGGEST'
# define _GLIBCXX14_DEPRECATED_SUGGEST(ALT) _GLIBCXX_DEPRECATED_SUGGEST(ALT)
                                            ^
/usr/bin/../lib/gcc/x86_64-linux-gnu/12/../../../../include/x86_64-linux-gnu/c++/12/bits/c++config.h:96:19: note: expanded from macro '_GLIBCXX_DEPRECATED_SUGGEST'
  __attribute__ ((__deprecated__ ("use '" ALT "' instead")))
                  ^
1 warning generated.
flexe/application/FedSETRANDOMRSU11p.cc
flexe/application/FedSETRANDOMRSU11p.cc:222:18: warning: 'random_shuffle<__gnu_cxx::__normal_iterator<int *, std::vector<int>>>' is deprecated: use 'std::shuffle' instead [-Wdeprecated-declarations]
            std::random_shuffle(std::begin(connectedClientsVector), std::end(connectedClientsVector));
                 ^
/usr/bin/../lib/gcc/x86_64-linux-gnu/12/../../../../include/c++/12/bits/stl_algo.h:4539:5: note: 'random_shuffle<__gnu_cxx::__normal_iterator<int *, std::vector<int>>>' has been explicitly marked deprecated here
    _GLIBCXX14_DEPRECATED_SUGGEST("std::shuffle")
    ^
/usr/bin/../lib/gcc/x86_64-linux-gnu/12/../../../../include/x86_64-linux-gnu/c++/12/bits/c++config.h:112:45: note: expanded from macro '_GLIBCXX14_DEPRECATED_SUGGEST'
# define _GLIBCXX14_DEPRECATED_SUGGEST(ALT) _GLIBCXX_DEPRECATED_SUGGEST(ALT)
                                            ^
/usr/bin/../lib/gcc/x86_64-linux-gnu/12/../../../../include/x86_64-linux-gnu/c++/12/bits/c++config.h:96:19: note: expanded from macro '_GLIBCXX_DEPRECATED_SUGGEST'
  __attribute__ ((__deprecated__ ("use '" ALT "' instead")))
                  ^
1 warning generated.
flexe/application/MLApp.cc
flexe/application/MLEntropyApp.cc
flexe/proto/flexe.grpc.pb.cc
flexe/proto/flexe.pb.cc
Creating shared library: ../out/clang-release/src/libflexe.so
echo /home/flexe/Flexe
/home/flexe/Flexe
/home/flexe/.conan/data/protobuf/3.17.1/_/_/package/53f76f058631e1c3a500008c75af3f37d7786131/bin/protoc --proto_path /home/flexe/Flexe /home/flexe/Flexe/flexe.proto --cpp_out /home/flexe/Flexe/src/flexe/proto/ 
/home/flexe/.conan/data/protobuf/3.17.1/_/_/package/53f76f058631e1c3a500008c75af3f37d7786131/bin/protoc --proto_path /home/flexe/Flexe --grpc_out=/home/flexe/Flexe/src/flexe/proto/ --plugin=protoc-gen-grpc=/home/flexe/.conan/data/grpc/1.38.1/_/_/package/44ecaec4536223f790dd5e0a72b2d16b1dfaa76c/bin/grpc_cpp_plugin /home/flexe/Flexe/flexe.proto
make[1]: Leaving directory '/home/flexe/Flexe/src'
12:46:37 **** Incremental Build of configuration gcc-release for project veins ****
make MODE=release -j8 all 
make[1]: Entering directory '/home/flexe/veins-veins-5.2/src'
make[1]: Nothing to be done for 'all'.
make[1]: Leaving directory '/home/flexe/veins-veins-5.2/src'
12:46:37 **** Incremental Build of configuration release for project flexe ****
make MODE=release all 
cd src && make
make[1]: Entering directory '/home/flexe/Flexe/src'
flexe/application/FedLimRSU11p.cc
flexe/application/FedLimRSU11p.cc:254:18: warning: 'random_shuffle<__gnu_cxx::__normal_iterator<int *, std::vector<int>>>' is deprecated: use 'std::shuffle' instead [-Wdeprecated-declarations]
            std::random_shuffle(std::begin(connectedClientsVector), std::end(connectedClientsVector));
                 ^
/usr/bin/../lib/gcc/x86_64-linux-gnu/12/../../../../include/c++/12/bits/stl_algo.h:4539:5: note: 'random_shuffle<__gnu_cxx::__normal_iterator<int *, std::vector<int>>>' has been explicitly marked deprecated here
    _GLIBCXX14_DEPRECATED_SUGGEST("std::shuffle")
    ^
/usr/bin/../lib/gcc/x86_64-linux-gnu/12/../../../../include/x86_64-linux-gnu/c++/12/bits/c++config.h:112:45: note: expanded from macro '_GLIBCXX14_DEPRECATED_SUGGEST'
# define _GLIBCXX14_DEPRECATED_SUGGEST(ALT) _GLIBCXX_DEPRECATED_SUGGEST(ALT)
                                            ^
/usr/bin/../lib/gcc/x86_64-linux-gnu/12/../../../../include/x86_64-linux-gnu/c++/12/bits/c++config.h:96:19: note: expanded from macro '_GLIBCXX_DEPRECATED_SUGGEST'
  __attribute__ ((__deprecated__ ("use '" ALT "' instead")))
                  ^
1 warning generated.
flexe/application/FedSETRANDOMRSU11p.cc
flexe/application/FedSETRANDOMRSU11p.cc:222:18: warning: 'random_shuffle<__gnu_cxx::__normal_iterator<int *, std::vector<int>>>' is deprecated: use 'std::shuffle' instead [-Wdeprecated-declarations]
            std::random_shuffle(std::begin(connectedClientsVector), std::end(connectedClientsVector));
                 ^
/usr/bin/../lib/gcc/x86_64-linux-gnu/12/../../../../include/c++/12/bits/stl_algo.h:4539:5: note: 'random_shuffle<__gnu_cxx::__normal_iterator<int *, std::vector<int>>>' has been explicitly marked deprecated here
    _GLIBCXX14_DEPRECATED_SUGGEST("std::shuffle")
    ^
/usr/bin/../lib/gcc/x86_64-linux-gnu/12/../../../../include/x86_64-linux-gnu/c++/12/bits/c++config.h:112:45: note: expanded from macro '_GLIBCXX14_DEPRECATED_SUGGEST'
# define _GLIBCXX14_DEPRECATED_SUGGEST(ALT) _GLIBCXX_DEPRECATED_SUGGEST(ALT)
                                            ^
/usr/bin/../lib/gcc/x86_64-linux-gnu/12/../../../../include/x86_64-linux-gnu/c++/12/bits/c++config.h:96:19: note: expanded from macro '_GLIBCXX_DEPRECATED_SUGGEST'
  __attribute__ ((__deprecated__ ("use '" ALT "' instead")))
                  ^
1 warning generated.
flexe/application/MLApp.cc
flexe/application/MLEntropyApp.cc
flexe/proto/flexe.grpc.pb.cc
flexe/proto/flexe.pb.cc
Creating shared library: ../out/clang-release/src/libflexe.so
echo /home/flexe/Flexe
/home/flexe/Flexe
/home/flexe/.conan/data/protobuf/3.17.1/_/_/package/53f76f058631e1c3a500008c75af3f37d7786131/bin/protoc --proto_path /home/flexe/Flexe /home/flexe/Flexe/flexe.proto --cpp_out /home/flexe/Flexe/src/flexe/proto/ 
/home/flexe/.conan/data/protobuf/3.17.1/_/_/package/53f76f058631e1c3a500008c75af3f37d7786131/bin/protoc --proto_path /home/flexe/Flexe --grpc_out=/home/flexe/Flexe/src/flexe/proto/ --plugin=protoc-gen-grpc=/home/flexe/.conan/data/grpc/1.38.1/_/_/package/44ecaec4536223f790dd5e0a72b2d16b1dfaa76c/bin/grpc_cpp_plugin /home/flexe/Flexe/flexe.proto
make[1]: Leaving directory '/home/flexe/Flexe/src'
12:49:10 **** Incremental Build of configuration gcc-release for project veins ****
make MODE=release -j8 all 
make[1]: Entering directory '/home/flexe/veins-veins-5.2/src'
make[1]: Nothing to be done for 'all'.
make[1]: Leaving directory '/home/flexe/veins-veins-5.2/src'
12:49:10 **** Incremental Build of configuration release for project flexe ****
make MODE=release all 
cd src && make
make[1]: Entering directory '/home/flexe/Flexe/src'
flexe/application/FedLimRSU11p.cc
flexe/application/FedLimRSU11p.cc:270:18: warning: 'random_shuffle<__gnu_cxx::__normal_iterator<int *, std::vector<int>>>' is deprecated: use 'std::shuffle' instead [-Wdeprecated-declarations]
            std::random_shuffle(std::begin(connectedClientsVector), std::end(connectedClientsVector));
                 ^
/usr/bin/../lib/gcc/x86_64-linux-gnu/12/../../../../include/c++/12/bits/stl_algo.h:4539:5: note: 'random_shuffle<__gnu_cxx::__normal_iterator<int *, std::vector<int>>>' has been explicitly marked deprecated here
    _GLIBCXX14_DEPRECATED_SUGGEST("std::shuffle")
    ^
/usr/bin/../lib/gcc/x86_64-linux-gnu/12/../../../../include/x86_64-linux-gnu/c++/12/bits/c++config.h:112:45: note: expanded from macro '_GLIBCXX14_DEPRECATED_SUGGEST'
# define _GLIBCXX14_DEPRECATED_SUGGEST(ALT) _GLIBCXX_DEPRECATED_SUGGEST(ALT)
                                            ^
/usr/bin/../lib/gcc/x86_64-linux-gnu/12/../../../../include/x86_64-linux-gnu/c++/12/bits/c++config.h:96:19: note: expanded from macro '_GLIBCXX_DEPRECATED_SUGGEST'
  __attribute__ ((__deprecated__ ("use '" ALT "' instead")))
                  ^
1 warning generated.
flexe/application/FedSETRANDOMRSU11p.cc
flexe/application/FedSETRANDOMRSU11p.cc:222:18: warning: 'random_shuffle<__gnu_cxx::__normal_iterator<int *, std::vector<int>>>' is deprecated: use 'std::shuffle' instead [-Wdeprecated-declarations]
            std::random_shuffle(std::begin(connectedClientsVector), std::end(connectedClientsVector));
                 ^
/usr/bin/../lib/gcc/x86_64-linux-gnu/12/../../../../include/c++/12/bits/stl_algo.h:4539:5: note: 'random_shuffle<__gnu_cxx::__normal_iterator<int *, std::vector<int>>>' has been explicitly marked deprecated here
    _GLIBCXX14_DEPRECATED_SUGGEST("std::shuffle")
    ^
/usr/bin/../lib/gcc/x86_64-linux-gnu/12/../../../../include/x86_64-linux-gnu/c++/12/bits/c++config.h:112:45: note: expanded from macro '_GLIBCXX14_DEPRECATED_SUGGEST'
# define _GLIBCXX14_DEPRECATED_SUGGEST(ALT) _GLIBCXX_DEPRECATED_SUGGEST(ALT)
                                            ^
/usr/bin/../lib/gcc/x86_64-linux-gnu/12/../../../../include/x86_64-linux-gnu/c++/12/bits/c++config.h:96:19: note: expanded from macro '_GLIBCXX_DEPRECATED_SUGGEST'
  __attribute__ ((__deprecated__ ("use '" ALT "' instead")))
                  ^
1 warning generated.
flexe/application/MLApp.cc
flexe/application/MLEntropyApp.cc
flexe/proto/flexe.grpc.pb.cc
flexe/proto/flexe.pb.cc
Creating shared library: ../out/clang-release/src/libflexe.so
echo /home/flexe/Flexe
/home/flexe/Flexe
/home/flexe/.conan/data/protobuf/3.17.1/_/_/package/53f76f058631e1c3a500008c75af3f37d7786131/bin/protoc --proto_path /home/flexe/Flexe /home/flexe/Flexe/flexe.proto --cpp_out /home/flexe/Flexe/src/flexe/proto/ 
/home/flexe/.conan/data/protobuf/3.17.1/_/_/package/53f76f058631e1c3a500008c75af3f37d7786131/bin/protoc --proto_path /home/flexe/Flexe --grpc_out=/home/flexe/Flexe/src/flexe/proto/ --plugin=protoc-gen-grpc=/home/flexe/.conan/data/grpc/1.38.1/_/_/package/44ecaec4536223f790dd5e0a72b2d16b1dfaa76c/bin/grpc_cpp_plugin /home/flexe/Flexe/flexe.proto
make[1]: Leaving directory '/home/flexe/Flexe/src'
12:50:35 **** Incremental Build of configuration gcc-release for project veins ****
make MODE=release -j8 all 
make[1]: Entering directory '/home/flexe/veins-veins-5.2/src'
make[1]: Nothing to be done for 'all'.
make[1]: Leaving directory '/home/flexe/veins-veins-5.2/src'
12:50:36 **** Incremental Build of configuration release for project flexe ****
make MODE=release all 
cd src && make
make[1]: Entering directory '/home/flexe/Flexe/src'
flexe/application/FedLimRSU11p.cc
flexe/application/FedLimRSU11p.cc:276:18: warning: 'random_shuffle<__gnu_cxx::__normal_iterator<int *, std::vector<int>>>' is deprecated: use 'std::shuffle' instead [-Wdeprecated-declarations]
            std::random_shuffle(std::begin(connectedClientsVector), std::end(connectedClientsVector));
                 ^
/usr/bin/../lib/gcc/x86_64-linux-gnu/12/../../../../include/c++/12/bits/stl_algo.h:4539:5: note: 'random_shuffle<__gnu_cxx::__normal_iterator<int *, std::vector<int>>>' has been explicitly marked deprecated here
    _GLIBCXX14_DEPRECATED_SUGGEST("std::shuffle")
    ^
/usr/bin/../lib/gcc/x86_64-linux-gnu/12/../../../../include/x86_64-linux-gnu/c++/12/bits/c++config.h:112:45: note: expanded from macro '_GLIBCXX14_DEPRECATED_SUGGEST'
# define _GLIBCXX14_DEPRECATED_SUGGEST(ALT) _GLIBCXX_DEPRECATED_SUGGEST(ALT)
                                            ^
/usr/bin/../lib/gcc/x86_64-linux-gnu/12/../../../../include/x86_64-linux-gnu/c++/12/bits/c++config.h:96:19: note: expanded from macro '_GLIBCXX_DEPRECATED_SUGGEST'
  __attribute__ ((__deprecated__ ("use '" ALT "' instead")))
                  ^
1 warning generated.
flexe/application/FedSETRANDOMRSU11p.cc
flexe/application/FedSETRANDOMRSU11p.cc:222:18: warning: 'random_shuffle<__gnu_cxx::__normal_iterator<int *, std::vector<int>>>' is deprecated: use 'std::shuffle' instead [-Wdeprecated-declarations]
            std::random_shuffle(std::begin(connectedClientsVector), std::end(connectedClientsVector));
                 ^
/usr/bin/../lib/gcc/x86_64-linux-gnu/12/../../../../include/c++/12/bits/stl_algo.h:4539:5: note: 'random_shuffle<__gnu_cxx::__normal_iterator<int *, std::vector<int>>>' has been explicitly marked deprecated here
    _GLIBCXX14_DEPRECATED_SUGGEST("std::shuffle")
    ^
/usr/bin/../lib/gcc/x86_64-linux-gnu/12/../../../../include/x86_64-linux-gnu/c++/12/bits/c++config.h:112:45: note: expanded from macro '_GLIBCXX14_DEPRECATED_SUGGEST'
# define _GLIBCXX14_DEPRECATED_SUGGEST(ALT) _GLIBCXX_DEPRECATED_SUGGEST(ALT)
                                            ^
/usr/bin/../lib/gcc/x86_64-linux-gnu/12/../../../../include/x86_64-linux-gnu/c++/12/bits/c++config.h:96:19: note: expanded from macro '_GLIBCXX_DEPRECATED_SUGGEST'
  __attribute__ ((__deprecated__ ("use '" ALT "' instead")))
                  ^
1 warning generated.
flexe/application/MLApp.cc
flexe/application/MLEntropyApp.cc
flexe/proto/flexe.grpc.pb.cc
flexe/proto/flexe.pb.cc
Creating shared library: ../out/clang-release/src/libflexe.so
echo /home/flexe/Flexe
/home/flexe/Flexe
/home/flexe/.conan/data/protobuf/3.17.1/_/_/package/53f76f058631e1c3a500008c75af3f37d7786131/bin/protoc --proto_path /home/flexe/Flexe /home/flexe/Flexe/flexe.proto --cpp_out /home/flexe/Flexe/src/flexe/proto/ 
/home/flexe/.conan/data/protobuf/3.17.1/_/_/package/53f76f058631e1c3a500008c75af3f37d7786131/bin/protoc --proto_path /home/flexe/Flexe --grpc_out=/home/flexe/Flexe/src/flexe/proto/ --plugin=protoc-gen-grpc=/home/flexe/.conan/data/grpc/1.38.1/_/_/package/44ecaec4536223f790dd5e0a72b2d16b1dfaa76c/bin/grpc_cpp_plugin /home/flexe/Flexe/flexe.proto
make[1]: Leaving directory '/home/flexe/Flexe/src'
12:52:29 **** Incremental Build of configuration gcc-release for project veins ****
make MODE=release -j8 all 
make[1]: Entering directory '/home/flexe/veins-veins-5.2/src'
make[1]: Nothing to be done for 'all'.
make[1]: Leaving directory '/home/flexe/veins-veins-5.2/src'
12:52:29 **** Incremental Build of configuration release for project flexe ****
make MODE=release all 
cd src && make
make[1]: Entering directory '/home/flexe/Flexe/src'
flexe/application/FedLimRSU11p.cc
flexe/application/FedLimRSU11p.cc:276:18: warning: 'random_shuffle<__gnu_cxx::__normal_iterator<int *, std::vector<int>>>' is deprecated: use 'std::shuffle' instead [-Wdeprecated-declarations]
            std::random_shuffle(std::begin(connectedClientsVector), std::end(connectedClientsVector));
                 ^
/usr/bin/../lib/gcc/x86_64-linux-gnu/12/../../../../include/c++/12/bits/stl_algo.h:4539:5: note: 'random_shuffle<__gnu_cxx::__normal_iterator<int *, std::vector<int>>>' has been explicitly marked deprecated here
    _GLIBCXX14_DEPRECATED_SUGGEST("std::shuffle")
    ^
/usr/bin/../lib/gcc/x86_64-linux-gnu/12/../../../../include/x86_64-linux-gnu/c++/12/bits/c++config.h:112:45: note: expanded from macro '_GLIBCXX14_DEPRECATED_SUGGEST'
# define _GLIBCXX14_DEPRECATED_SUGGEST(ALT) _GLIBCXX_DEPRECATED_SUGGEST(ALT)
                                            ^
/usr/bin/../lib/gcc/x86_64-linux-gnu/12/../../../../include/x86_64-linux-gnu/c++/12/bits/c++config.h:96:19: note: expanded from macro '_GLIBCXX_DEPRECATED_SUGGEST'
  __attribute__ ((__deprecated__ ("use '" ALT "' instead")))
                  ^
1 warning generated.
flexe/application/FedSETRANDOMRSU11p.cc
flexe/application/FedSETRANDOMRSU11p.cc:222:18: warning: 'random_shuffle<__gnu_cxx::__normal_iterator<int *, std::vector<int>>>' is deprecated: use 'std::shuffle' instead [-Wdeprecated-declarations]
            std::random_shuffle(std::begin(connectedClientsVector), std::end(connectedClientsVector));
                 ^
/usr/bin/../lib/gcc/x86_64-linux-gnu/12/../../../../include/c++/12/bits/stl_algo.h:4539:5: note: 'random_shuffle<__gnu_cxx::__normal_iterator<int *, std::vector<int>>>' has been explicitly marked deprecated here
    _GLIBCXX14_DEPRECATED_SUGGEST("std::shuffle")
    ^
/usr/bin/../lib/gcc/x86_64-linux-gnu/12/../../../../include/x86_64-linux-gnu/c++/12/bits/c++config.h:112:45: note: expanded from macro '_GLIBCXX14_DEPRECATED_SUGGEST'
# define _GLIBCXX14_DEPRECATED_SUGGEST(ALT) _GLIBCXX_DEPRECATED_SUGGEST(ALT)
                                            ^
/usr/bin/../lib/gcc/x86_64-linux-gnu/12/../../../../include/x86_64-linux-gnu/c++/12/bits/c++config.h:96:19: note: expanded from macro '_GLIBCXX_DEPRECATED_SUGGEST'
  __attribute__ ((__deprecated__ ("use '" ALT "' instead")))
                  ^
1 warning generated.
flexe/application/MLApp.cc
flexe/application/MLEntropyApp.cc
flexe/proto/flexe.grpc.pb.cc
flexe/proto/flexe.pb.cc
Creating shared library: ../out/clang-release/src/libflexe.so
echo /home/flexe/Flexe
/home/flexe/Flexe
/home/flexe/.conan/data/protobuf/3.17.1/_/_/package/53f76f058631e1c3a500008c75af3f37d7786131/bin/protoc --proto_path /home/flexe/Flexe /home/flexe/Flexe/flexe.proto --cpp_out /home/flexe/Flexe/src/flexe/proto/ 
/home/flexe/.conan/data/protobuf/3.17.1/_/_/package/53f76f058631e1c3a500008c75af3f37d7786131/bin/protoc --proto_path /home/flexe/Flexe --grpc_out=/home/flexe/Flexe/src/flexe/proto/ --plugin=protoc-gen-grpc=/home/flexe/.conan/data/grpc/1.38.1/_/_/package/44ecaec4536223f790dd5e0a72b2d16b1dfaa76c/bin/grpc_cpp_plugin /home/flexe/Flexe/flexe.proto
make[1]: Leaving directory '/home/flexe/Flexe/src'
12:52:59 **** Incremental Build of configuration gcc-release for project veins ****
make MODE=release -j8 all 
make[1]: Entering directory '/home/flexe/veins-veins-5.2/src'
make[1]: Nothing to be done for 'all'.
make[1]: Leaving directory '/home/flexe/veins-veins-5.2/src'
12:52:59 **** Incremental Build of configuration release for project flexe ****
make MODE=release all 
cd src && make
make[1]: Entering directory '/home/flexe/Flexe/src'
flexe/application/FedLimRSU11p.cc
flexe/application/FedLimRSU11p.cc:276:18: warning: 'random_shuffle<__gnu_cxx::__normal_iterator<int *, std::vector<int>>>' is deprecated: use 'std::shuffle' instead [-Wdeprecated-declarations]
            std::random_shuffle(std::begin(connectedClientsVector), std::end(connectedClientsVector));
                 ^
/usr/bin/../lib/gcc/x86_64-linux-gnu/12/../../../../include/c++/12/bits/stl_algo.h:4539:5: note: 'random_shuffle<__gnu_cxx::__normal_iterator<int *, std::vector<int>>>' has been explicitly marked deprecated here
    _GLIBCXX14_DEPRECATED_SUGGEST("std::shuffle")
    ^
/usr/bin/../lib/gcc/x86_64-linux-gnu/12/../../../../include/x86_64-linux-gnu/c++/12/bits/c++config.h:112:45: note: expanded from macro '_GLIBCXX14_DEPRECATED_SUGGEST'
# define _GLIBCXX14_DEPRECATED_SUGGEST(ALT) _GLIBCXX_DEPRECATED_SUGGEST(ALT)
                                            ^
/usr/bin/../lib/gcc/x86_64-linux-gnu/12/../../../../include/x86_64-linux-gnu/c++/12/bits/c++config.h:96:19: note: expanded from macro '_GLIBCXX_DEPRECATED_SUGGEST'
  __attribute__ ((__deprecated__ ("use '" ALT "' instead")))
                  ^
1 warning generated.
flexe/application/FedSETRANDOMRSU11p.cc
flexe/application/FedSETRANDOMRSU11p.cc:222:18: warning: 'random_shuffle<__gnu_cxx::__normal_iterator<int *, std::vector<int>>>' is deprecated: use 'std::shuffle' instead [-Wdeprecated-declarations]
            std::random_shuffle(std::begin(connectedClientsVector), std::end(connectedClientsVector));
                 ^
/usr/bin/../lib/gcc/x86_64-linux-gnu/12/../../../../include/c++/12/bits/stl_algo.h:4539:5: note: 'random_shuffle<__gnu_cxx::__normal_iterator<int *, std::vector<int>>>' has been explicitly marked deprecated here
    _GLIBCXX14_DEPRECATED_SUGGEST("std::shuffle")
    ^
/usr/bin/../lib/gcc/x86_64-linux-gnu/12/../../../../include/x86_64-linux-gnu/c++/12/bits/c++config.h:112:45: note: expanded from macro '_GLIBCXX14_DEPRECATED_SUGGEST'
# define _GLIBCXX14_DEPRECATED_SUGGEST(ALT) _GLIBCXX_DEPRECATED_SUGGEST(ALT)
                                            ^
/usr/bin/../lib/gcc/x86_64-linux-gnu/12/../../../../include/x86_64-linux-gnu/c++/12/bits/c++config.h:96:19: note: expanded from macro '_GLIBCXX_DEPRECATED_SUGGEST'
  __attribute__ ((__deprecated__ ("use '" ALT "' instead")))
                  ^
1 warning generated.
flexe/application/MLApp.cc
flexe/application/MLEntropyApp.cc
flexe/proto/flexe.grpc.pb.cc
flexe/proto/flexe.pb.cc
Creating shared library: ../out/clang-release/src/libflexe.so
echo /home/flexe/Flexe
/home/flexe/Flexe
/home/flexe/.conan/data/protobuf/3.17.1/_/_/package/53f76f058631e1c3a500008c75af3f37d7786131/bin/protoc --proto_path /home/flexe/Flexe /home/flexe/Flexe/flexe.proto --cpp_out /home/flexe/Flexe/src/flexe/proto/ 
/home/flexe/.conan/data/protobuf/3.17.1/_/_/package/53f76f058631e1c3a500008c75af3f37d7786131/bin/protoc --proto_path /home/flexe/Flexe --grpc_out=/home/flexe/Flexe/src/flexe/proto/ --plugin=protoc-gen-grpc=/home/flexe/.conan/data/grpc/1.38.1/_/_/package/44ecaec4536223f790dd5e0a72b2d16b1dfaa76c/bin/grpc_cpp_plugin /home/flexe/Flexe/flexe.proto
make[1]: Leaving directory '/home/flexe/Flexe/src'
12:54:13 **** Incremental Build of configuration gcc-release for project veins ****
make MODE=release -j8 all 
make[1]: Entering directory '/home/flexe/veins-veins-5.2/src'
make[1]: Nothing to be done for 'all'.
make[1]: Leaving directory '/home/flexe/veins-veins-5.2/src'
12:54:13 **** Incremental Build of configuration release for project flexe ****
make MODE=release all 
cd src && make
make[1]: Entering directory '/home/flexe/Flexe/src'
flexe/application/FedLimRSU11p.cc
flexe/application/FedLimRSU11p.cc:276:18: warning: 'random_shuffle<__gnu_cxx::__normal_iterator<int *, std::vector<int>>>' is deprecated: use 'std::shuffle' instead [-Wdeprecated-declarations]
            std::random_shuffle(std::begin(connectedClientsVector), std::end(connectedClientsVector));
                 ^
/usr/bin/../lib/gcc/x86_64-linux-gnu/12/../../../../include/c++/12/bits/stl_algo.h:4539:5: note: 'random_shuffle<__gnu_cxx::__normal_iterator<int *, std::vector<int>>>' has been explicitly marked deprecated here
    _GLIBCXX14_DEPRECATED_SUGGEST("std::shuffle")
    ^
/usr/bin/../lib/gcc/x86_64-linux-gnu/12/../../../../include/x86_64-linux-gnu/c++/12/bits/c++config.h:112:45: note: expanded from macro '_GLIBCXX14_DEPRECATED_SUGGEST'
# define _GLIBCXX14_DEPRECATED_SUGGEST(ALT) _GLIBCXX_DEPRECATED_SUGGEST(ALT)
                                            ^
/usr/bin/../lib/gcc/x86_64-linux-gnu/12/../../../../include/x86_64-linux-gnu/c++/12/bits/c++config.h:96:19: note: expanded from macro '_GLIBCXX_DEPRECATED_SUGGEST'
  __attribute__ ((__deprecated__ ("use '" ALT "' instead")))
                  ^
1 warning generated.
flexe/application/FedSETRANDOMRSU11p.cc
flexe/application/FedSETRANDOMRSU11p.cc:222:18: warning: 'random_shuffle<__gnu_cxx::__normal_iterator<int *, std::vector<int>>>' is deprecated: use 'std::shuffle' instead [-Wdeprecated-declarations]
            std::random_shuffle(std::begin(connectedClientsVector), std::end(connectedClientsVector));
                 ^
/usr/bin/../lib/gcc/x86_64-linux-gnu/12/../../../../include/c++/12/bits/stl_algo.h:4539:5: note: 'random_shuffle<__gnu_cxx::__normal_iterator<int *, std::vector<int>>>' has been explicitly marked deprecated here
    _GLIBCXX14_DEPRECATED_SUGGEST("std::shuffle")
    ^
/usr/bin/../lib/gcc/x86_64-linux-gnu/12/../../../../include/x86_64-linux-gnu/c++/12/bits/c++config.h:112:45: note: expanded from macro '_GLIBCXX14_DEPRECATED_SUGGEST'
# define _GLIBCXX14_DEPRECATED_SUGGEST(ALT) _GLIBCXX_DEPRECATED_SUGGEST(ALT)
                                            ^
/usr/bin/../lib/gcc/x86_64-linux-gnu/12/../../../../include/x86_64-linux-gnu/c++/12/bits/c++config.h:96:19: note: expanded from macro '_GLIBCXX_DEPRECATED_SUGGEST'
  __attribute__ ((__deprecated__ ("use '" ALT "' instead")))
                  ^
1 warning generated.
flexe/application/MLApp.cc
flexe/application/MLEntropyApp.cc
flexe/proto/flexe.grpc.pb.cc
flexe/proto/flexe.pb.cc
Creating shared library: ../out/clang-release/src/libflexe.so
echo /home/flexe/Flexe
/home/flexe/Flexe
/home/flexe/.conan/data/protobuf/3.17.1/_/_/package/53f76f058631e1c3a500008c75af3f37d7786131/bin/protoc --proto_path /home/flexe/Flexe /home/flexe/Flexe/flexe.proto --cpp_out /home/flexe/Flexe/src/flexe/proto/ 
/home/flexe/.conan/data/protobuf/3.17.1/_/_/package/53f76f058631e1c3a500008c75af3f37d7786131/bin/protoc --proto_path /home/flexe/Flexe --grpc_out=/home/flexe/Flexe/src/flexe/proto/ --plugin=protoc-gen-grpc=/home/flexe/.conan/data/grpc/1.38.1/_/_/package/44ecaec4536223f790dd5e0a72b2d16b1dfaa76c/bin/grpc_cpp_plugin /home/flexe/Flexe/flexe.proto
make[1]: Leaving directory '/home/flexe/Flexe/src'
14:12:43 **** Incremental Build of configuration gcc-release for project veins ****
make MODE=release -j8 all 
make[1]: Entering directory '/home/flexe/veins-veins-5.2/src'
make[1]: Nothing to be done for 'all'.
make[1]: Leaving directory '/home/flexe/veins-veins-5.2/src'
14:12:44 **** Incremental Build of configuration release for project flexe ****
make MODE=release all 
cd src && make
make[1]: Entering directory '/home/flexe/Flexe/src'
flexe/application/FedLimRSU11p.cc
flexe/application/FedLimRSU11p.cc:283:18: warning: 'random_shuffle<__gnu_cxx::__normal_iterator<int *, std::vector<int>>>' is deprecated: use 'std::shuffle' instead [-Wdeprecated-declarations]
            std::random_shuffle(std::begin(connectedClientsVector), std::end(connectedClientsVector));
                 ^
/usr/bin/../lib/gcc/x86_64-linux-gnu/12/../../../../include/c++/12/bits/stl_algo.h:4539:5: note: 'random_shuffle<__gnu_cxx::__normal_iterator<int *, std::vector<int>>>' has been explicitly marked deprecated here
    _GLIBCXX14_DEPRECATED_SUGGEST("std::shuffle")
    ^
/usr/bin/../lib/gcc/x86_64-linux-gnu/12/../../../../include/x86_64-linux-gnu/c++/12/bits/c++config.h:112:45: note: expanded from macro '_GLIBCXX14_DEPRECATED_SUGGEST'
# define _GLIBCXX14_DEPRECATED_SUGGEST(ALT) _GLIBCXX_DEPRECATED_SUGGEST(ALT)
                                            ^
/usr/bin/../lib/gcc/x86_64-linux-gnu/12/../../../../include/x86_64-linux-gnu/c++/12/bits/c++config.h:96:19: note: expanded from macro '_GLIBCXX_DEPRECATED_SUGGEST'
  __attribute__ ((__deprecated__ ("use '" ALT "' instead")))
                  ^
1 warning generated.
flexe/application/FedSETRANDOMRSU11p.cc
flexe/application/FedSETRANDOMRSU11p.cc:222:18: warning: 'random_shuffle<__gnu_cxx::__normal_iterator<int *, std::vector<int>>>' is deprecated: use 'std::shuffle' instead [-Wdeprecated-declarations]
            std::random_shuffle(std::begin(connectedClientsVector), std::end(connectedClientsVector));
                 ^
/usr/bin/../lib/gcc/x86_64-linux-gnu/12/../../../../include/c++/12/bits/stl_algo.h:4539:5: note: 'random_shuffle<__gnu_cxx::__normal_iterator<int *, std::vector<int>>>' has been explicitly marked deprecated here
    _GLIBCXX14_DEPRECATED_SUGGEST("std::shuffle")
    ^
/usr/bin/../lib/gcc/x86_64-linux-gnu/12/../../../../include/x86_64-linux-gnu/c++/12/bits/c++config.h:112:45: note: expanded from macro '_GLIBCXX14_DEPRECATED_SUGGEST'
# define _GLIBCXX14_DEPRECATED_SUGGEST(ALT) _GLIBCXX_DEPRECATED_SUGGEST(ALT)
                                            ^
/usr/bin/../lib/gcc/x86_64-linux-gnu/12/../../../../include/x86_64-linux-gnu/c++/12/bits/c++config.h:96:19: note: expanded from macro '_GLIBCXX_DEPRECATED_SUGGEST'
  __attribute__ ((__deprecated__ ("use '" ALT "' instead")))
                  ^
1 warning generated.
flexe/application/MLApp.cc
flexe/application/MLEntropyApp.cc
flexe/proto/flexe.grpc.pb.cc
flexe/proto/flexe.pb.cc
Creating shared library: ../out/clang-release/src/libflexe.so
echo /home/flexe/Flexe
/home/flexe/Flexe
/home/flexe/.conan/data/protobuf/3.17.1/_/_/package/53f76f058631e1c3a500008c75af3f37d7786131/bin/protoc --proto_path /home/flexe/Flexe /home/flexe/Flexe/flexe.proto --cpp_out /home/flexe/Flexe/src/flexe/proto/ 
/home/flexe/.conan/data/protobuf/3.17.1/_/_/package/53f76f058631e1c3a500008c75af3f37d7786131/bin/protoc --proto_path /home/flexe/Flexe --grpc_out=/home/flexe/Flexe/src/flexe/proto/ --plugin=protoc-gen-grpc=/home/flexe/.conan/data/grpc/1.38.1/_/_/package/44ecaec4536223f790dd5e0a72b2d16b1dfaa76c/bin/grpc_cpp_plugin /home/flexe/Flexe/flexe.proto
make[1]: Leaving directory '/home/flexe/Flexe/src'
14:13:30 **** Incremental Build of configuration gcc-release for project veins ****
make MODE=release -j8 all 
make[1]: Entering directory '/home/flexe/veins-veins-5.2/src'
make[1]: Nothing to be done for 'all'.
make[1]: Leaving directory '/home/flexe/veins-veins-5.2/src'
14:13:30 **** Incremental Build of configuration release for project flexe ****
make MODE=release all 
cd src && make
make[1]: Entering directory '/home/flexe/Flexe/src'
flexe/application/FedLimRSU11p.cc
flexe/application/FedLimRSU11p.cc:294:18: warning: 'random_shuffle<__gnu_cxx::__normal_iterator<int *, std::vector<int>>>' is deprecated: use 'std::shuffle' instead [-Wdeprecated-declarations]
            std::random_shuffle(std::begin(connectedClientsVector), std::end(connectedClientsVector));
                 ^
/usr/bin/../lib/gcc/x86_64-linux-gnu/12/../../../../include/c++/12/bits/stl_algo.h:4539:5: note: 'random_shuffle<__gnu_cxx::__normal_iterator<int *, std::vector<int>>>' has been explicitly marked deprecated here
    _GLIBCXX14_DEPRECATED_SUGGEST("std::shuffle")
    ^
/usr/bin/../lib/gcc/x86_64-linux-gnu/12/../../../../include/x86_64-linux-gnu/c++/12/bits/c++config.h:112:45: note: expanded from macro '_GLIBCXX14_DEPRECATED_SUGGEST'
# define _GLIBCXX14_DEPRECATED_SUGGEST(ALT) _GLIBCXX_DEPRECATED_SUGGEST(ALT)
                                            ^
/usr/bin/../lib/gcc/x86_64-linux-gnu/12/../../../../include/x86_64-linux-gnu/c++/12/bits/c++config.h:96:19: note: expanded from macro '_GLIBCXX_DEPRECATED_SUGGEST'
  __attribute__ ((__deprecated__ ("use '" ALT "' instead")))
                  ^
flexe/application/FedLimRSU11p.cc:360:103: error: function definition is not allowed here
void FedLimRSU11p::logCommunication(std::string node, long msgId, double timestamp, std::string type) {
                                                                                                      ^
flexe/application/FedLimRSU11p.cc:374:1: error: function definition is not allowed here
{
^
flexe/application/FedLimRSU11p.cc:385:1: error: expected '}'
^
flexe/application/FedLimRSU11p.cc:164:48: note: to match this '{'
void FedLimRSU11p::handleSelfMsg(cMessage* msg){
                                               ^
1 warning and 3 errors generated.
make[1]: *** [Makefile:128: ../out/clang-release/src/flexe/application/FedLimRSU11p.o] Error 1
make[1]: Leaving directory '/home/flexe/Flexe/src'
make: *** [Makefile:2: all] Error 2
"make MODE=release all" terminated with exit code 2. Build might be incomplete.
14:16:40 **** Incremental Build of configuration gcc-release for project veins ****
make MODE=release -j8 all 
make[1]: Entering directory '/home/flexe/veins-veins-5.2/src'
make[1]: Nothing to be done for 'all'.
make[1]: Leaving directory '/home/flexe/veins-veins-5.2/src'
14:16:41 **** Incremental Build of configuration release for project flexe ****
make MODE=release all 
cd src && make
make[1]: Entering directory '/home/flexe/Flexe/src'
flexe/application/FedLimRSU11p.cc
flexe/application/FedLimRSU11p.cc:304:18: warning: 'random_shuffle<__gnu_cxx::__normal_iterator<int *, std::vector<int>>>' is deprecated: use 'std::shuffle' instead [-Wdeprecated-declarations]
            std::random_shuffle(std::begin(connectedClientsVector), std::end(connectedClientsVector));
                 ^
/usr/bin/../lib/gcc/x86_64-linux-gnu/12/../../../../include/c++/12/bits/stl_algo.h:4539:5: note: 'random_shuffle<__gnu_cxx::__normal_iterator<int *, std::vector<int>>>' has been explicitly marked deprecated here
    _GLIBCXX14_DEPRECATED_SUGGEST("std::shuffle")
    ^
/usr/bin/../lib/gcc/x86_64-linux-gnu/12/../../../../include/x86_64-linux-gnu/c++/12/bits/c++config.h:112:45: note: expanded from macro '_GLIBCXX14_DEPRECATED_SUGGEST'
# define _GLIBCXX14_DEPRECATED_SUGGEST(ALT) _GLIBCXX_DEPRECATED_SUGGEST(ALT)
                                            ^
/usr/bin/../lib/gcc/x86_64-linux-gnu/12/../../../../include/x86_64-linux-gnu/c++/12/bits/c++config.h:96:19: note: expanded from macro '_GLIBCXX_DEPRECATED_SUGGEST'
  __attribute__ ((__deprecated__ ("use '" ALT "' instead")))
                  ^
1 warning generated.
flexe/application/FedSETRANDOMRSU11p.cc
flexe/application/FedSETRANDOMRSU11p.cc:222:18: warning: 'random_shuffle<__gnu_cxx::__normal_iterator<int *, std::vector<int>>>' is deprecated: use 'std::shuffle' instead [-Wdeprecated-declarations]
            std::random_shuffle(std::begin(connectedClientsVector), std::end(connectedClientsVector));
                 ^
/usr/bin/../lib/gcc/x86_64-linux-gnu/12/../../../../include/c++/12/bits/stl_algo.h:4539:5: note: 'random_shuffle<__gnu_cxx::__normal_iterator<int *, std::vector<int>>>' has been explicitly marked deprecated here
    _GLIBCXX14_DEPRECATED_SUGGEST("std::shuffle")
    ^
/usr/bin/../lib/gcc/x86_64-linux-gnu/12/../../../../include/x86_64-linux-gnu/c++/12/bits/c++config.h:112:45: note: expanded from macro '_GLIBCXX14_DEPRECATED_SUGGEST'
# define _GLIBCXX14_DEPRECATED_SUGGEST(ALT) _GLIBCXX_DEPRECATED_SUGGEST(ALT)
                                            ^
/usr/bin/../lib/gcc/x86_64-linux-gnu/12/../../../../include/x86_64-linux-gnu/c++/12/bits/c++config.h:96:19: note: expanded from macro '_GLIBCXX_DEPRECATED_SUGGEST'
  __attribute__ ((__deprecated__ ("use '" ALT "' instead")))
                  ^
1 warning generated.
flexe/application/MLApp.cc
flexe/application/MLEntropyApp.cc
flexe/proto/flexe.grpc.pb.cc
flexe/proto/flexe.pb.cc
Creating shared library: ../out/clang-release/src/libflexe.so
echo /home/flexe/Flexe
/home/flexe/Flexe
/home/flexe/.conan/data/protobuf/3.17.1/_/_/package/53f76f058631e1c3a500008c75af3f37d7786131/bin/protoc --proto_path /home/flexe/Flexe /home/flexe/Flexe/flexe.proto --cpp_out /home/flexe/Flexe/src/flexe/proto/ 
/home/flexe/.conan/data/protobuf/3.17.1/_/_/package/53f76f058631e1c3a500008c75af3f37d7786131/bin/protoc --proto_path /home/flexe/Flexe --grpc_out=/home/flexe/Flexe/src/flexe/proto/ --plugin=protoc-gen-grpc=/home/flexe/.conan/data/grpc/1.38.1/_/_/package/44ecaec4536223f790dd5e0a72b2d16b1dfaa76c/bin/grpc_cpp_plugin /home/flexe/Flexe/flexe.proto
make[1]: Leaving directory '/home/flexe/Flexe/src'
14:43:51 **** Incremental Build of configuration gcc-release for project veins ****
make MODE=release -j8 all 
make[1]: Entering directory '/home/flexe/veins-veins-5.2/src'
make[1]: Nothing to be done for 'all'.
make[1]: Leaving directory '/home/flexe/veins-veins-5.2/src'
14:43:51 **** Incremental Build of configuration release for project flexe ****
make MODE=release all 
cd src && make
make[1]: Entering directory '/home/flexe/Flexe/src'
flexe/application/FedLimRSU11p.cc
flexe/application/FedLimRSU11p.cc:304:18: warning: 'random_shuffle<__gnu_cxx::__normal_iterator<int *, std::vector<int>>>' is deprecated: use 'std::shuffle' instead [-Wdeprecated-declarations]
            std::random_shuffle(std::begin(connectedClientsVector), std::end(connectedClientsVector));
                 ^
/usr/bin/../lib/gcc/x86_64-linux-gnu/12/../../../../include/c++/12/bits/stl_algo.h:4539:5: note: 'random_shuffle<__gnu_cxx::__normal_iterator<int *, std::vector<int>>>' has been explicitly marked deprecated here
    _GLIBCXX14_DEPRECATED_SUGGEST("std::shuffle")
    ^
/usr/bin/../lib/gcc/x86_64-linux-gnu/12/../../../../include/x86_64-linux-gnu/c++/12/bits/c++config.h:112:45: note: expanded from macro '_GLIBCXX14_DEPRECATED_SUGGEST'
# define _GLIBCXX14_DEPRECATED_SUGGEST(ALT) _GLIBCXX_DEPRECATED_SUGGEST(ALT)
                                            ^
/usr/bin/../lib/gcc/x86_64-linux-gnu/12/../../../../include/x86_64-linux-gnu/c++/12/bits/c++config.h:96:19: note: expanded from macro '_GLIBCXX_DEPRECATED_SUGGEST'
  __attribute__ ((__deprecated__ ("use '" ALT "' instead")))
                  ^
1 warning generated.
flexe/application/FedSETRANDOMRSU11p.cc
flexe/application/FedSETRANDOMRSU11p.cc:222:18: warning: 'random_shuffle<__gnu_cxx::__normal_iterator<int *, std::vector<int>>>' is deprecated: use 'std::shuffle' instead [-Wdeprecated-declarations]
            std::random_shuffle(std::begin(connectedClientsVector), std::end(connectedClientsVector));
                 ^
/usr/bin/../lib/gcc/x86_64-linux-gnu/12/../../../../include/c++/12/bits/stl_algo.h:4539:5: note: 'random_shuffle<__gnu_cxx::__normal_iterator<int *, std::vector<int>>>' has been explicitly marked deprecated here
    _GLIBCXX14_DEPRECATED_SUGGEST("std::shuffle")
    ^
/usr/bin/../lib/gcc/x86_64-linux-gnu/12/../../../../include/x86_64-linux-gnu/c++/12/bits/c++config.h:112:45: note: expanded from macro '_GLIBCXX14_DEPRECATED_SUGGEST'
# define _GLIBCXX14_DEPRECATED_SUGGEST(ALT) _GLIBCXX_DEPRECATED_SUGGEST(ALT)
                                            ^
/usr/bin/../lib/gcc/x86_64-linux-gnu/12/../../../../include/x86_64-linux-gnu/c++/12/bits/c++config.h:96:19: note: expanded from macro '_GLIBCXX_DEPRECATED_SUGGEST'
  __attribute__ ((__deprecated__ ("use '" ALT "' instead")))
                  ^
1 warning generated.
flexe/application/MLApp.cc
flexe/application/MLEntropyApp.cc
flexe/proto/flexe.grpc.pb.cc
flexe/proto/flexe.pb.cc
Creating shared library: ../out/clang-release/src/libflexe.so
echo /home/flexe/Flexe
/home/flexe/Flexe
/home/flexe/.conan/data/protobuf/3.17.1/_/_/package/53f76f058631e1c3a500008c75af3f37d7786131/bin/protoc --proto_path /home/flexe/Flexe /home/flexe/Flexe/flexe.proto --cpp_out /home/flexe/Flexe/src/flexe/proto/ 
/home/flexe/.conan/data/protobuf/3.17.1/_/_/package/53f76f058631e1c3a500008c75af3f37d7786131/bin/protoc --proto_path /home/flexe/Flexe --grpc_out=/home/flexe/Flexe/src/flexe/proto/ --plugin=protoc-gen-grpc=/home/flexe/.conan/data/grpc/1.38.1/_/_/package/44ecaec4536223f790dd5e0a72b2d16b1dfaa76c/bin/grpc_cpp_plugin /home/flexe/Flexe/flexe.proto
make[1]: Leaving directory '/home/flexe/Flexe/src'
14:44:17 **** Incremental Build of configuration gcc-release for project veins ****
make MODE=release -j8 all 
make[1]: Entering directory '/home/flexe/veins-veins-5.2/src'
make[1]: Nothing to be done for 'all'.
make[1]: Leaving directory '/home/flexe/veins-veins-5.2/src'
14:44:17 **** Incremental Build of configuration release for project flexe ****
make MODE=release all 
cd src && make
make[1]: Entering directory '/home/flexe/Flexe/src'
flexe/application/FedLimRSU11p.cc
flexe/application/FedLimRSU11p.cc:304:18: warning: 'random_shuffle<__gnu_cxx::__normal_iterator<int *, std::vector<int>>>' is deprecated: use 'std::shuffle' instead [-Wdeprecated-declarations]
            std::random_shuffle(std::begin(connectedClientsVector), std::end(connectedClientsVector));
                 ^
/usr/bin/../lib/gcc/x86_64-linux-gnu/12/../../../../include/c++/12/bits/stl_algo.h:4539:5: note: 'random_shuffle<__gnu_cxx::__normal_iterator<int *, std::vector<int>>>' has been explicitly marked deprecated here
    _GLIBCXX14_DEPRECATED_SUGGEST("std::shuffle")
    ^
/usr/bin/../lib/gcc/x86_64-linux-gnu/12/../../../../include/x86_64-linux-gnu/c++/12/bits/c++config.h:112:45: note: expanded from macro '_GLIBCXX14_DEPRECATED_SUGGEST'
# define _GLIBCXX14_DEPRECATED_SUGGEST(ALT) _GLIBCXX_DEPRECATED_SUGGEST(ALT)
                                            ^
/usr/bin/../lib/gcc/x86_64-linux-gnu/12/../../../../include/x86_64-linux-gnu/c++/12/bits/c++config.h:96:19: note: expanded from macro '_GLIBCXX_DEPRECATED_SUGGEST'
  __attribute__ ((__deprecated__ ("use '" ALT "' instead")))
                  ^
1 warning generated.
flexe/application/FedSETRANDOMRSU11p.cc
flexe/application/FedSETRANDOMRSU11p.cc:222:18: warning: 'random_shuffle<__gnu_cxx::__normal_iterator<int *, std::vector<int>>>' is deprecated: use 'std::shuffle' instead [-Wdeprecated-declarations]
            std::random_shuffle(std::begin(connectedClientsVector), std::end(connectedClientsVector));
                 ^
/usr/bin/../lib/gcc/x86_64-linux-gnu/12/../../../../include/c++/12/bits/stl_algo.h:4539:5: note: 'random_shuffle<__gnu_cxx::__normal_iterator<int *, std::vector<int>>>' has been explicitly marked deprecated here
    _GLIBCXX14_DEPRECATED_SUGGEST("std::shuffle")
    ^
/usr/bin/../lib/gcc/x86_64-linux-gnu/12/../../../../include/x86_64-linux-gnu/c++/12/bits/c++config.h:112:45: note: expanded from macro '_GLIBCXX14_DEPRECATED_SUGGEST'
# define _GLIBCXX14_DEPRECATED_SUGGEST(ALT) _GLIBCXX_DEPRECATED_SUGGEST(ALT)
                                            ^
/usr/bin/../lib/gcc/x86_64-linux-gnu/12/../../../../include/x86_64-linux-gnu/c++/12/bits/c++config.h:96:19: note: expanded from macro '_GLIBCXX_DEPRECATED_SUGGEST'
  __attribute__ ((__deprecated__ ("use '" ALT "' instead")))
                  ^
1 warning generated.
flexe/application/MLApp.cc
flexe/application/MLEntropyApp.cc
flexe/proto/flexe.grpc.pb.cc
flexe/proto/flexe.pb.cc
Creating shared library: ../out/clang-release/src/libflexe.so
echo /home/flexe/Flexe
/home/flexe/Flexe
/home/flexe/.conan/data/protobuf/3.17.1/_/_/package/53f76f058631e1c3a500008c75af3f37d7786131/bin/protoc --proto_path /home/flexe/Flexe /home/flexe/Flexe/flexe.proto --cpp_out /home/flexe/Flexe/src/flexe/proto/ 
/home/flexe/.conan/data/protobuf/3.17.1/_/_/package/53f76f058631e1c3a500008c75af3f37d7786131/bin/protoc --proto_path /home/flexe/Flexe --grpc_out=/home/flexe/Flexe/src/flexe/proto/ --plugin=protoc-gen-grpc=/home/flexe/.conan/data/grpc/1.38.1/_/_/package/44ecaec4536223f790dd5e0a72b2d16b1dfaa76c/bin/grpc_cpp_plugin /home/flexe/Flexe/flexe.proto
make[1]: Leaving directory '/home/flexe/Flexe/src'
14:44:43 **** Incremental Build of configuration gcc-release for project veins ****
make MODE=release -j8 all 
make[1]: Entering directory '/home/flexe/veins-veins-5.2/src'
make[1]: Nothing to be done for 'all'.
make[1]: Leaving directory '/home/flexe/veins-veins-5.2/src'
14:44:43 **** Incremental Build of configuration release for project flexe ****
make MODE=release all 
cd src && make
make[1]: Entering directory '/home/flexe/Flexe/src'
flexe/application/FedLimRSU11p.cc
flexe/application/FedLimRSU11p.cc:304:18: warning: 'random_shuffle<__gnu_cxx::__normal_iterator<int *, std::vector<int>>>' is deprecated: use 'std::shuffle' instead [-Wdeprecated-declarations]
            std::random_shuffle(std::begin(connectedClientsVector), std::end(connectedClientsVector));
                 ^
/usr/bin/../lib/gcc/x86_64-linux-gnu/12/../../../../include/c++/12/bits/stl_algo.h:4539:5: note: 'random_shuffle<__gnu_cxx::__normal_iterator<int *, std::vector<int>>>' has been explicitly marked deprecated here
    _GLIBCXX14_DEPRECATED_SUGGEST("std::shuffle")
    ^
/usr/bin/../lib/gcc/x86_64-linux-gnu/12/../../../../include/x86_64-linux-gnu/c++/12/bits/c++config.h:112:45: note: expanded from macro '_GLIBCXX14_DEPRECATED_SUGGEST'
# define _GLIBCXX14_DEPRECATED_SUGGEST(ALT) _GLIBCXX_DEPRECATED_SUGGEST(ALT)
                                            ^
/usr/bin/../lib/gcc/x86_64-linux-gnu/12/../../../../include/x86_64-linux-gnu/c++/12/bits/c++config.h:96:19: note: expanded from macro '_GLIBCXX_DEPRECATED_SUGGEST'
  __attribute__ ((__deprecated__ ("use '" ALT "' instead")))
                  ^
1 warning generated.
flexe/application/FedSETRANDOMRSU11p.cc
flexe/application/FedSETRANDOMRSU11p.cc:222:18: warning: 'random_shuffle<__gnu_cxx::__normal_iterator<int *, std::vector<int>>>' is deprecated: use 'std::shuffle' instead [-Wdeprecated-declarations]
            std::random_shuffle(std::begin(connectedClientsVector), std::end(connectedClientsVector));
                 ^
/usr/bin/../lib/gcc/x86_64-linux-gnu/12/../../../../include/c++/12/bits/stl_algo.h:4539:5: note: 'random_shuffle<__gnu_cxx::__normal_iterator<int *, std::vector<int>>>' has been explicitly marked deprecated here
    _GLIBCXX14_DEPRECATED_SUGGEST("std::shuffle")
    ^
/usr/bin/../lib/gcc/x86_64-linux-gnu/12/../../../../include/x86_64-linux-gnu/c++/12/bits/c++config.h:112:45: note: expanded from macro '_GLIBCXX14_DEPRECATED_SUGGEST'
# define _GLIBCXX14_DEPRECATED_SUGGEST(ALT) _GLIBCXX_DEPRECATED_SUGGEST(ALT)
                                            ^
/usr/bin/../lib/gcc/x86_64-linux-gnu/12/../../../../include/x86_64-linux-gnu/c++/12/bits/c++config.h:96:19: note: expanded from macro '_GLIBCXX_DEPRECATED_SUGGEST'
  __attribute__ ((__deprecated__ ("use '" ALT "' instead")))
                  ^
1 warning generated.
flexe/application/MLApp.cc
flexe/application/MLEntropyApp.cc
flexe/proto/flexe.grpc.pb.cc
flexe/proto/flexe.pb.cc
Creating shared library: ../out/clang-release/src/libflexe.so
echo /home/flexe/Flexe
/home/flexe/Flexe
/home/flexe/.conan/data/protobuf/3.17.1/_/_/package/53f76f058631e1c3a500008c75af3f37d7786131/bin/protoc --proto_path /home/flexe/Flexe /home/flexe/Flexe/flexe.proto --cpp_out /home/flexe/Flexe/src/flexe/proto/ 
/home/flexe/.conan/data/protobuf/3.17.1/_/_/package/53f76f058631e1c3a500008c75af3f37d7786131/bin/protoc --proto_path /home/flexe/Flexe --grpc_out=/home/flexe/Flexe/src/flexe/proto/ --plugin=protoc-gen-grpc=/home/flexe/.conan/data/grpc/1.38.1/_/_/package/44ecaec4536223f790dd5e0a72b2d16b1dfaa76c/bin/grpc_cpp_plugin /home/flexe/Flexe/flexe.proto
make[1]: Leaving directory '/home/flexe/Flexe/src'
16:13:31 **** Incremental Build of configuration gcc-release for project veins ****
make MODE=release -j8 all 
make[1]: Entering directory '/home/flexe/veins-veins-5.2/src'
make[1]: Nothing to be done for 'all'.
make[1]: Leaving directory '/home/flexe/veins-veins-5.2/src'
16:13:32 **** Incremental Build of configuration release for project flexe ****
make MODE=release all 
cd src && make
make[1]: Entering directory '/home/flexe/Flexe/src'
flexe/application/FedLimRSU11p.cc
flexe/application/FedLimRSU11p.cc:304:18: warning: 'random_shuffle<__gnu_cxx::__normal_iterator<int *, std::vector<int>>>' is deprecated: use 'std::shuffle' instead [-Wdeprecated-declarations]
            std::random_shuffle(std::begin(connectedClientsVector), std::end(connectedClientsVector));
                 ^
/usr/bin/../lib/gcc/x86_64-linux-gnu/12/../../../../include/c++/12/bits/stl_algo.h:4539:5: note: 'random_shuffle<__gnu_cxx::__normal_iterator<int *, std::vector<int>>>' has been explicitly marked deprecated here
    _GLIBCXX14_DEPRECATED_SUGGEST("std::shuffle")
    ^
/usr/bin/../lib/gcc/x86_64-linux-gnu/12/../../../../include/x86_64-linux-gnu/c++/12/bits/c++config.h:112:45: note: expanded from macro '_GLIBCXX14_DEPRECATED_SUGGEST'
# define _GLIBCXX14_DEPRECATED_SUGGEST(ALT) _GLIBCXX_DEPRECATED_SUGGEST(ALT)
                                            ^
/usr/bin/../lib/gcc/x86_64-linux-gnu/12/../../../../include/x86_64-linux-gnu/c++/12/bits/c++config.h:96:19: note: expanded from macro '_GLIBCXX_DEPRECATED_SUGGEST'
  __attribute__ ((__deprecated__ ("use '" ALT "' instead")))
                  ^
1 warning generated.
flexe/application/FedSETRANDOMRSU11p.cc
flexe/application/FedSETRANDOMRSU11p.cc:222:18: warning: 'random_shuffle<__gnu_cxx::__normal_iterator<int *, std::vector<int>>>' is deprecated: use 'std::shuffle' instead [-Wdeprecated-declarations]
            std::random_shuffle(std::begin(connectedClientsVector), std::end(connectedClientsVector));
                 ^
/usr/bin/../lib/gcc/x86_64-linux-gnu/12/../../../../include/c++/12/bits/stl_algo.h:4539:5: note: 'random_shuffle<__gnu_cxx::__normal_iterator<int *, std::vector<int>>>' has been explicitly marked deprecated here
    _GLIBCXX14_DEPRECATED_SUGGEST("std::shuffle")
    ^
/usr/bin/../lib/gcc/x86_64-linux-gnu/12/../../../../include/x86_64-linux-gnu/c++/12/bits/c++config.h:112:45: note: expanded from macro '_GLIBCXX14_DEPRECATED_SUGGEST'
# define _GLIBCXX14_DEPRECATED_SUGGEST(ALT) _GLIBCXX_DEPRECATED_SUGGEST(ALT)
                                            ^
/usr/bin/../lib/gcc/x86_64-linux-gnu/12/../../../../include/x86_64-linux-gnu/c++/12/bits/c++config.h:96:19: note: expanded from macro '_GLIBCXX_DEPRECATED_SUGGEST'
  __attribute__ ((__deprecated__ ("use '" ALT "' instead")))
                  ^
1 warning generated.
flexe/application/MLApp.cc
flexe/application/MLEntropyApp.cc
flexe/proto/flexe.grpc.pb.cc
flexe/proto/flexe.pb.cc
Creating shared library: ../out/clang-release/src/libflexe.so
echo /home/flexe/Flexe
/home/flexe/Flexe
/home/flexe/.conan/data/protobuf/3.17.1/_/_/package/53f76f058631e1c3a500008c75af3f37d7786131/bin/protoc --proto_path /home/flexe/Flexe /home/flexe/Flexe/flexe.proto --cpp_out /home/flexe/Flexe/src/flexe/proto/ 
/home/flexe/.conan/data/protobuf/3.17.1/_/_/package/53f76f058631e1c3a500008c75af3f37d7786131/bin/protoc --proto_path /home/flexe/Flexe --grpc_out=/home/flexe/Flexe/src/flexe/proto/ --plugin=protoc-gen-grpc=/home/flexe/.conan/data/grpc/1.38.1/_/_/package/44ecaec4536223f790dd5e0a72b2d16b1dfaa76c/bin/grpc_cpp_plugin /home/flexe/Flexe/flexe.proto
make[1]: Leaving directory '/home/flexe/Flexe/src'
16:15:14 **** Incremental Build of configuration gcc-release for project veins ****
make MODE=release -j8 all 
make[1]: Entering directory '/home/flexe/veins-veins-5.2/src'
make[1]: Nothing to be done for 'all'.
make[1]: Leaving directory '/home/flexe/veins-veins-5.2/src'
16:15:15 **** Incremental Build of configuration release for project flexe ****
make MODE=release all 
cd src && make
make[1]: Entering directory '/home/flexe/Flexe/src'
flexe/application/FedLimRSU11p.cc
flexe/application/FedLimRSU11p.cc:304:18: warning: 'random_shuffle<__gnu_cxx::__normal_iterator<int *, std::vector<int>>>' is deprecated: use 'std::shuffle' instead [-Wdeprecated-declarations]
            std::random_shuffle(std::begin(connectedClientsVector), std::end(connectedClientsVector));
                 ^
/usr/bin/../lib/gcc/x86_64-linux-gnu/12/../../../../include/c++/12/bits/stl_algo.h:4539:5: note: 'random_shuffle<__gnu_cxx::__normal_iterator<int *, std::vector<int>>>' has been explicitly marked deprecated here
    _GLIBCXX14_DEPRECATED_SUGGEST("std::shuffle")
    ^
/usr/bin/../lib/gcc/x86_64-linux-gnu/12/../../../../include/x86_64-linux-gnu/c++/12/bits/c++config.h:112:45: note: expanded from macro '_GLIBCXX14_DEPRECATED_SUGGEST'
# define _GLIBCXX14_DEPRECATED_SUGGEST(ALT) _GLIBCXX_DEPRECATED_SUGGEST(ALT)
                                            ^
/usr/bin/../lib/gcc/x86_64-linux-gnu/12/../../../../include/x86_64-linux-gnu/c++/12/bits/c++config.h:96:19: note: expanded from macro '_GLIBCXX_DEPRECATED_SUGGEST'
  __attribute__ ((__deprecated__ ("use '" ALT "' instead")))
                  ^
1 warning generated.
flexe/application/FedSETRANDOMRSU11p.cc
flexe/application/FedSETRANDOMRSU11p.cc:222:18: warning: 'random_shuffle<__gnu_cxx::__normal_iterator<int *, std::vector<int>>>' is deprecated: use 'std::shuffle' instead [-Wdeprecated-declarations]
            std::random_shuffle(std::begin(connectedClientsVector), std::end(connectedClientsVector));
                 ^
/usr/bin/../lib/gcc/x86_64-linux-gnu/12/../../../../include/c++/12/bits/stl_algo.h:4539:5: note: 'random_shuffle<__gnu_cxx::__normal_iterator<int *, std::vector<int>>>' has been explicitly marked deprecated here
    _GLIBCXX14_DEPRECATED_SUGGEST("std::shuffle")
    ^
/usr/bin/../lib/gcc/x86_64-linux-gnu/12/../../../../include/x86_64-linux-gnu/c++/12/bits/c++config.h:112:45: note: expanded from macro '_GLIBCXX14_DEPRECATED_SUGGEST'
# define _GLIBCXX14_DEPRECATED_SUGGEST(ALT) _GLIBCXX_DEPRECATED_SUGGEST(ALT)
                                            ^
/usr/bin/../lib/gcc/x86_64-linux-gnu/12/../../../../include/x86_64-linux-gnu/c++/12/bits/c++config.h:96:19: note: expanded from macro '_GLIBCXX_DEPRECATED_SUGGEST'
  __attribute__ ((__deprecated__ ("use '" ALT "' instead")))
                  ^
1 warning generated.
flexe/application/MLApp.cc
flexe/application/MLEntropyApp.cc
flexe/proto/flexe.grpc.pb.cc
flexe/proto/flexe.pb.cc
Creating shared library: ../out/clang-release/src/libflexe.so
echo /home/flexe/Flexe
/home/flexe/Flexe
/home/flexe/.conan/data/protobuf/3.17.1/_/_/package/53f76f058631e1c3a500008c75af3f37d7786131/bin/protoc --proto_path /home/flexe/Flexe /home/flexe/Flexe/flexe.proto --cpp_out /home/flexe/Flexe/src/flexe/proto/ 
/home/flexe/.conan/data/protobuf/3.17.1/_/_/package/53f76f058631e1c3a500008c75af3f37d7786131/bin/protoc --proto_path /home/flexe/Flexe --grpc_out=/home/flexe/Flexe/src/flexe/proto/ --plugin=protoc-gen-grpc=/home/flexe/.conan/data/grpc/1.38.1/_/_/package/44ecaec4536223f790dd5e0a72b2d16b1dfaa76c/bin/grpc_cpp_plugin /home/flexe/Flexe/flexe.proto
make[1]: Leaving directory '/home/flexe/Flexe/src'
16:16:23 **** Incremental Build of configuration gcc-release for project veins ****
make MODE=release -j8 all 
make[1]: Entering directory '/home/flexe/veins-veins-5.2/src'
make[1]: Nothing to be done for 'all'.
make[1]: Leaving directory '/home/flexe/veins-veins-5.2/src'
16:16:23 **** Incremental Build of configuration release for project flexe ****
make MODE=release all 
cd src && make
make[1]: Entering directory '/home/flexe/Flexe/src'
flexe/application/FedLimRSU11p.cc
flexe/application/FedLimRSU11p.cc:312:18: warning: 'random_shuffle<__gnu_cxx::__normal_iterator<int *, std::vector<int>>>' is deprecated: use 'std::shuffle' instead [-Wdeprecated-declarations]
            std::random_shuffle(std::begin(connectedClientsVector), std::end(connectedClientsVector));
                 ^
/usr/bin/../lib/gcc/x86_64-linux-gnu/12/../../../../include/c++/12/bits/stl_algo.h:4539:5: note: 'random_shuffle<__gnu_cxx::__normal_iterator<int *, std::vector<int>>>' has been explicitly marked deprecated here
    _GLIBCXX14_DEPRECATED_SUGGEST("std::shuffle")
    ^
/usr/bin/../lib/gcc/x86_64-linux-gnu/12/../../../../include/x86_64-linux-gnu/c++/12/bits/c++config.h:112:45: note: expanded from macro '_GLIBCXX14_DEPRECATED_SUGGEST'
# define _GLIBCXX14_DEPRECATED_SUGGEST(ALT) _GLIBCXX_DEPRECATED_SUGGEST(ALT)
                                            ^
/usr/bin/../lib/gcc/x86_64-linux-gnu/12/../../../../include/x86_64-linux-gnu/c++/12/bits/c++config.h:96:19: note: expanded from macro '_GLIBCXX_DEPRECATED_SUGGEST'
  __attribute__ ((__deprecated__ ("use '" ALT "' instead")))
                  ^
flexe/application/FedLimRSU11p.cc:363:10: error: expected expression
        }else{
         ^
flexe/application/FedLimRSU11p.cc:378:103: error: function definition is not allowed here
void FedLimRSU11p::logCommunication(std::string node, long msgId, double timestamp, std::string type) {
                                                                                                      ^
flexe/application/FedLimRSU11p.cc:392:1: error: function definition is not allowed here
{
^
flexe/application/FedLimRSU11p.cc:403:1: error: expected '}'
^
flexe/application/FedLimRSU11p.cc:171:48: note: to match this '{'
void FedLimRSU11p::handleSelfMsg(cMessage* msg){
                                               ^
1 warning and 4 errors generated.
make[1]: *** [Makefile:128: ../out/clang-release/src/flexe/application/FedLimRSU11p.o] Error 1
make[1]: Leaving directory '/home/flexe/Flexe/src'
make: *** [Makefile:2: all] Error 2
"make MODE=release all" terminated with exit code 2. Build might be incomplete.
16:22:43 **** Incremental Build of configuration gcc-release for project veins ****
make MODE=release -j8 all 
make[1]: Entering directory '/home/flexe/veins-veins-5.2/src'
make[1]: Nothing to be done for 'all'.
make[1]: Leaving directory '/home/flexe/veins-veins-5.2/src'
16:22:44 **** Incremental Build of configuration release for project flexe ****
make MODE=release all 
cd src && make
make[1]: Entering directory '/home/flexe/Flexe/src'
flexe/application/FedLimRSU11p.cc
flexe/application/FedLimRSU11p.cc:305:18: warning: 'random_shuffle<__gnu_cxx::__normal_iterator<int *, std::vector<int>>>' is deprecated: use 'std::shuffle' instead [-Wdeprecated-declarations]
            std::random_shuffle(std::begin(connectedClientsVector), std::end(connectedClientsVector));
                 ^
/usr/bin/../lib/gcc/x86_64-linux-gnu/12/../../../../include/c++/12/bits/stl_algo.h:4539:5: note: 'random_shuffle<__gnu_cxx::__normal_iterator<int *, std::vector<int>>>' has been explicitly marked deprecated here
    _GLIBCXX14_DEPRECATED_SUGGEST("std::shuffle")
    ^
/usr/bin/../lib/gcc/x86_64-linux-gnu/12/../../../../include/x86_64-linux-gnu/c++/12/bits/c++config.h:112:45: note: expanded from macro '_GLIBCXX14_DEPRECATED_SUGGEST'
# define _GLIBCXX14_DEPRECATED_SUGGEST(ALT) _GLIBCXX_DEPRECATED_SUGGEST(ALT)
                                            ^
/usr/bin/../lib/gcc/x86_64-linux-gnu/12/../../../../include/x86_64-linux-gnu/c++/12/bits/c++config.h:96:19: note: expanded from macro '_GLIBCXX_DEPRECATED_SUGGEST'
  __attribute__ ((__deprecated__ ("use '" ALT "' instead")))
                  ^
flexe/application/FedLimRSU11p.cc:356:10: error: expected expression
        }else{
         ^
flexe/application/FedLimRSU11p.cc:371:103: error: function definition is not allowed here
void FedLimRSU11p::logCommunication(std::string node, long msgId, double timestamp, std::string type) {
                                                                                                      ^
flexe/application/FedLimRSU11p.cc:385:1: error: function definition is not allowed here
{
^
flexe/application/FedLimRSU11p.cc:396:1: error: expected '}'
^
flexe/application/FedLimRSU11p.cc:164:48: note: to match this '{'
void FedLimRSU11p::handleSelfMsg(cMessage* msg){
                                               ^
1 warning and 4 errors generated.
make[1]: Leaving directory '/home/flexe/Flexe/src'
make[1]: *** [Makefile:128: ../out/clang-release/src/flexe/application/FedLimRSU11p.o] Error 1
make: *** [Makefile:2: all] Error 2
"make MODE=release all" terminated with exit code 2. Build might be incomplete.
16:27:43 **** Incremental Build of configuration gcc-release for project veins ****
make MODE=release -j8 all 
make[1]: Entering directory '/home/flexe/veins-veins-5.2/src'
make[1]: Nothing to be done for 'all'.
make[1]: Leaving directory '/home/flexe/veins-veins-5.2/src'
16:27:45 **** Incremental Build of configuration release for project flexe ****
make MODE=release all 
cd src && make
make[1]: Entering directory '/home/flexe/Flexe/src'
flexe/application/FedLimRSU11p.cc
flexe/application/FedLimRSU11p.cc:319:18: warning: 'random_shuffle<__gnu_cxx::__normal_iterator<int *, std::vector<int>>>' is deprecated: use 'std::shuffle' instead [-Wdeprecated-declarations]
            std::random_shuffle(std::begin(connectedClientsVector), std::end(connectedClientsVector));
                 ^
/usr/bin/../lib/gcc/x86_64-linux-gnu/12/../../../../include/c++/12/bits/stl_algo.h:4539:5: note: 'random_shuffle<__gnu_cxx::__normal_iterator<int *, std::vector<int>>>' has been explicitly marked deprecated here
    _GLIBCXX14_DEPRECATED_SUGGEST("std::shuffle")
    ^
/usr/bin/../lib/gcc/x86_64-linux-gnu/12/../../../../include/x86_64-linux-gnu/c++/12/bits/c++config.h:112:45: note: expanded from macro '_GLIBCXX14_DEPRECATED_SUGGEST'
# define _GLIBCXX14_DEPRECATED_SUGGEST(ALT) _GLIBCXX_DEPRECATED_SUGGEST(ALT)
                                            ^
/usr/bin/../lib/gcc/x86_64-linux-gnu/12/../../../../include/x86_64-linux-gnu/c++/12/bits/c++config.h:96:19: note: expanded from macro '_GLIBCXX_DEPRECATED_SUGGEST'
  __attribute__ ((__deprecated__ ("use '" ALT "' instead")))
                  ^
1 warning generated.
flexe/application/FedSETRANDOMRSU11p.cc
flexe/application/FedSETRANDOMRSU11p.cc:222:18: warning: 'random_shuffle<__gnu_cxx::__normal_iterator<int *, std::vector<int>>>' is deprecated: use 'std::shuffle' instead [-Wdeprecated-declarations]
            std::random_shuffle(std::begin(connectedClientsVector), std::end(connectedClientsVector));
                 ^
/usr/bin/../lib/gcc/x86_64-linux-gnu/12/../../../../include/c++/12/bits/stl_algo.h:4539:5: note: 'random_shuffle<__gnu_cxx::__normal_iterator<int *, std::vector<int>>>' has been explicitly marked deprecated here
    _GLIBCXX14_DEPRECATED_SUGGEST("std::shuffle")
    ^
/usr/bin/../lib/gcc/x86_64-linux-gnu/12/../../../../include/x86_64-linux-gnu/c++/12/bits/c++config.h:112:45: note: expanded from macro '_GLIBCXX14_DEPRECATED_SUGGEST'
# define _GLIBCXX14_DEPRECATED_SUGGEST(ALT) _GLIBCXX_DEPRECATED_SUGGEST(ALT)
                                            ^
/usr/bin/../lib/gcc/x86_64-linux-gnu/12/../../../../include/x86_64-linux-gnu/c++/12/bits/c++config.h:96:19: note: expanded from macro '_GLIBCXX_DEPRECATED_SUGGEST'
  __attribute__ ((__deprecated__ ("use '" ALT "' instead")))
                  ^
1 warning generated.
flexe/application/MLApp.cc
flexe/application/MLEntropyApp.cc
flexe/proto/flexe.grpc.pb.cc
flexe/proto/flexe.pb.cc
Creating shared library: ../out/clang-release/src/libflexe.so
echo /home/flexe/Flexe
/home/flexe/Flexe
/home/flexe/.conan/data/protobuf/3.17.1/_/_/package/53f76f058631e1c3a500008c75af3f37d7786131/bin/protoc --proto_path /home/flexe/Flexe /home/flexe/Flexe/flexe.proto --cpp_out /home/flexe/Flexe/src/flexe/proto/ 
/home/flexe/.conan/data/protobuf/3.17.1/_/_/package/53f76f058631e1c3a500008c75af3f37d7786131/bin/protoc --proto_path /home/flexe/Flexe --grpc_out=/home/flexe/Flexe/src/flexe/proto/ --plugin=protoc-gen-grpc=/home/flexe/.conan/data/grpc/1.38.1/_/_/package/44ecaec4536223f790dd5e0a72b2d16b1dfaa76c/bin/grpc_cpp_plugin /home/flexe/Flexe/flexe.proto
make[1]: Leaving directory '/home/flexe/Flexe/src'
16:32:36 **** Incremental Build of configuration gcc-release for project veins ****
make MODE=release -j8 all 
make[1]: Entering directory '/home/flexe/veins-veins-5.2/src'
make[1]: Nothing to be done for 'all'.
make[1]: Leaving directory '/home/flexe/veins-veins-5.2/src'
16:32:37 **** Incremental Build of configuration release for project flexe ****
make MODE=release all 
cd src && make
make[1]: Entering directory '/home/flexe/Flexe/src'
flexe/application/FedLimRSU11p.cc
flexe/application/FedLimRSU11p.cc:336:18: warning: 'random_shuffle<__gnu_cxx::__normal_iterator<int *, std::vector<int>>>' is deprecated: use 'std::shuffle' instead [-Wdeprecated-declarations]
            std::random_shuffle(std::begin(connectedClientsVector), std::end(connectedClientsVector));
                 ^
/usr/bin/../lib/gcc/x86_64-linux-gnu/12/../../../../include/c++/12/bits/stl_algo.h:4539:5: note: 'random_shuffle<__gnu_cxx::__normal_iterator<int *, std::vector<int>>>' has been explicitly marked deprecated here
    _GLIBCXX14_DEPRECATED_SUGGEST("std::shuffle")
    ^
/usr/bin/../lib/gcc/x86_64-linux-gnu/12/../../../../include/x86_64-linux-gnu/c++/12/bits/c++config.h:112:45: note: expanded from macro '_GLIBCXX14_DEPRECATED_SUGGEST'
# define _GLIBCXX14_DEPRECATED_SUGGEST(ALT) _GLIBCXX_DEPRECATED_SUGGEST(ALT)
                                            ^
/usr/bin/../lib/gcc/x86_64-linux-gnu/12/../../../../include/x86_64-linux-gnu/c++/12/bits/c++config.h:96:19: note: expanded from macro '_GLIBCXX_DEPRECATED_SUGGEST'
  __attribute__ ((__deprecated__ ("use '" ALT "' instead")))
                  ^
1 warning generated.
flexe/application/FedSETRANDOMRSU11p.cc
flexe/application/FedSETRANDOMRSU11p.cc:222:18: warning: 'random_shuffle<__gnu_cxx::__normal_iterator<int *, std::vector<int>>>' is deprecated: use 'std::shuffle' instead [-Wdeprecated-declarations]
            std::random_shuffle(std::begin(connectedClientsVector), std::end(connectedClientsVector));
                 ^
/usr/bin/../lib/gcc/x86_64-linux-gnu/12/../../../../include/c++/12/bits/stl_algo.h:4539:5: note: 'random_shuffle<__gnu_cxx::__normal_iterator<int *, std::vector<int>>>' has been explicitly marked deprecated here
    _GLIBCXX14_DEPRECATED_SUGGEST("std::shuffle")
    ^
/usr/bin/../lib/gcc/x86_64-linux-gnu/12/../../../../include/x86_64-linux-gnu/c++/12/bits/c++config.h:112:45: note: expanded from macro '_GLIBCXX14_DEPRECATED_SUGGEST'
# define _GLIBCXX14_DEPRECATED_SUGGEST(ALT) _GLIBCXX_DEPRECATED_SUGGEST(ALT)
                                            ^
/usr/bin/../lib/gcc/x86_64-linux-gnu/12/../../../../include/x86_64-linux-gnu/c++/12/bits/c++config.h:96:19: note: expanded from macro '_GLIBCXX_DEPRECATED_SUGGEST'
  __attribute__ ((__deprecated__ ("use '" ALT "' instead")))
                  ^
1 warning generated.
flexe/application/MLApp.cc
flexe/application/MLEntropyApp.cc
flexe/proto/flexe.grpc.pb.cc
flexe/proto/flexe.pb.cc
Creating shared library: ../out/clang-release/src/libflexe.so
echo /home/flexe/Flexe
/home/flexe/Flexe
/home/flexe/.conan/data/protobuf/3.17.1/_/_/package/53f76f058631e1c3a500008c75af3f37d7786131/bin/protoc --proto_path /home/flexe/Flexe /home/flexe/Flexe/flexe.proto --cpp_out /home/flexe/Flexe/src/flexe/proto/ 
/home/flexe/.conan/data/protobuf/3.17.1/_/_/package/53f76f058631e1c3a500008c75af3f37d7786131/bin/protoc --proto_path /home/flexe/Flexe --grpc_out=/home/flexe/Flexe/src/flexe/proto/ --plugin=protoc-gen-grpc=/home/flexe/.conan/data/grpc/1.38.1/_/_/package/44ecaec4536223f790dd5e0a72b2d16b1dfaa76c/bin/grpc_cpp_plugin /home/flexe/Flexe/flexe.proto
make[1]: Leaving directory '/home/flexe/Flexe/src'
16:42:32 **** Incremental Build of configuration gcc-release for project veins ****
make MODE=release -j8 all 
make[1]: Entering directory '/home/flexe/veins-veins-5.2/src'
make[1]: Nothing to be done for 'all'.
make[1]: Leaving directory '/home/flexe/veins-veins-5.2/src'
16:42:33 **** Incremental Build of configuration release for project flexe ****
make MODE=release all 
cd src && make
make[1]: Entering directory '/home/flexe/Flexe/src'
flexe/application/FedLimRSU11p.cc
flexe/application/FedLimRSU11p.cc:356:18: warning: 'random_shuffle<__gnu_cxx::__normal_iterator<int *, std::vector<int>>>' is deprecated: use 'std::shuffle' instead [-Wdeprecated-declarations]
            std::random_shuffle(std::begin(connectedClientsVector), std::end(connectedClientsVector));
                 ^
/usr/bin/../lib/gcc/x86_64-linux-gnu/12/../../../../include/c++/12/bits/stl_algo.h:4539:5: note: 'random_shuffle<__gnu_cxx::__normal_iterator<int *, std::vector<int>>>' has been explicitly marked deprecated here
    _GLIBCXX14_DEPRECATED_SUGGEST("std::shuffle")
    ^
/usr/bin/../lib/gcc/x86_64-linux-gnu/12/../../../../include/x86_64-linux-gnu/c++/12/bits/c++config.h:112:45: note: expanded from macro '_GLIBCXX14_DEPRECATED_SUGGEST'
# define _GLIBCXX14_DEPRECATED_SUGGEST(ALT) _GLIBCXX_DEPRECATED_SUGGEST(ALT)
                                            ^
/usr/bin/../lib/gcc/x86_64-linux-gnu/12/../../../../include/x86_64-linux-gnu/c++/12/bits/c++config.h:96:19: note: expanded from macro '_GLIBCXX_DEPRECATED_SUGGEST'
  __attribute__ ((__deprecated__ ("use '" ALT "' instead")))
                  ^
1 warning generated.
flexe/application/FedSETRANDOMRSU11p.cc
flexe/application/FedSETRANDOMRSU11p.cc:222:18: warning: 'random_shuffle<__gnu_cxx::__normal_iterator<int *, std::vector<int>>>' is deprecated: use 'std::shuffle' instead [-Wdeprecated-declarations]
            std::random_shuffle(std::begin(connectedClientsVector), std::end(connectedClientsVector));
                 ^
/usr/bin/../lib/gcc/x86_64-linux-gnu/12/../../../../include/c++/12/bits/stl_algo.h:4539:5: note: 'random_shuffle<__gnu_cxx::__normal_iterator<int *, std::vector<int>>>' has been explicitly marked deprecated here
    _GLIBCXX14_DEPRECATED_SUGGEST("std::shuffle")
    ^
/usr/bin/../lib/gcc/x86_64-linux-gnu/12/../../../../include/x86_64-linux-gnu/c++/12/bits/c++config.h:112:45: note: expanded from macro '_GLIBCXX14_DEPRECATED_SUGGEST'
# define _GLIBCXX14_DEPRECATED_SUGGEST(ALT) _GLIBCXX_DEPRECATED_SUGGEST(ALT)
                                            ^
/usr/bin/../lib/gcc/x86_64-linux-gnu/12/../../../../include/x86_64-linux-gnu/c++/12/bits/c++config.h:96:19: note: expanded from macro '_GLIBCXX_DEPRECATED_SUGGEST'
  __attribute__ ((__deprecated__ ("use '" ALT "' instead")))
                  ^
1 warning generated.
flexe/application/MLApp.cc
flexe/application/MLEntropyApp.cc
flexe/proto/flexe.grpc.pb.cc
flexe/proto/flexe.pb.cc
Creating shared library: ../out/clang-release/src/libflexe.so
echo /home/flexe/Flexe
/home/flexe/Flexe
/home/flexe/.conan/data/protobuf/3.17.1/_/_/package/53f76f058631e1c3a500008c75af3f37d7786131/bin/protoc --proto_path /home/flexe/Flexe /home/flexe/Flexe/flexe.proto --cpp_out /home/flexe/Flexe/src/flexe/proto/ 
/home/flexe/.conan/data/protobuf/3.17.1/_/_/package/53f76f058631e1c3a500008c75af3f37d7786131/bin/protoc --proto_path /home/flexe/Flexe --grpc_out=/home/flexe/Flexe/src/flexe/proto/ --plugin=protoc-gen-grpc=/home/flexe/.conan/data/grpc/1.38.1/_/_/package/44ecaec4536223f790dd5e0a72b2d16b1dfaa76c/bin/grpc_cpp_plugin /home/flexe/Flexe/flexe.proto
make[1]: Leaving directory '/home/flexe/Flexe/src'
16:52:14 **** Incremental Build of configuration gcc-release for project veins ****
make MODE=release -j8 all 
make[1]: Entering directory '/home/flexe/veins-veins-5.2/src'
make[1]: Nothing to be done for 'all'.
make[1]: Leaving directory '/home/flexe/veins-veins-5.2/src'
16:52:15 **** Incremental Build of configuration release for project flexe ****
make MODE=release all 
cd src && make
make[1]: Entering directory '/home/flexe/Flexe/src'
flexe/application/FedLimRSU11p.cc
flexe/application/FedLimRSU11p.cc:356:18: warning: 'random_shuffle<__gnu_cxx::__normal_iterator<int *, std::vector<int>>>' is deprecated: use 'std::shuffle' instead [-Wdeprecated-declarations]
            std::random_shuffle(std::begin(connectedClientsVector), std::end(connectedClientsVector));
                 ^
/usr/bin/../lib/gcc/x86_64-linux-gnu/12/../../../../include/c++/12/bits/stl_algo.h:4539:5: note: 'random_shuffle<__gnu_cxx::__normal_iterator<int *, std::vector<int>>>' has been explicitly marked deprecated here
    _GLIBCXX14_DEPRECATED_SUGGEST("std::shuffle")
    ^
/usr/bin/../lib/gcc/x86_64-linux-gnu/12/../../../../include/x86_64-linux-gnu/c++/12/bits/c++config.h:112:45: note: expanded from macro '_GLIBCXX14_DEPRECATED_SUGGEST'
# define _GLIBCXX14_DEPRECATED_SUGGEST(ALT) _GLIBCXX_DEPRECATED_SUGGEST(ALT)
                                            ^
/usr/bin/../lib/gcc/x86_64-linux-gnu/12/../../../../include/x86_64-linux-gnu/c++/12/bits/c++config.h:96:19: note: expanded from macro '_GLIBCXX_DEPRECATED_SUGGEST'
  __attribute__ ((__deprecated__ ("use '" ALT "' instead")))
                  ^
1 warning generated.
flexe/application/FedSETRANDOMRSU11p.cc
flexe/application/FedSETRANDOMRSU11p.cc:222:18: warning: 'random_shuffle<__gnu_cxx::__normal_iterator<int *, std::vector<int>>>' is deprecated: use 'std::shuffle' instead [-Wdeprecated-declarations]
            std::random_shuffle(std::begin(connectedClientsVector), std::end(connectedClientsVector));
                 ^
/usr/bin/../lib/gcc/x86_64-linux-gnu/12/../../../../include/c++/12/bits/stl_algo.h:4539:5: note: 'random_shuffle<__gnu_cxx::__normal_iterator<int *, std::vector<int>>>' has been explicitly marked deprecated here
    _GLIBCXX14_DEPRECATED_SUGGEST("std::shuffle")
    ^
/usr/bin/../lib/gcc/x86_64-linux-gnu/12/../../../../include/x86_64-linux-gnu/c++/12/bits/c++config.h:112:45: note: expanded from macro '_GLIBCXX14_DEPRECATED_SUGGEST'
# define _GLIBCXX14_DEPRECATED_SUGGEST(ALT) _GLIBCXX_DEPRECATED_SUGGEST(ALT)
                                            ^
/usr/bin/../lib/gcc/x86_64-linux-gnu/12/../../../../include/x86_64-linux-gnu/c++/12/bits/c++config.h:96:19: note: expanded from macro '_GLIBCXX_DEPRECATED_SUGGEST'
  __attribute__ ((__deprecated__ ("use '" ALT "' instead")))
                  ^
1 warning generated.
flexe/application/MLApp.cc
flexe/application/MLEntropyApp.cc
flexe/proto/flexe.grpc.pb.cc
flexe/proto/flexe.pb.cc
Creating shared library: ../out/clang-release/src/libflexe.so
echo /home/flexe/Flexe
/home/flexe/Flexe
/home/flexe/.conan/data/protobuf/3.17.1/_/_/package/53f76f058631e1c3a500008c75af3f37d7786131/bin/protoc --proto_path /home/flexe/Flexe /home/flexe/Flexe/flexe.proto --cpp_out /home/flexe/Flexe/src/flexe/proto/ 
/home/flexe/.conan/data/protobuf/3.17.1/_/_/package/53f76f058631e1c3a500008c75af3f37d7786131/bin/protoc --proto_path /home/flexe/Flexe --grpc_out=/home/flexe/Flexe/src/flexe/proto/ --plugin=protoc-gen-grpc=/home/flexe/.conan/data/grpc/1.38.1/_/_/package/44ecaec4536223f790dd5e0a72b2d16b1dfaa76c/bin/grpc_cpp_plugin /home/flexe/Flexe/flexe.proto
make[1]: Leaving directory '/home/flexe/Flexe/src'
16:52:56 **** Incremental Build of configuration gcc-release for project veins ****
make MODE=release -j8 all 
make[1]: Entering directory '/home/flexe/veins-veins-5.2/src'
make[1]: Nothing to be done for 'all'.
make[1]: Leaving directory '/home/flexe/veins-veins-5.2/src'
16:52:56 **** Incremental Build of configuration release for project flexe ****
make MODE=release all 
cd src && make
make[1]: Entering directory '/home/flexe/Flexe/src'
flexe/application/FedLimRSU11p.cc
flexe/application/FedLimRSU11p.cc:358:18: warning: 'random_shuffle<__gnu_cxx::__normal_iterator<int *, std::vector<int>>>' is deprecated: use 'std::shuffle' instead [-Wdeprecated-declarations]
            std::random_shuffle(std::begin(connectedClientsVector), std::end(connectedClientsVector));
                 ^
/usr/bin/../lib/gcc/x86_64-linux-gnu/12/../../../../include/c++/12/bits/stl_algo.h:4539:5: note: 'random_shuffle<__gnu_cxx::__normal_iterator<int *, std::vector<int>>>' has been explicitly marked deprecated here
    _GLIBCXX14_DEPRECATED_SUGGEST("std::shuffle")
    ^
/usr/bin/../lib/gcc/x86_64-linux-gnu/12/../../../../include/x86_64-linux-gnu/c++/12/bits/c++config.h:112:45: note: expanded from macro '_GLIBCXX14_DEPRECATED_SUGGEST'
# define _GLIBCXX14_DEPRECATED_SUGGEST(ALT) _GLIBCXX_DEPRECATED_SUGGEST(ALT)
                                            ^
/usr/bin/../lib/gcc/x86_64-linux-gnu/12/../../../../include/x86_64-linux-gnu/c++/12/bits/c++config.h:96:19: note: expanded from macro '_GLIBCXX_DEPRECATED_SUGGEST'
  __attribute__ ((__deprecated__ ("use '" ALT "' instead")))
                  ^
1 warning generated.
flexe/application/FedSETRANDOMRSU11p.cc
flexe/application/FedSETRANDOMRSU11p.cc:222:18: warning: 'random_shuffle<__gnu_cxx::__normal_iterator<int *, std::vector<int>>>' is deprecated: use 'std::shuffle' instead [-Wdeprecated-declarations]
            std::random_shuffle(std::begin(connectedClientsVector), std::end(connectedClientsVector));
                 ^
/usr/bin/../lib/gcc/x86_64-linux-gnu/12/../../../../include/c++/12/bits/stl_algo.h:4539:5: note: 'random_shuffle<__gnu_cxx::__normal_iterator<int *, std::vector<int>>>' has been explicitly marked deprecated here
    _GLIBCXX14_DEPRECATED_SUGGEST("std::shuffle")
    ^
/usr/bin/../lib/gcc/x86_64-linux-gnu/12/../../../../include/x86_64-linux-gnu/c++/12/bits/c++config.h:112:45: note: expanded from macro '_GLIBCXX14_DEPRECATED_SUGGEST'
# define _GLIBCXX14_DEPRECATED_SUGGEST(ALT) _GLIBCXX_DEPRECATED_SUGGEST(ALT)
                                            ^
/usr/bin/../lib/gcc/x86_64-linux-gnu/12/../../../../include/x86_64-linux-gnu/c++/12/bits/c++config.h:96:19: note: expanded from macro '_GLIBCXX_DEPRECATED_SUGGEST'
  __attribute__ ((__deprecated__ ("use '" ALT "' instead")))
                  ^
1 warning generated.
flexe/application/MLApp.cc
flexe/application/MLEntropyApp.cc
flexe/proto/flexe.grpc.pb.cc
flexe/proto/flexe.pb.cc
Creating shared library: ../out/clang-release/src/libflexe.so
echo /home/flexe/Flexe
/home/flexe/Flexe
/home/flexe/.conan/data/protobuf/3.17.1/_/_/package/53f76f058631e1c3a500008c75af3f37d7786131/bin/protoc --proto_path /home/flexe/Flexe /home/flexe/Flexe/flexe.proto --cpp_out /home/flexe/Flexe/src/flexe/proto/ 
/home/flexe/.conan/data/protobuf/3.17.1/_/_/package/53f76f058631e1c3a500008c75af3f37d7786131/bin/protoc --proto_path /home/flexe/Flexe --grpc_out=/home/flexe/Flexe/src/flexe/proto/ --plugin=protoc-gen-grpc=/home/flexe/.conan/data/grpc/1.38.1/_/_/package/44ecaec4536223f790dd5e0a72b2d16b1dfaa76c/bin/grpc_cpp_plugin /home/flexe/Flexe/flexe.proto
make[1]: Leaving directory '/home/flexe/Flexe/src'
16:55:20 **** Incremental Build of configuration gcc-release for project veins ****
make MODE=release -j8 all 
make[1]: Entering directory '/home/flexe/veins-veins-5.2/src'
make[1]: Nothing to be done for 'all'.
make[1]: Leaving directory '/home/flexe/veins-veins-5.2/src'
16:55:21 **** Incremental Build of configuration release for project flexe ****
make MODE=release all 
cd src && make
make[1]: Entering directory '/home/flexe/Flexe/src'
flexe/application/FedLimRSU11p.cc
flexe/application/FedLimRSU11p.cc:366:18: warning: 'random_shuffle<__gnu_cxx::__normal_iterator<int *, std::vector<int>>>' is deprecated: use 'std::shuffle' instead [-Wdeprecated-declarations]
            std::random_shuffle(std::begin(connectedClientsVector), std::end(connectedClientsVector));
                 ^
/usr/bin/../lib/gcc/x86_64-linux-gnu/12/../../../../include/c++/12/bits/stl_algo.h:4539:5: note: 'random_shuffle<__gnu_cxx::__normal_iterator<int *, std::vector<int>>>' has been explicitly marked deprecated here
    _GLIBCXX14_DEPRECATED_SUGGEST("std::shuffle")
    ^
/usr/bin/../lib/gcc/x86_64-linux-gnu/12/../../../../include/x86_64-linux-gnu/c++/12/bits/c++config.h:112:45: note: expanded from macro '_GLIBCXX14_DEPRECATED_SUGGEST'
# define _GLIBCXX14_DEPRECATED_SUGGEST(ALT) _GLIBCXX_DEPRECATED_SUGGEST(ALT)
                                            ^
/usr/bin/../lib/gcc/x86_64-linux-gnu/12/../../../../include/x86_64-linux-gnu/c++/12/bits/c++config.h:96:19: note: expanded from macro '_GLIBCXX_DEPRECATED_SUGGEST'
  __attribute__ ((__deprecated__ ("use '" ALT "' instead")))
                  ^
1 warning generated.
flexe/application/FedSETRANDOMRSU11p.cc
flexe/application/FedSETRANDOMRSU11p.cc:222:18: warning: 'random_shuffle<__gnu_cxx::__normal_iterator<int *, std::vector<int>>>' is deprecated: use 'std::shuffle' instead [-Wdeprecated-declarations]
            std::random_shuffle(std::begin(connectedClientsVector), std::end(connectedClientsVector));
                 ^
/usr/bin/../lib/gcc/x86_64-linux-gnu/12/../../../../include/c++/12/bits/stl_algo.h:4539:5: note: 'random_shuffle<__gnu_cxx::__normal_iterator<int *, std::vector<int>>>' has been explicitly marked deprecated here
    _GLIBCXX14_DEPRECATED_SUGGEST("std::shuffle")
    ^
/usr/bin/../lib/gcc/x86_64-linux-gnu/12/../../../../include/x86_64-linux-gnu/c++/12/bits/c++config.h:112:45: note: expanded from macro '_GLIBCXX14_DEPRECATED_SUGGEST'
# define _GLIBCXX14_DEPRECATED_SUGGEST(ALT) _GLIBCXX_DEPRECATED_SUGGEST(ALT)
                                            ^
/usr/bin/../lib/gcc/x86_64-linux-gnu/12/../../../../include/x86_64-linux-gnu/c++/12/bits/c++config.h:96:19: note: expanded from macro '_GLIBCXX_DEPRECATED_SUGGEST'
  __attribute__ ((__deprecated__ ("use '" ALT "' instead")))
                  ^
1 warning generated.
flexe/application/MLApp.cc
flexe/application/MLEntropyApp.cc
flexe/proto/flexe.grpc.pb.cc
flexe/proto/flexe.pb.cc
Creating shared library: ../out/clang-release/src/libflexe.so
echo /home/flexe/Flexe
/home/flexe/Flexe
/home/flexe/.conan/data/protobuf/3.17.1/_/_/package/53f76f058631e1c3a500008c75af3f37d7786131/bin/protoc --proto_path /home/flexe/Flexe /home/flexe/Flexe/flexe.proto --cpp_out /home/flexe/Flexe/src/flexe/proto/ 
/home/flexe/.conan/data/protobuf/3.17.1/_/_/package/53f76f058631e1c3a500008c75af3f37d7786131/bin/protoc --proto_path /home/flexe/Flexe --grpc_out=/home/flexe/Flexe/src/flexe/proto/ --plugin=protoc-gen-grpc=/home/flexe/.conan/data/grpc/1.38.1/_/_/package/44ecaec4536223f790dd5e0a72b2d16b1dfaa76c/bin/grpc_cpp_plugin /home/flexe/Flexe/flexe.proto
make[1]: Leaving directory '/home/flexe/Flexe/src'
16:56:48 **** Incremental Build of configuration gcc-release for project veins ****
make MODE=release -j8 all 
make[1]: Entering directory '/home/flexe/veins-veins-5.2/src'
make[1]: Nothing to be done for 'all'.
make[1]: Leaving directory '/home/flexe/veins-veins-5.2/src'
16:56:49 **** Incremental Build of configuration release for project flexe ****
make MODE=release all 
cd src && make
make[1]: Entering directory '/home/flexe/Flexe/src'
flexe/application/FedLimRSU11p.cc
flexe/application/FedLimRSU11p.cc:368:18: warning: 'random_shuffle<__gnu_cxx::__normal_iterator<int *, std::vector<int>>>' is deprecated: use 'std::shuffle' instead [-Wdeprecated-declarations]
            std::random_shuffle(std::begin(connectedClientsVector), std::end(connectedClientsVector));
                 ^
/usr/bin/../lib/gcc/x86_64-linux-gnu/12/../../../../include/c++/12/bits/stl_algo.h:4539:5: note: 'random_shuffle<__gnu_cxx::__normal_iterator<int *, std::vector<int>>>' has been explicitly marked deprecated here
    _GLIBCXX14_DEPRECATED_SUGGEST("std::shuffle")
    ^
/usr/bin/../lib/gcc/x86_64-linux-gnu/12/../../../../include/x86_64-linux-gnu/c++/12/bits/c++config.h:112:45: note: expanded from macro '_GLIBCXX14_DEPRECATED_SUGGEST'
# define _GLIBCXX14_DEPRECATED_SUGGEST(ALT) _GLIBCXX_DEPRECATED_SUGGEST(ALT)
                                            ^
/usr/bin/../lib/gcc/x86_64-linux-gnu/12/../../../../include/x86_64-linux-gnu/c++/12/bits/c++config.h:96:19: note: expanded from macro '_GLIBCXX_DEPRECATED_SUGGEST'
  __attribute__ ((__deprecated__ ("use '" ALT "' instead")))
                  ^
1 warning generated.
flexe/application/FedSETRANDOMRSU11p.cc
flexe/application/FedSETRANDOMRSU11p.cc:222:18: warning: 'random_shuffle<__gnu_cxx::__normal_iterator<int *, std::vector<int>>>' is deprecated: use 'std::shuffle' instead [-Wdeprecated-declarations]
            std::random_shuffle(std::begin(connectedClientsVector), std::end(connectedClientsVector));
                 ^
/usr/bin/../lib/gcc/x86_64-linux-gnu/12/../../../../include/c++/12/bits/stl_algo.h:4539:5: note: 'random_shuffle<__gnu_cxx::__normal_iterator<int *, std::vector<int>>>' has been explicitly marked deprecated here
    _GLIBCXX14_DEPRECATED_SUGGEST("std::shuffle")
    ^
/usr/bin/../lib/gcc/x86_64-linux-gnu/12/../../../../include/x86_64-linux-gnu/c++/12/bits/c++config.h:112:45: note: expanded from macro '_GLIBCXX14_DEPRECATED_SUGGEST'
# define _GLIBCXX14_DEPRECATED_SUGGEST(ALT) _GLIBCXX_DEPRECATED_SUGGEST(ALT)
                                            ^
/usr/bin/../lib/gcc/x86_64-linux-gnu/12/../../../../include/x86_64-linux-gnu/c++/12/bits/c++config.h:96:19: note: expanded from macro '_GLIBCXX_DEPRECATED_SUGGEST'
  __attribute__ ((__deprecated__ ("use '" ALT "' instead")))
                  ^
1 warning generated.
flexe/application/MLApp.cc
flexe/application/MLEntropyApp.cc
flexe/proto/flexe.grpc.pb.cc
flexe/proto/flexe.pb.cc
Creating shared library: ../out/clang-release/src/libflexe.so
echo /home/flexe/Flexe
/home/flexe/Flexe
/home/flexe/.conan/data/protobuf/3.17.1/_/_/package/53f76f058631e1c3a500008c75af3f37d7786131/bin/protoc --proto_path /home/flexe/Flexe /home/flexe/Flexe/flexe.proto --cpp_out /home/flexe/Flexe/src/flexe/proto/ 
/home/flexe/.conan/data/protobuf/3.17.1/_/_/package/53f76f058631e1c3a500008c75af3f37d7786131/bin/protoc --proto_path /home/flexe/Flexe --grpc_out=/home/flexe/Flexe/src/flexe/proto/ --plugin=protoc-gen-grpc=/home/flexe/.conan/data/grpc/1.38.1/_/_/package/44ecaec4536223f790dd5e0a72b2d16b1dfaa76c/bin/grpc_cpp_plugin /home/flexe/Flexe/flexe.proto
make[1]: Leaving directory '/home/flexe/Flexe/src'
16:58:29 **** Incremental Build of configuration gcc-release for project veins ****
make MODE=release -j8 all 
make[1]: Entering directory '/home/flexe/veins-veins-5.2/src'
make[1]: Nothing to be done for 'all'.
make[1]: Leaving directory '/home/flexe/veins-veins-5.2/src'
16:58:30 **** Incremental Build of configuration release for project flexe ****
make MODE=release all 
cd src && make
make[1]: Entering directory '/home/flexe/Flexe/src'
flexe/application/FedLimRSU11p.cc
flexe/application/FedLimRSU11p.cc:368:18: warning: 'random_shuffle<__gnu_cxx::__normal_iterator<int *, std::vector<int>>>' is deprecated: use 'std::shuffle' instead [-Wdeprecated-declarations]
            std::random_shuffle(std::begin(connectedClientsVector), std::end(connectedClientsVector));
                 ^
/usr/bin/../lib/gcc/x86_64-linux-gnu/12/../../../../include/c++/12/bits/stl_algo.h:4539:5: note: 'random_shuffle<__gnu_cxx::__normal_iterator<int *, std::vector<int>>>' has been explicitly marked deprecated here
    _GLIBCXX14_DEPRECATED_SUGGEST("std::shuffle")
    ^
/usr/bin/../lib/gcc/x86_64-linux-gnu/12/../../../../include/x86_64-linux-gnu/c++/12/bits/c++config.h:112:45: note: expanded from macro '_GLIBCXX14_DEPRECATED_SUGGEST'
# define _GLIBCXX14_DEPRECATED_SUGGEST(ALT) _GLIBCXX_DEPRECATED_SUGGEST(ALT)
                                            ^
/usr/bin/../lib/gcc/x86_64-linux-gnu/12/../../../../include/x86_64-linux-gnu/c++/12/bits/c++config.h:96:19: note: expanded from macro '_GLIBCXX_DEPRECATED_SUGGEST'
  __attribute__ ((__deprecated__ ("use '" ALT "' instead")))
                  ^
1 warning generated.
flexe/application/FedSETRANDOMRSU11p.cc
flexe/application/FedSETRANDOMRSU11p.cc:222:18: warning: 'random_shuffle<__gnu_cxx::__normal_iterator<int *, std::vector<int>>>' is deprecated: use 'std::shuffle' instead [-Wdeprecated-declarations]
            std::random_shuffle(std::begin(connectedClientsVector), std::end(connectedClientsVector));
                 ^
/usr/bin/../lib/gcc/x86_64-linux-gnu/12/../../../../include/c++/12/bits/stl_algo.h:4539:5: note: 'random_shuffle<__gnu_cxx::__normal_iterator<int *, std::vector<int>>>' has been explicitly marked deprecated here
    _GLIBCXX14_DEPRECATED_SUGGEST("std::shuffle")
    ^
/usr/bin/../lib/gcc/x86_64-linux-gnu/12/../../../../include/x86_64-linux-gnu/c++/12/bits/c++config.h:112:45: note: expanded from macro '_GLIBCXX14_DEPRECATED_SUGGEST'
# define _GLIBCXX14_DEPRECATED_SUGGEST(ALT) _GLIBCXX_DEPRECATED_SUGGEST(ALT)
                                            ^
/usr/bin/../lib/gcc/x86_64-linux-gnu/12/../../../../include/x86_64-linux-gnu/c++/12/bits/c++config.h:96:19: note: expanded from macro '_GLIBCXX_DEPRECATED_SUGGEST'
  __attribute__ ((__deprecated__ ("use '" ALT "' instead")))
                  ^
1 warning generated.
flexe/application/MLApp.cc
flexe/application/MLEntropyApp.cc
flexe/proto/flexe.grpc.pb.cc
flexe/proto/flexe.pb.cc
Creating shared library: ../out/clang-release/src/libflexe.so
echo /home/flexe/Flexe
/home/flexe/Flexe
/home/flexe/.conan/data/protobuf/3.17.1/_/_/package/53f76f058631e1c3a500008c75af3f37d7786131/bin/protoc --proto_path /home/flexe/Flexe /home/flexe/Flexe/flexe.proto --cpp_out /home/flexe/Flexe/src/flexe/proto/ 
/home/flexe/.conan/data/protobuf/3.17.1/_/_/package/53f76f058631e1c3a500008c75af3f37d7786131/bin/protoc --proto_path /home/flexe/Flexe --grpc_out=/home/flexe/Flexe/src/flexe/proto/ --plugin=protoc-gen-grpc=/home/flexe/.conan/data/grpc/1.38.1/_/_/package/44ecaec4536223f790dd5e0a72b2d16b1dfaa76c/bin/grpc_cpp_plugin /home/flexe/Flexe/flexe.proto
make[1]: Leaving directory '/home/flexe/Flexe/src'
16:59:06 **** Incremental Build of configuration gcc-release for project veins ****
make MODE=release -j8 all 
make[1]: Entering directory '/home/flexe/veins-veins-5.2/src'
make[1]: Nothing to be done for 'all'.
make[1]: Leaving directory '/home/flexe/veins-veins-5.2/src'
16:59:06 **** Incremental Build of configuration release for project flexe ****
make MODE=release all 
cd src && make
make[1]: Entering directory '/home/flexe/Flexe/src'
flexe/application/FedLimRSU11p.cc
flexe/application/FedLimRSU11p.cc:368:18: warning: 'random_shuffle<__gnu_cxx::__normal_iterator<int *, std::vector<int>>>' is deprecated: use 'std::shuffle' instead [-Wdeprecated-declarations]
            std::random_shuffle(std::begin(connectedClientsVector), std::end(connectedClientsVector));
                 ^
/usr/bin/../lib/gcc/x86_64-linux-gnu/12/../../../../include/c++/12/bits/stl_algo.h:4539:5: note: 'random_shuffle<__gnu_cxx::__normal_iterator<int *, std::vector<int>>>' has been explicitly marked deprecated here
    _GLIBCXX14_DEPRECATED_SUGGEST("std::shuffle")
    ^
/usr/bin/../lib/gcc/x86_64-linux-gnu/12/../../../../include/x86_64-linux-gnu/c++/12/bits/c++config.h:112:45: note: expanded from macro '_GLIBCXX14_DEPRECATED_SUGGEST'
# define _GLIBCXX14_DEPRECATED_SUGGEST(ALT) _GLIBCXX_DEPRECATED_SUGGEST(ALT)
                                            ^
/usr/bin/../lib/gcc/x86_64-linux-gnu/12/../../../../include/x86_64-linux-gnu/c++/12/bits/c++config.h:96:19: note: expanded from macro '_GLIBCXX_DEPRECATED_SUGGEST'
  __attribute__ ((__deprecated__ ("use '" ALT "' instead")))
                  ^
1 warning generated.
flexe/application/FedSETRANDOMRSU11p.cc
flexe/application/FedSETRANDOMRSU11p.cc:222:18: warning: 'random_shuffle<__gnu_cxx::__normal_iterator<int *, std::vector<int>>>' is deprecated: use 'std::shuffle' instead [-Wdeprecated-declarations]
            std::random_shuffle(std::begin(connectedClientsVector), std::end(connectedClientsVector));
                 ^
/usr/bin/../lib/gcc/x86_64-linux-gnu/12/../../../../include/c++/12/bits/stl_algo.h:4539:5: note: 'random_shuffle<__gnu_cxx::__normal_iterator<int *, std::vector<int>>>' has been explicitly marked deprecated here
    _GLIBCXX14_DEPRECATED_SUGGEST("std::shuffle")
    ^
/usr/bin/../lib/gcc/x86_64-linux-gnu/12/../../../../include/x86_64-linux-gnu/c++/12/bits/c++config.h:112:45: note: expanded from macro '_GLIBCXX14_DEPRECATED_SUGGEST'
# define _GLIBCXX14_DEPRECATED_SUGGEST(ALT) _GLIBCXX_DEPRECATED_SUGGEST(ALT)
                                            ^
/usr/bin/../lib/gcc/x86_64-linux-gnu/12/../../../../include/x86_64-linux-gnu/c++/12/bits/c++config.h:96:19: note: expanded from macro '_GLIBCXX_DEPRECATED_SUGGEST'
  __attribute__ ((__deprecated__ ("use '" ALT "' instead")))
                  ^
1 warning generated.
flexe/application/MLApp.cc
flexe/application/MLEntropyApp.cc
flexe/proto/flexe.grpc.pb.cc
flexe/proto/flexe.pb.cc
Creating shared library: ../out/clang-release/src/libflexe.so
echo /home/flexe/Flexe
/home/flexe/Flexe
/home/flexe/.conan/data/protobuf/3.17.1/_/_/package/53f76f058631e1c3a500008c75af3f37d7786131/bin/protoc --proto_path /home/flexe/Flexe /home/flexe/Flexe/flexe.proto --cpp_out /home/flexe/Flexe/src/flexe/proto/ 
/home/flexe/.conan/data/protobuf/3.17.1/_/_/package/53f76f058631e1c3a500008c75af3f37d7786131/bin/protoc --proto_path /home/flexe/Flexe --grpc_out=/home/flexe/Flexe/src/flexe/proto/ --plugin=protoc-gen-grpc=/home/flexe/.conan/data/grpc/1.38.1/_/_/package/44ecaec4536223f790dd5e0a72b2d16b1dfaa76c/bin/grpc_cpp_plugin /home/flexe/Flexe/flexe.proto
make[1]: Leaving directory '/home/flexe/Flexe/src'
16:59:51 **** Incremental Build of configuration gcc-release for project veins ****
make MODE=release -j8 all 
make[1]: Entering directory '/home/flexe/veins-veins-5.2/src'
make[1]: Nothing to be done for 'all'.
make[1]: Leaving directory '/home/flexe/veins-veins-5.2/src'
16:59:51 **** Incremental Build of configuration release for project flexe ****
make MODE=release all 
cd src && make
make[1]: Entering directory '/home/flexe/Flexe/src'
MSGC: flexe/messages/FlexeMessage.msg
flexe/application/FedLimRSU11p.cc
flexe/application/FedLimRSU11p.cc:368:18: warning: 'random_shuffle<__gnu_cxx::__normal_iterator<int *, std::vector<int>>>' is deprecated: use 'std::shuffle' instead [-Wdeprecated-declarations]
            std::random_shuffle(std::begin(connectedClientsVector), std::end(connectedClientsVector));
                 ^
/usr/bin/../lib/gcc/x86_64-linux-gnu/12/../../../../include/c++/12/bits/stl_algo.h:4539:5: note: 'random_shuffle<__gnu_cxx::__normal_iterator<int *, std::vector<int>>>' has been explicitly marked deprecated here
    _GLIBCXX14_DEPRECATED_SUGGEST("std::shuffle")
    ^
/usr/bin/../lib/gcc/x86_64-linux-gnu/12/../../../../include/x86_64-linux-gnu/c++/12/bits/c++config.h:112:45: note: expanded from macro '_GLIBCXX14_DEPRECATED_SUGGEST'
# define _GLIBCXX14_DEPRECATED_SUGGEST(ALT) _GLIBCXX_DEPRECATED_SUGGEST(ALT)
                                            ^
/usr/bin/../lib/gcc/x86_64-linux-gnu/12/../../../../include/x86_64-linux-gnu/c++/12/bits/c++config.h:96:19: note: expanded from macro '_GLIBCXX_DEPRECATED_SUGGEST'
  __attribute__ ((__deprecated__ ("use '" ALT "' instead")))
                  ^
1 warning generated.
flexe/application/FedSETRANDOMRSU11p.cc
flexe/application/FedSETRANDOMRSU11p.cc:222:18: warning: 'random_shuffle<__gnu_cxx::__normal_iterator<int *, std::vector<int>>>' is deprecated: use 'std::shuffle' instead [-Wdeprecated-declarations]
            std::random_shuffle(std::begin(connectedClientsVector), std::end(connectedClientsVector));
                 ^
/usr/bin/../lib/gcc/x86_64-linux-gnu/12/../../../../include/c++/12/bits/stl_algo.h:4539:5: note: 'random_shuffle<__gnu_cxx::__normal_iterator<int *, std::vector<int>>>' has been explicitly marked deprecated here
    _GLIBCXX14_DEPRECATED_SUGGEST("std::shuffle")
    ^
/usr/bin/../lib/gcc/x86_64-linux-gnu/12/../../../../include/x86_64-linux-gnu/c++/12/bits/c++config.h:112:45: note: expanded from macro '_GLIBCXX14_DEPRECATED_SUGGEST'
# define _GLIBCXX14_DEPRECATED_SUGGEST(ALT) _GLIBCXX_DEPRECATED_SUGGEST(ALT)
                                            ^
/usr/bin/../lib/gcc/x86_64-linux-gnu/12/../../../../include/x86_64-linux-gnu/c++/12/bits/c++config.h:96:19: note: expanded from macro '_GLIBCXX_DEPRECATED_SUGGEST'
  __attribute__ ((__deprecated__ ("use '" ALT "' instead")))
                  ^
1 warning generated.
flexe/application/MLApp.cc
flexe/application/MLEntropyApp.cc
flexe/proto/flexe.grpc.pb.cc
flexe/proto/flexe.pb.cc
flexe/messages/FlexeMessage_m.cc
Creating shared library: ../out/clang-release/src/libflexe.so
echo /home/flexe/Flexe
/home/flexe/Flexe
/home/flexe/.conan/data/protobuf/3.17.1/_/_/package/53f76f058631e1c3a500008c75af3f37d7786131/bin/protoc --proto_path /home/flexe/Flexe /home/flexe/Flexe/flexe.proto --cpp_out /home/flexe/Flexe/src/flexe/proto/ 
/home/flexe/.conan/data/protobuf/3.17.1/_/_/package/53f76f058631e1c3a500008c75af3f37d7786131/bin/protoc --proto_path /home/flexe/Flexe --grpc_out=/home/flexe/Flexe/src/flexe/proto/ --plugin=protoc-gen-grpc=/home/flexe/.conan/data/grpc/1.38.1/_/_/package/44ecaec4536223f790dd5e0a72b2d16b1dfaa76c/bin/grpc_cpp_plugin /home/flexe/Flexe/flexe.proto
make[1]: Leaving directory '/home/flexe/Flexe/src'
17:01:27 **** Incremental Build of configuration gcc-release for project veins ****
make MODE=release -j8 all 
make[1]: Entering directory '/home/flexe/veins-veins-5.2/src'
make[1]: Nothing to be done for 'all'.
make[1]: Leaving directory '/home/flexe/veins-veins-5.2/src'
17:01:27 **** Incremental Build of configuration release for project flexe ****
make MODE=release all 
cd src && make
make[1]: Entering directory '/home/flexe/Flexe/src'
flexe/application/FedLimRSU11p.cc
flexe/application/FedLimRSU11p.cc:368:18: warning: 'random_shuffle<__gnu_cxx::__normal_iterator<int *, std::vector<int>>>' is deprecated: use 'std::shuffle' instead [-Wdeprecated-declarations]
            std::random_shuffle(std::begin(connectedClientsVector), std::end(connectedClientsVector));
                 ^
/usr/bin/../lib/gcc/x86_64-linux-gnu/12/../../../../include/c++/12/bits/stl_algo.h:4539:5: note: 'random_shuffle<__gnu_cxx::__normal_iterator<int *, std::vector<int>>>' has been explicitly marked deprecated here
    _GLIBCXX14_DEPRECATED_SUGGEST("std::shuffle")
    ^
/usr/bin/../lib/gcc/x86_64-linux-gnu/12/../../../../include/x86_64-linux-gnu/c++/12/bits/c++config.h:112:45: note: expanded from macro '_GLIBCXX14_DEPRECATED_SUGGEST'
# define _GLIBCXX14_DEPRECATED_SUGGEST(ALT) _GLIBCXX_DEPRECATED_SUGGEST(ALT)
                                            ^
/usr/bin/../lib/gcc/x86_64-linux-gnu/12/../../../../include/x86_64-linux-gnu/c++/12/bits/c++config.h:96:19: note: expanded from macro '_GLIBCXX_DEPRECATED_SUGGEST'
  __attribute__ ((__deprecated__ ("use '" ALT "' instead")))
                  ^
1 warning generated.
flexe/application/FedSETRANDOMRSU11p.cc
flexe/application/FedSETRANDOMRSU11p.cc:222:18: warning: 'random_shuffle<__gnu_cxx::__normal_iterator<int *, std::vector<int>>>' is deprecated: use 'std::shuffle' instead [-Wdeprecated-declarations]
            std::random_shuffle(std::begin(connectedClientsVector), std::end(connectedClientsVector));
                 ^
/usr/bin/../lib/gcc/x86_64-linux-gnu/12/../../../../include/c++/12/bits/stl_algo.h:4539:5: note: 'random_shuffle<__gnu_cxx::__normal_iterator<int *, std::vector<int>>>' has been explicitly marked deprecated here
    _GLIBCXX14_DEPRECATED_SUGGEST("std::shuffle")
    ^
/usr/bin/../lib/gcc/x86_64-linux-gnu/12/../../../../include/x86_64-linux-gnu/c++/12/bits/c++config.h:112:45: note: expanded from macro '_GLIBCXX14_DEPRECATED_SUGGEST'
# define _GLIBCXX14_DEPRECATED_SUGGEST(ALT) _GLIBCXX_DEPRECATED_SUGGEST(ALT)
                                            ^
/usr/bin/../lib/gcc/x86_64-linux-gnu/12/../../../../include/x86_64-linux-gnu/c++/12/bits/c++config.h:96:19: note: expanded from macro '_GLIBCXX_DEPRECATED_SUGGEST'
  __attribute__ ((__deprecated__ ("use '" ALT "' instead")))
                  ^
1 warning generated.
flexe/application/MLApp.cc
flexe/application/MLEntropyApp.cc
flexe/proto/flexe.grpc.pb.cc
flexe/proto/flexe.pb.cc
Creating shared library: ../out/clang-release/src/libflexe.so
echo /home/flexe/Flexe
/home/flexe/Flexe
/home/flexe/.conan/data/protobuf/3.17.1/_/_/package/53f76f058631e1c3a500008c75af3f37d7786131/bin/protoc --proto_path /home/flexe/Flexe /home/flexe/Flexe/flexe.proto --cpp_out /home/flexe/Flexe/src/flexe/proto/ 
/home/flexe/.conan/data/protobuf/3.17.1/_/_/package/53f76f058631e1c3a500008c75af3f37d7786131/bin/protoc --proto_path /home/flexe/Flexe --grpc_out=/home/flexe/Flexe/src/flexe/proto/ --plugin=protoc-gen-grpc=/home/flexe/.conan/data/grpc/1.38.1/_/_/package/44ecaec4536223f790dd5e0a72b2d16b1dfaa76c/bin/grpc_cpp_plugin /home/flexe/Flexe/flexe.proto
make[1]: Leaving directory '/home/flexe/Flexe/src'
17:02:16 **** Incremental Build of configuration gcc-release for project veins ****
make MODE=release -j8 all 
make[1]: Entering directory '/home/flexe/veins-veins-5.2/src'
make[1]: Nothing to be done for 'all'.
make[1]: Leaving directory '/home/flexe/veins-veins-5.2/src'
17:02:17 **** Incremental Build of configuration release for project flexe ****
make MODE=release all 
cd src && make
make[1]: Entering directory '/home/flexe/Flexe/src'
flexe/application/FedLimRSU11p.cc
flexe/application/FedLimRSU11p.cc:372:18: warning: 'random_shuffle<__gnu_cxx::__normal_iterator<int *, std::vector<int>>>' is deprecated: use 'std::shuffle' instead [-Wdeprecated-declarations]
            std::random_shuffle(std::begin(connectedClientsVector), std::end(connectedClientsVector));
                 ^
/usr/bin/../lib/gcc/x86_64-linux-gnu/12/../../../../include/c++/12/bits/stl_algo.h:4539:5: note: 'random_shuffle<__gnu_cxx::__normal_iterator<int *, std::vector<int>>>' has been explicitly marked deprecated here
    _GLIBCXX14_DEPRECATED_SUGGEST("std::shuffle")
    ^
/usr/bin/../lib/gcc/x86_64-linux-gnu/12/../../../../include/x86_64-linux-gnu/c++/12/bits/c++config.h:112:45: note: expanded from macro '_GLIBCXX14_DEPRECATED_SUGGEST'
# define _GLIBCXX14_DEPRECATED_SUGGEST(ALT) _GLIBCXX_DEPRECATED_SUGGEST(ALT)
                                            ^
/usr/bin/../lib/gcc/x86_64-linux-gnu/12/../../../../include/x86_64-linux-gnu/c++/12/bits/c++config.h:96:19: note: expanded from macro '_GLIBCXX_DEPRECATED_SUGGEST'
  __attribute__ ((__deprecated__ ("use '" ALT "' instead")))
                  ^
1 warning generated.
flexe/application/FedSETRANDOMRSU11p.cc
flexe/application/FedSETRANDOMRSU11p.cc:222:18: warning: 'random_shuffle<__gnu_cxx::__normal_iterator<int *, std::vector<int>>>' is deprecated: use 'std::shuffle' instead [-Wdeprecated-declarations]
            std::random_shuffle(std::begin(connectedClientsVector), std::end(connectedClientsVector));
                 ^
/usr/bin/../lib/gcc/x86_64-linux-gnu/12/../../../../include/c++/12/bits/stl_algo.h:4539:5: note: 'random_shuffle<__gnu_cxx::__normal_iterator<int *, std::vector<int>>>' has been explicitly marked deprecated here
    _GLIBCXX14_DEPRECATED_SUGGEST("std::shuffle")
    ^
/usr/bin/../lib/gcc/x86_64-linux-gnu/12/../../../../include/x86_64-linux-gnu/c++/12/bits/c++config.h:112:45: note: expanded from macro '_GLIBCXX14_DEPRECATED_SUGGEST'
# define _GLIBCXX14_DEPRECATED_SUGGEST(ALT) _GLIBCXX_DEPRECATED_SUGGEST(ALT)
                                            ^
/usr/bin/../lib/gcc/x86_64-linux-gnu/12/../../../../include/x86_64-linux-gnu/c++/12/bits/c++config.h:96:19: note: expanded from macro '_GLIBCXX_DEPRECATED_SUGGEST'
  __attribute__ ((__deprecated__ ("use '" ALT "' instead")))
                  ^
1 warning generated.
flexe/application/MLApp.cc
flexe/application/MLEntropyApp.cc
flexe/proto/flexe.grpc.pb.cc
flexe/proto/flexe.pb.cc
Creating shared library: ../out/clang-release/src/libflexe.so
echo /home/flexe/Flexe
/home/flexe/Flexe
/home/flexe/.conan/data/protobuf/3.17.1/_/_/package/53f76f058631e1c3a500008c75af3f37d7786131/bin/protoc --proto_path /home/flexe/Flexe /home/flexe/Flexe/flexe.proto --cpp_out /home/flexe/Flexe/src/flexe/proto/ 
/home/flexe/.conan/data/protobuf/3.17.1/_/_/package/53f76f058631e1c3a500008c75af3f37d7786131/bin/protoc --proto_path /home/flexe/Flexe --grpc_out=/home/flexe/Flexe/src/flexe/proto/ --plugin=protoc-gen-grpc=/home/flexe/.conan/data/grpc/1.38.1/_/_/package/44ecaec4536223f790dd5e0a72b2d16b1dfaa76c/bin/grpc_cpp_plugin /home/flexe/Flexe/flexe.proto
make[1]: Leaving directory '/home/flexe/Flexe/src'
17:07:37 **** Incremental Build of configuration gcc-release for project veins ****
make MODE=release -j8 all 
make[1]: Entering directory '/home/flexe/veins-veins-5.2/src'
make[1]: Nothing to be done for 'all'.
make[1]: Leaving directory '/home/flexe/veins-veins-5.2/src'
17:07:37 **** Incremental Build of configuration release for project flexe ****
make MODE=release all 
cd src && make
make[1]: Entering directory '/home/flexe/Flexe/src'
flexe/application/FedLimRSU11p.cc
flexe/application/FedLimRSU11p.cc:372:18: warning: 'random_shuffle<__gnu_cxx::__normal_iterator<int *, std::vector<int>>>' is deprecated: use 'std::shuffle' instead [-Wdeprecated-declarations]
            std::random_shuffle(std::begin(connectedClientsVector), std::end(connectedClientsVector));
                 ^
/usr/bin/../lib/gcc/x86_64-linux-gnu/12/../../../../include/c++/12/bits/stl_algo.h:4539:5: note: 'random_shuffle<__gnu_cxx::__normal_iterator<int *, std::vector<int>>>' has been explicitly marked deprecated here
    _GLIBCXX14_DEPRECATED_SUGGEST("std::shuffle")
    ^
/usr/bin/../lib/gcc/x86_64-linux-gnu/12/../../../../include/x86_64-linux-gnu/c++/12/bits/c++config.h:112:45: note: expanded from macro '_GLIBCXX14_DEPRECATED_SUGGEST'
# define _GLIBCXX14_DEPRECATED_SUGGEST(ALT) _GLIBCXX_DEPRECATED_SUGGEST(ALT)
                                            ^
/usr/bin/../lib/gcc/x86_64-linux-gnu/12/../../../../include/x86_64-linux-gnu/c++/12/bits/c++config.h:96:19: note: expanded from macro '_GLIBCXX_DEPRECATED_SUGGEST'
  __attribute__ ((__deprecated__ ("use '" ALT "' instead")))
                  ^
1 warning generated.
flexe/application/FedSETRANDOMRSU11p.cc
flexe/application/FedSETRANDOMRSU11p.cc:222:18: warning: 'random_shuffle<__gnu_cxx::__normal_iterator<int *, std::vector<int>>>' is deprecated: use 'std::shuffle' instead [-Wdeprecated-declarations]
            std::random_shuffle(std::begin(connectedClientsVector), std::end(connectedClientsVector));
                 ^
/usr/bin/../lib/gcc/x86_64-linux-gnu/12/../../../../include/c++/12/bits/stl_algo.h:4539:5: note: 'random_shuffle<__gnu_cxx::__normal_iterator<int *, std::vector<int>>>' has been explicitly marked deprecated here
    _GLIBCXX14_DEPRECATED_SUGGEST("std::shuffle")
    ^
/usr/bin/../lib/gcc/x86_64-linux-gnu/12/../../../../include/x86_64-linux-gnu/c++/12/bits/c++config.h:112:45: note: expanded from macro '_GLIBCXX14_DEPRECATED_SUGGEST'
# define _GLIBCXX14_DEPRECATED_SUGGEST(ALT) _GLIBCXX_DEPRECATED_SUGGEST(ALT)
                                            ^
/usr/bin/../lib/gcc/x86_64-linux-gnu/12/../../../../include/x86_64-linux-gnu/c++/12/bits/c++config.h:96:19: note: expanded from macro '_GLIBCXX_DEPRECATED_SUGGEST'
  __attribute__ ((__deprecated__ ("use '" ALT "' instead")))
                  ^
1 warning generated.
flexe/application/MLApp.cc
flexe/application/MLEntropyApp.cc
flexe/proto/flexe.grpc.pb.cc
flexe/proto/flexe.pb.cc
Creating shared library: ../out/clang-release/src/libflexe.so
echo /home/flexe/Flexe
/home/flexe/Flexe
/home/flexe/.conan/data/protobuf/3.17.1/_/_/package/53f76f058631e1c3a500008c75af3f37d7786131/bin/protoc --proto_path /home/flexe/Flexe /home/flexe/Flexe/flexe.proto --cpp_out /home/flexe/Flexe/src/flexe/proto/ 
/home/flexe/.conan/data/protobuf/3.17.1/_/_/package/53f76f058631e1c3a500008c75af3f37d7786131/bin/protoc --proto_path /home/flexe/Flexe --grpc_out=/home/flexe/Flexe/src/flexe/proto/ --plugin=protoc-gen-grpc=/home/flexe/.conan/data/grpc/1.38.1/_/_/package/44ecaec4536223f790dd5e0a72b2d16b1dfaa76c/bin/grpc_cpp_plugin /home/flexe/Flexe/flexe.proto
make[1]: Leaving directory '/home/flexe/Flexe/src'
17:11:57 **** Incremental Build of configuration gcc-release for project veins ****
make MODE=release -j8 all 
make[1]: Entering directory '/home/flexe/veins-veins-5.2/src'
make[1]: Nothing to be done for 'all'.
make[1]: Leaving directory '/home/flexe/veins-veins-5.2/src'
17:11:58 **** Incremental Build of configuration release for project flexe ****
make MODE=release all 
cd src && make
make[1]: Entering directory '/home/flexe/Flexe/src'
flexe/application/FedLimRSU11p.cc
flexe/application/FedLimRSU11p.cc:413:18: warning: 'random_shuffle<__gnu_cxx::__normal_iterator<int *, std::vector<int>>>' is deprecated: use 'std::shuffle' instead [-Wdeprecated-declarations]
            std::random_shuffle(std::begin(connectedClientsVector), std::end(connectedClientsVector));
                 ^
/usr/bin/../lib/gcc/x86_64-linux-gnu/12/../../../../include/c++/12/bits/stl_algo.h:4539:5: note: 'random_shuffle<__gnu_cxx::__normal_iterator<int *, std::vector<int>>>' has been explicitly marked deprecated here
    _GLIBCXX14_DEPRECATED_SUGGEST("std::shuffle")
    ^
/usr/bin/../lib/gcc/x86_64-linux-gnu/12/../../../../include/x86_64-linux-gnu/c++/12/bits/c++config.h:112:45: note: expanded from macro '_GLIBCXX14_DEPRECATED_SUGGEST'
# define _GLIBCXX14_DEPRECATED_SUGGEST(ALT) _GLIBCXX_DEPRECATED_SUGGEST(ALT)
                                            ^
/usr/bin/../lib/gcc/x86_64-linux-gnu/12/../../../../include/x86_64-linux-gnu/c++/12/bits/c++config.h:96:19: note: expanded from macro '_GLIBCXX_DEPRECATED_SUGGEST'
  __attribute__ ((__deprecated__ ("use '" ALT "' instead")))
                  ^
1 warning generated.
flexe/application/FedSETRANDOMRSU11p.cc
flexe/application/FedSETRANDOMRSU11p.cc:222:18: warning: 'random_shuffle<__gnu_cxx::__normal_iterator<int *, std::vector<int>>>' is deprecated: use 'std::shuffle' instead [-Wdeprecated-declarations]
            std::random_shuffle(std::begin(connectedClientsVector), std::end(connectedClientsVector));
                 ^
/usr/bin/../lib/gcc/x86_64-linux-gnu/12/../../../../include/c++/12/bits/stl_algo.h:4539:5: note: 'random_shuffle<__gnu_cxx::__normal_iterator<int *, std::vector<int>>>' has been explicitly marked deprecated here
    _GLIBCXX14_DEPRECATED_SUGGEST("std::shuffle")
    ^
/usr/bin/../lib/gcc/x86_64-linux-gnu/12/../../../../include/x86_64-linux-gnu/c++/12/bits/c++config.h:112:45: note: expanded from macro '_GLIBCXX14_DEPRECATED_SUGGEST'
# define _GLIBCXX14_DEPRECATED_SUGGEST(ALT) _GLIBCXX_DEPRECATED_SUGGEST(ALT)
                                            ^
/usr/bin/../lib/gcc/x86_64-linux-gnu/12/../../../../include/x86_64-linux-gnu/c++/12/bits/c++config.h:96:19: note: expanded from macro '_GLIBCXX_DEPRECATED_SUGGEST'
  __attribute__ ((__deprecated__ ("use '" ALT "' instead")))
                  ^
1 warning generated.
flexe/application/MLApp.cc
flexe/application/MLEntropyApp.cc
flexe/proto/flexe.grpc.pb.cc
flexe/proto/flexe.pb.cc
Creating shared library: ../out/clang-release/src/libflexe.so
echo /home/flexe/Flexe
/home/flexe/Flexe
/home/flexe/.conan/data/protobuf/3.17.1/_/_/package/53f76f058631e1c3a500008c75af3f37d7786131/bin/protoc --proto_path /home/flexe/Flexe /home/flexe/Flexe/flexe.proto --cpp_out /home/flexe/Flexe/src/flexe/proto/ 
/home/flexe/.conan/data/protobuf/3.17.1/_/_/package/53f76f058631e1c3a500008c75af3f37d7786131/bin/protoc --proto_path /home/flexe/Flexe --grpc_out=/home/flexe/Flexe/src/flexe/proto/ --plugin=protoc-gen-grpc=/home/flexe/.conan/data/grpc/1.38.1/_/_/package/44ecaec4536223f790dd5e0a72b2d16b1dfaa76c/bin/grpc_cpp_plugin /home/flexe/Flexe/flexe.proto
make[1]: Leaving directory '/home/flexe/Flexe/src'
17:15:02 **** Incremental Build of configuration gcc-release for project veins ****
make MODE=release -j8 all 
make[1]: Entering directory '/home/flexe/veins-veins-5.2/src'
make[1]: Nothing to be done for 'all'.
make[1]: Leaving directory '/home/flexe/veins-veins-5.2/src'
17:15:03 **** Incremental Build of configuration release for project flexe ****
make MODE=release all 
cd src && make
make[1]: Entering directory '/home/flexe/Flexe/src'
flexe/application/FedLimRSU11p.cc
flexe/application/FedLimRSU11p.cc:427:18: warning: 'random_shuffle<__gnu_cxx::__normal_iterator<int *, std::vector<int>>>' is deprecated: use 'std::shuffle' instead [-Wdeprecated-declarations]
            std::random_shuffle(std::begin(connectedClientsVector), std::end(connectedClientsVector));
                 ^
/usr/bin/../lib/gcc/x86_64-linux-gnu/12/../../../../include/c++/12/bits/stl_algo.h:4539:5: note: 'random_shuffle<__gnu_cxx::__normal_iterator<int *, std::vector<int>>>' has been explicitly marked deprecated here
    _GLIBCXX14_DEPRECATED_SUGGEST("std::shuffle")
    ^
/usr/bin/../lib/gcc/x86_64-linux-gnu/12/../../../../include/x86_64-linux-gnu/c++/12/bits/c++config.h:112:45: note: expanded from macro '_GLIBCXX14_DEPRECATED_SUGGEST'
# define _GLIBCXX14_DEPRECATED_SUGGEST(ALT) _GLIBCXX_DEPRECATED_SUGGEST(ALT)
                                            ^
/usr/bin/../lib/gcc/x86_64-linux-gnu/12/../../../../include/x86_64-linux-gnu/c++/12/bits/c++config.h:96:19: note: expanded from macro '_GLIBCXX_DEPRECATED_SUGGEST'
  __attribute__ ((__deprecated__ ("use '" ALT "' instead")))
                  ^
1 warning generated.
flexe/application/FedSETRANDOMRSU11p.cc
flexe/application/FedSETRANDOMRSU11p.cc:222:18: warning: 'random_shuffle<__gnu_cxx::__normal_iterator<int *, std::vector<int>>>' is deprecated: use 'std::shuffle' instead [-Wdeprecated-declarations]
            std::random_shuffle(std::begin(connectedClientsVector), std::end(connectedClientsVector));
                 ^
/usr/bin/../lib/gcc/x86_64-linux-gnu/12/../../../../include/c++/12/bits/stl_algo.h:4539:5: note: 'random_shuffle<__gnu_cxx::__normal_iterator<int *, std::vector<int>>>' has been explicitly marked deprecated here
    _GLIBCXX14_DEPRECATED_SUGGEST("std::shuffle")
    ^
/usr/bin/../lib/gcc/x86_64-linux-gnu/12/../../../../include/x86_64-linux-gnu/c++/12/bits/c++config.h:112:45: note: expanded from macro '_GLIBCXX14_DEPRECATED_SUGGEST'
# define _GLIBCXX14_DEPRECATED_SUGGEST(ALT) _GLIBCXX_DEPRECATED_SUGGEST(ALT)
                                            ^
/usr/bin/../lib/gcc/x86_64-linux-gnu/12/../../../../include/x86_64-linux-gnu/c++/12/bits/c++config.h:96:19: note: expanded from macro '_GLIBCXX_DEPRECATED_SUGGEST'
  __attribute__ ((__deprecated__ ("use '" ALT "' instead")))
                  ^
1 warning generated.
flexe/application/MLApp.cc
flexe/application/MLEntropyApp.cc
flexe/proto/flexe.grpc.pb.cc
flexe/proto/flexe.pb.cc
Creating shared library: ../out/clang-release/src/libflexe.so
echo /home/flexe/Flexe
/home/flexe/Flexe
/home/flexe/.conan/data/protobuf/3.17.1/_/_/package/53f76f058631e1c3a500008c75af3f37d7786131/bin/protoc --proto_path /home/flexe/Flexe /home/flexe/Flexe/flexe.proto --cpp_out /home/flexe/Flexe/src/flexe/proto/ 
/home/flexe/.conan/data/protobuf/3.17.1/_/_/package/53f76f058631e1c3a500008c75af3f37d7786131/bin/protoc --proto_path /home/flexe/Flexe --grpc_out=/home/flexe/Flexe/src/flexe/proto/ --plugin=protoc-gen-grpc=/home/flexe/.conan/data/grpc/1.38.1/_/_/package/44ecaec4536223f790dd5e0a72b2d16b1dfaa76c/bin/grpc_cpp_plugin /home/flexe/Flexe/flexe.proto
make[1]: Leaving directory '/home/flexe/Flexe/src'
17:15:45 **** Incremental Build of configuration gcc-release for project veins ****
make MODE=release -j8 all 
make[1]: Entering directory '/home/flexe/veins-veins-5.2/src'
make[1]: Nothing to be done for 'all'.
make[1]: Leaving directory '/home/flexe/veins-veins-5.2/src'
17:15:46 **** Incremental Build of configuration release for project flexe ****
make MODE=release all 
cd src && make
make[1]: Entering directory '/home/flexe/Flexe/src'
flexe/application/FedLimRSU11p.cc
flexe/application/FedLimRSU11p.cc:425:18: warning: 'random_shuffle<__gnu_cxx::__normal_iterator<int *, std::vector<int>>>' is deprecated: use 'std::shuffle' instead [-Wdeprecated-declarations]
            std::random_shuffle(std::begin(connectedClientsVector), std::end(connectedClientsVector));
                 ^
/usr/bin/../lib/gcc/x86_64-linux-gnu/12/../../../../include/c++/12/bits/stl_algo.h:4539:5: note: 'random_shuffle<__gnu_cxx::__normal_iterator<int *, std::vector<int>>>' has been explicitly marked deprecated here
    _GLIBCXX14_DEPRECATED_SUGGEST("std::shuffle")
    ^
/usr/bin/../lib/gcc/x86_64-linux-gnu/12/../../../../include/x86_64-linux-gnu/c++/12/bits/c++config.h:112:45: note: expanded from macro '_GLIBCXX14_DEPRECATED_SUGGEST'
# define _GLIBCXX14_DEPRECATED_SUGGEST(ALT) _GLIBCXX_DEPRECATED_SUGGEST(ALT)
                                            ^
/usr/bin/../lib/gcc/x86_64-linux-gnu/12/../../../../include/x86_64-linux-gnu/c++/12/bits/c++config.h:96:19: note: expanded from macro '_GLIBCXX_DEPRECATED_SUGGEST'
  __attribute__ ((__deprecated__ ("use '" ALT "' instead")))
                  ^
1 warning generated.
flexe/application/FedSETRANDOMRSU11p.cc
flexe/application/FedSETRANDOMRSU11p.cc:222:18: warning: 'random_shuffle<__gnu_cxx::__normal_iterator<int *, std::vector<int>>>' is deprecated: use 'std::shuffle' instead [-Wdeprecated-declarations]
            std::random_shuffle(std::begin(connectedClientsVector), std::end(connectedClientsVector));
                 ^
/usr/bin/../lib/gcc/x86_64-linux-gnu/12/../../../../include/c++/12/bits/stl_algo.h:4539:5: note: 'random_shuffle<__gnu_cxx::__normal_iterator<int *, std::vector<int>>>' has been explicitly marked deprecated here
    _GLIBCXX14_DEPRECATED_SUGGEST("std::shuffle")
    ^
/usr/bin/../lib/gcc/x86_64-linux-gnu/12/../../../../include/x86_64-linux-gnu/c++/12/bits/c++config.h:112:45: note: expanded from macro '_GLIBCXX14_DEPRECATED_SUGGEST'
# define _GLIBCXX14_DEPRECATED_SUGGEST(ALT) _GLIBCXX_DEPRECATED_SUGGEST(ALT)
                                            ^
/usr/bin/../lib/gcc/x86_64-linux-gnu/12/../../../../include/x86_64-linux-gnu/c++/12/bits/c++config.h:96:19: note: expanded from macro '_GLIBCXX_DEPRECATED_SUGGEST'
  __attribute__ ((__deprecated__ ("use '" ALT "' instead")))
                  ^
1 warning generated.
flexe/application/MLApp.cc
flexe/application/MLEntropyApp.cc
flexe/proto/flexe.grpc.pb.cc
flexe/proto/flexe.pb.cc
Creating shared library: ../out/clang-release/src/libflexe.so
echo /home/flexe/Flexe
/home/flexe/Flexe
/home/flexe/.conan/data/protobuf/3.17.1/_/_/package/53f76f058631e1c3a500008c75af3f37d7786131/bin/protoc --proto_path /home/flexe/Flexe /home/flexe/Flexe/flexe.proto --cpp_out /home/flexe/Flexe/src/flexe/proto/ 
/home/flexe/.conan/data/protobuf/3.17.1/_/_/package/53f76f058631e1c3a500008c75af3f37d7786131/bin/protoc --proto_path /home/flexe/Flexe --grpc_out=/home/flexe/Flexe/src/flexe/proto/ --plugin=protoc-gen-grpc=/home/flexe/.conan/data/grpc/1.38.1/_/_/package/44ecaec4536223f790dd5e0a72b2d16b1dfaa76c/bin/grpc_cpp_plugin /home/flexe/Flexe/flexe.proto
make[1]: Leaving directory '/home/flexe/Flexe/src'
17:18:50 **** Incremental Build of configuration gcc-release for project veins ****
make MODE=release -j8 all 
make[1]: Entering directory '/home/flexe/veins-veins-5.2/src'
make[1]: Nothing to be done for 'all'.
make[1]: Leaving directory '/home/flexe/veins-veins-5.2/src'
17:18:51 **** Incremental Build of configuration release for project flexe ****
make MODE=release all 
cd src && make
make[1]: Entering directory '/home/flexe/Flexe/src'
flexe/application/FedLimRSU11p.cc
flexe/application/FedLimRSU11p.cc:298:30: error: no member named 'qualityScore' in 'flexe::FedLimRSU11p::ClientCommunication'
                entry.second.qualityScore =
                ~~~~~~~~~~~~ ^
flexe/application/FedLimRSU11p.cc:471:18: warning: 'random_shuffle<__gnu_cxx::__normal_iterator<int *, std::vector<int>>>' is deprecated: use 'std::shuffle' instead [-Wdeprecated-declarations]
            std::random_shuffle(std::begin(connectedClientsVector), std::end(connectedClientsVector));
                 ^
/usr/bin/../lib/gcc/x86_64-linux-gnu/12/../../../../include/c++/12/bits/stl_algo.h:4539:5: note: 'random_shuffle<__gnu_cxx::__normal_iterator<int *, std::vector<int>>>' has been explicitly marked deprecated here
    _GLIBCXX14_DEPRECATED_SUGGEST("std::shuffle")
    ^
/usr/bin/../lib/gcc/x86_64-linux-gnu/12/../../../../include/x86_64-linux-gnu/c++/12/bits/c++config.h:112:45: note: expanded from macro '_GLIBCXX14_DEPRECATED_SUGGEST'
# define _GLIBCXX14_DEPRECATED_SUGGEST(ALT) _GLIBCXX_DEPRECATED_SUGGEST(ALT)
                                            ^
/usr/bin/../lib/gcc/x86_64-linux-gnu/12/../../../../include/x86_64-linux-gnu/c++/12/bits/c++config.h:96:19: note: expanded from macro '_GLIBCXX_DEPRECATED_SUGGEST'
  __attribute__ ((__deprecated__ ("use '" ALT "' instead")))
                  ^
1 warning and 1 error generated.
make[1]: *** [Makefile:128: ../out/clang-release/src/flexe/application/FedLimRSU11p.o] Error 1
make[1]: Leaving directory '/home/flexe/Flexe/src'
make: *** [Makefile:2: all] Error 2
"make MODE=release all" terminated with exit code 2. Build might be incomplete.
17:19:23 **** Incremental Build of configuration gcc-release for project veins ****
make MODE=release -j8 all 
make[1]: Entering directory '/home/flexe/veins-veins-5.2/src'
make[1]: Nothing to be done for 'all'.
make[1]: Leaving directory '/home/flexe/veins-veins-5.2/src'
17:19:24 **** Incremental Build of configuration release for project flexe ****
make MODE=release all 
cd src && make
make[1]: Entering directory '/home/flexe/Flexe/src'
flexe/application/FedLimRSU11p.cc
flexe/application/FedLimRSU11p.cc:471:18: warning: 'random_shuffle<__gnu_cxx::__normal_iterator<int *, std::vector<int>>>' is deprecated: use 'std::shuffle' instead [-Wdeprecated-declarations]
            std::random_shuffle(std::begin(connectedClientsVector), std::end(connectedClientsVector));
                 ^
/usr/bin/../lib/gcc/x86_64-linux-gnu/12/../../../../include/c++/12/bits/stl_algo.h:4539:5: note: 'random_shuffle<__gnu_cxx::__normal_iterator<int *, std::vector<int>>>' has been explicitly marked deprecated here
    _GLIBCXX14_DEPRECATED_SUGGEST("std::shuffle")
    ^
/usr/bin/../lib/gcc/x86_64-linux-gnu/12/../../../../include/x86_64-linux-gnu/c++/12/bits/c++config.h:112:45: note: expanded from macro '_GLIBCXX14_DEPRECATED_SUGGEST'
# define _GLIBCXX14_DEPRECATED_SUGGEST(ALT) _GLIBCXX_DEPRECATED_SUGGEST(ALT)
                                            ^
/usr/bin/../lib/gcc/x86_64-linux-gnu/12/../../../../include/x86_64-linux-gnu/c++/12/bits/c++config.h:96:19: note: expanded from macro '_GLIBCXX_DEPRECATED_SUGGEST'
  __attribute__ ((__deprecated__ ("use '" ALT "' instead")))
                  ^
1 warning generated.
flexe/application/FedSETRANDOMRSU11p.cc
flexe/application/FedSETRANDOMRSU11p.cc:222:18: warning: 'random_shuffle<__gnu_cxx::__normal_iterator<int *, std::vector<int>>>' is deprecated: use 'std::shuffle' instead [-Wdeprecated-declarations]
            std::random_shuffle(std::begin(connectedClientsVector), std::end(connectedClientsVector));
                 ^
/usr/bin/../lib/gcc/x86_64-linux-gnu/12/../../../../include/c++/12/bits/stl_algo.h:4539:5: note: 'random_shuffle<__gnu_cxx::__normal_iterator<int *, std::vector<int>>>' has been explicitly marked deprecated here
    _GLIBCXX14_DEPRECATED_SUGGEST("std::shuffle")
    ^
/usr/bin/../lib/gcc/x86_64-linux-gnu/12/../../../../include/x86_64-linux-gnu/c++/12/bits/c++config.h:112:45: note: expanded from macro '_GLIBCXX14_DEPRECATED_SUGGEST'
# define _GLIBCXX14_DEPRECATED_SUGGEST(ALT) _GLIBCXX_DEPRECATED_SUGGEST(ALT)
                                            ^
/usr/bin/../lib/gcc/x86_64-linux-gnu/12/../../../../include/x86_64-linux-gnu/c++/12/bits/c++config.h:96:19: note: expanded from macro '_GLIBCXX_DEPRECATED_SUGGEST'
  __attribute__ ((__deprecated__ ("use '" ALT "' instead")))
                  ^
1 warning generated.
flexe/application/MLApp.cc
flexe/application/MLEntropyApp.cc
flexe/proto/flexe.grpc.pb.cc
flexe/proto/flexe.pb.cc
Creating shared library: ../out/clang-release/src/libflexe.so
echo /home/flexe/Flexe
/home/flexe/Flexe
/home/flexe/.conan/data/protobuf/3.17.1/_/_/package/53f76f058631e1c3a500008c75af3f37d7786131/bin/protoc --proto_path /home/flexe/Flexe /home/flexe/Flexe/flexe.proto --cpp_out /home/flexe/Flexe/src/flexe/proto/ 
/home/flexe/.conan/data/protobuf/3.17.1/_/_/package/53f76f058631e1c3a500008c75af3f37d7786131/bin/protoc --proto_path /home/flexe/Flexe --grpc_out=/home/flexe/Flexe/src/flexe/proto/ --plugin=protoc-gen-grpc=/home/flexe/.conan/data/grpc/1.38.1/_/_/package/44ecaec4536223f790dd5e0a72b2d16b1dfaa76c/bin/grpc_cpp_plugin /home/flexe/Flexe/flexe.proto
make[1]: Leaving directory '/home/flexe/Flexe/src'
17:20:26 **** Incremental Build of configuration gcc-release for project veins ****
make MODE=release -j8 all 
make[1]: Entering directory '/home/flexe/veins-veins-5.2/src'
make[1]: Nothing to be done for 'all'.
make[1]: Leaving directory '/home/flexe/veins-veins-5.2/src'
17:20:27 **** Incremental Build of configuration release for project flexe ****
make MODE=release all 
cd src && make
make[1]: Entering directory '/home/flexe/Flexe/src'
flexe/application/FedLimRSU11p.cc
flexe/application/FedLimRSU11p.cc:485:18: warning: 'random_shuffle<__gnu_cxx::__normal_iterator<int *, std::vector<int>>>' is deprecated: use 'std::shuffle' instead [-Wdeprecated-declarations]
            std::random_shuffle(std::begin(connectedClientsVector), std::end(connectedClientsVector));
                 ^
/usr/bin/../lib/gcc/x86_64-linux-gnu/12/../../../../include/c++/12/bits/stl_algo.h:4539:5: note: 'random_shuffle<__gnu_cxx::__normal_iterator<int *, std::vector<int>>>' has been explicitly marked deprecated here
    _GLIBCXX14_DEPRECATED_SUGGEST("std::shuffle")
    ^
/usr/bin/../lib/gcc/x86_64-linux-gnu/12/../../../../include/x86_64-linux-gnu/c++/12/bits/c++config.h:112:45: note: expanded from macro '_GLIBCXX14_DEPRECATED_SUGGEST'
# define _GLIBCXX14_DEPRECATED_SUGGEST(ALT) _GLIBCXX_DEPRECATED_SUGGEST(ALT)
                                            ^
/usr/bin/../lib/gcc/x86_64-linux-gnu/12/../../../../include/x86_64-linux-gnu/c++/12/bits/c++config.h:96:19: note: expanded from macro '_GLIBCXX_DEPRECATED_SUGGEST'
  __attribute__ ((__deprecated__ ("use '" ALT "' instead")))
                  ^
1 warning generated.
flexe/application/FedSETRANDOMRSU11p.cc
flexe/application/FedSETRANDOMRSU11p.cc:222:18: warning: 'random_shuffle<__gnu_cxx::__normal_iterator<int *, std::vector<int>>>' is deprecated: use 'std::shuffle' instead [-Wdeprecated-declarations]
            std::random_shuffle(std::begin(connectedClientsVector), std::end(connectedClientsVector));
                 ^
/usr/bin/../lib/gcc/x86_64-linux-gnu/12/../../../../include/c++/12/bits/stl_algo.h:4539:5: note: 'random_shuffle<__gnu_cxx::__normal_iterator<int *, std::vector<int>>>' has been explicitly marked deprecated here
    _GLIBCXX14_DEPRECATED_SUGGEST("std::shuffle")
    ^
/usr/bin/../lib/gcc/x86_64-linux-gnu/12/../../../../include/x86_64-linux-gnu/c++/12/bits/c++config.h:112:45: note: expanded from macro '_GLIBCXX14_DEPRECATED_SUGGEST'
# define _GLIBCXX14_DEPRECATED_SUGGEST(ALT) _GLIBCXX_DEPRECATED_SUGGEST(ALT)
                                            ^
/usr/bin/../lib/gcc/x86_64-linux-gnu/12/../../../../include/x86_64-linux-gnu/c++/12/bits/c++config.h:96:19: note: expanded from macro '_GLIBCXX_DEPRECATED_SUGGEST'
  __attribute__ ((__deprecated__ ("use '" ALT "' instead")))
                  ^
1 warning generated.
flexe/application/MLApp.cc
flexe/application/MLEntropyApp.cc
flexe/proto/flexe.grpc.pb.cc
flexe/proto/flexe.pb.cc
Creating shared library: ../out/clang-release/src/libflexe.so
echo /home/flexe/Flexe
/home/flexe/Flexe
/home/flexe/.conan/data/protobuf/3.17.1/_/_/package/53f76f058631e1c3a500008c75af3f37d7786131/bin/protoc --proto_path /home/flexe/Flexe /home/flexe/Flexe/flexe.proto --cpp_out /home/flexe/Flexe/src/flexe/proto/ 
/home/flexe/.conan/data/protobuf/3.17.1/_/_/package/53f76f058631e1c3a500008c75af3f37d7786131/bin/protoc --proto_path /home/flexe/Flexe --grpc_out=/home/flexe/Flexe/src/flexe/proto/ --plugin=protoc-gen-grpc=/home/flexe/.conan/data/grpc/1.38.1/_/_/package/44ecaec4536223f790dd5e0a72b2d16b1dfaa76c/bin/grpc_cpp_plugin /home/flexe/Flexe/flexe.proto
make[1]: Leaving directory '/home/flexe/Flexe/src'
17:24:47 **** Incremental Build of configuration gcc-release for project veins ****
make MODE=release -j8 all 
make[1]: Entering directory '/home/flexe/veins-veins-5.2/src'
make[1]: Nothing to be done for 'all'.
make[1]: Leaving directory '/home/flexe/veins-veins-5.2/src'
17:24:47 **** Incremental Build of configuration release for project flexe ****
make MODE=release all 
cd src && make
make[1]: Entering directory '/home/flexe/Flexe/src'
flexe/application/FedLimRSU11p.cc
flexe/application/FedSETRANDOMRSU11p.cc
flexe/application/FedSETRANDOMRSU11p.cc:222:18: warning: 'random_shuffle<__gnu_cxx::__normal_iterator<int *, std::vector<int>>>' is deprecated: use 'std::shuffle' instead [-Wdeprecated-declarations]
            std::random_shuffle(std::begin(connectedClientsVector), std::end(connectedClientsVector));
                 ^
/usr/bin/../lib/gcc/x86_64-linux-gnu/12/../../../../include/c++/12/bits/stl_algo.h:4539:5: note: 'random_shuffle<__gnu_cxx::__normal_iterator<int *, std::vector<int>>>' has been explicitly marked deprecated here
    _GLIBCXX14_DEPRECATED_SUGGEST("std::shuffle")
    ^
/usr/bin/../lib/gcc/x86_64-linux-gnu/12/../../../../include/x86_64-linux-gnu/c++/12/bits/c++config.h:112:45: note: expanded from macro '_GLIBCXX14_DEPRECATED_SUGGEST'
# define _GLIBCXX14_DEPRECATED_SUGGEST(ALT) _GLIBCXX_DEPRECATED_SUGGEST(ALT)
                                            ^
/usr/bin/../lib/gcc/x86_64-linux-gnu/12/../../../../include/x86_64-linux-gnu/c++/12/bits/c++config.h:96:19: note: expanded from macro '_GLIBCXX_DEPRECATED_SUGGEST'
  __attribute__ ((__deprecated__ ("use '" ALT "' instead")))
                  ^
1 warning generated.
flexe/application/MLApp.cc
flexe/application/MLEntropyApp.cc
flexe/proto/flexe.grpc.pb.cc
flexe/proto/flexe.pb.cc
Creating shared library: ../out/clang-release/src/libflexe.so
echo /home/flexe/Flexe
/home/flexe/Flexe
/home/flexe/.conan/data/protobuf/3.17.1/_/_/package/53f76f058631e1c3a500008c75af3f37d7786131/bin/protoc --proto_path /home/flexe/Flexe /home/flexe/Flexe/flexe.proto --cpp_out /home/flexe/Flexe/src/flexe/proto/ 
/home/flexe/.conan/data/protobuf/3.17.1/_/_/package/53f76f058631e1c3a500008c75af3f37d7786131/bin/protoc --proto_path /home/flexe/Flexe --grpc_out=/home/flexe/Flexe/src/flexe/proto/ --plugin=protoc-gen-grpc=/home/flexe/.conan/data/grpc/1.38.1/_/_/package/44ecaec4536223f790dd5e0a72b2d16b1dfaa76c/bin/grpc_cpp_plugin /home/flexe/Flexe/flexe.proto
make[1]: Leaving directory '/home/flexe/Flexe/src'
17:26:03 **** Incremental Build of configuration gcc-release for project veins ****
make MODE=release -j8 all 
make[1]: Entering directory '/home/flexe/veins-veins-5.2/src'
make[1]: Nothing to be done for 'all'.
make[1]: Leaving directory '/home/flexe/veins-veins-5.2/src'
17:26:04 **** Incremental Build of configuration release for project flexe ****
make MODE=release all 
cd src && make
make[1]: Entering directory '/home/flexe/Flexe/src'
flexe/application/FedLimRSU11p.cc
flexe/application/FedSETRANDOMRSU11p.cc
flexe/application/FedSETRANDOMRSU11p.cc:222:18: warning: 'random_shuffle<__gnu_cxx::__normal_iterator<int *, std::vector<int>>>' is deprecated: use 'std::shuffle' instead [-Wdeprecated-declarations]
            std::random_shuffle(std::begin(connectedClientsVector), std::end(connectedClientsVector));
                 ^
/usr/bin/../lib/gcc/x86_64-linux-gnu/12/../../../../include/c++/12/bits/stl_algo.h:4539:5: note: 'random_shuffle<__gnu_cxx::__normal_iterator<int *, std::vector<int>>>' has been explicitly marked deprecated here
    _GLIBCXX14_DEPRECATED_SUGGEST("std::shuffle")
    ^
/usr/bin/../lib/gcc/x86_64-linux-gnu/12/../../../../include/x86_64-linux-gnu/c++/12/bits/c++config.h:112:45: note: expanded from macro '_GLIBCXX14_DEPRECATED_SUGGEST'
# define _GLIBCXX14_DEPRECATED_SUGGEST(ALT) _GLIBCXX_DEPRECATED_SUGGEST(ALT)
                                            ^
/usr/bin/../lib/gcc/x86_64-linux-gnu/12/../../../../include/x86_64-linux-gnu/c++/12/bits/c++config.h:96:19: note: expanded from macro '_GLIBCXX_DEPRECATED_SUGGEST'
  __attribute__ ((__deprecated__ ("use '" ALT "' instead")))
                  ^
1 warning generated.
flexe/application/MLApp.cc
flexe/application/MLEntropyApp.cc
flexe/proto/flexe.grpc.pb.cc
flexe/proto/flexe.pb.cc
Creating shared library: ../out/clang-release/src/libflexe.so
echo /home/flexe/Flexe
/home/flexe/Flexe
/home/flexe/.conan/data/protobuf/3.17.1/_/_/package/53f76f058631e1c3a500008c75af3f37d7786131/bin/protoc --proto_path /home/flexe/Flexe /home/flexe/Flexe/flexe.proto --cpp_out /home/flexe/Flexe/src/flexe/proto/ 
/home/flexe/.conan/data/protobuf/3.17.1/_/_/package/53f76f058631e1c3a500008c75af3f37d7786131/bin/protoc --proto_path /home/flexe/Flexe --grpc_out=/home/flexe/Flexe/src/flexe/proto/ --plugin=protoc-gen-grpc=/home/flexe/.conan/data/grpc/1.38.1/_/_/package/44ecaec4536223f790dd5e0a72b2d16b1dfaa76c/bin/grpc_cpp_plugin /home/flexe/Flexe/flexe.proto
make[1]: Leaving directory '/home/flexe/Flexe/src'
17:31:59 **** Incremental Build of configuration gcc-release for project veins ****
make MODE=release -j8 all 
make[1]: Entering directory '/home/flexe/veins-veins-5.2/src'
make[1]: Nothing to be done for 'all'.
make[1]: Leaving directory '/home/flexe/veins-veins-5.2/src'
17:32:00 **** Incremental Build of configuration release for project flexe ****
make MODE=release all 
cd src && make
make[1]: Entering directory '/home/flexe/Flexe/src'
flexe/application/FedLimRSU11p.cc
flexe/application/FedSETRANDOMRSU11p.cc
flexe/application/FedSETRANDOMRSU11p.cc:222:18: warning: 'random_shuffle<__gnu_cxx::__normal_iterator<int *, std::vector<int>>>' is deprecated: use 'std::shuffle' instead [-Wdeprecated-declarations]
            std::random_shuffle(std::begin(connectedClientsVector), std::end(connectedClientsVector));
                 ^
/usr/bin/../lib/gcc/x86_64-linux-gnu/12/../../../../include/c++/12/bits/stl_algo.h:4539:5: note: 'random_shuffle<__gnu_cxx::__normal_iterator<int *, std::vector<int>>>' has been explicitly marked deprecated here
    _GLIBCXX14_DEPRECATED_SUGGEST("std::shuffle")
    ^
/usr/bin/../lib/gcc/x86_64-linux-gnu/12/../../../../include/x86_64-linux-gnu/c++/12/bits/c++config.h:112:45: note: expanded from macro '_GLIBCXX14_DEPRECATED_SUGGEST'
# define _GLIBCXX14_DEPRECATED_SUGGEST(ALT) _GLIBCXX_DEPRECATED_SUGGEST(ALT)
                                            ^
/usr/bin/../lib/gcc/x86_64-linux-gnu/12/../../../../include/x86_64-linux-gnu/c++/12/bits/c++config.h:96:19: note: expanded from macro '_GLIBCXX_DEPRECATED_SUGGEST'
  __attribute__ ((__deprecated__ ("use '" ALT "' instead")))
                  ^
1 warning generated.
flexe/application/MLApp.cc
flexe/application/MLEntropyApp.cc
flexe/proto/flexe.grpc.pb.cc
flexe/proto/flexe.pb.cc
Creating shared library: ../out/clang-release/src/libflexe.so
echo /home/flexe/Flexe
/home/flexe/Flexe
/home/flexe/.conan/data/protobuf/3.17.1/_/_/package/53f76f058631e1c3a500008c75af3f37d7786131/bin/protoc --proto_path /home/flexe/Flexe /home/flexe/Flexe/flexe.proto --cpp_out /home/flexe/Flexe/src/flexe/proto/ 
/home/flexe/.conan/data/protobuf/3.17.1/_/_/package/53f76f058631e1c3a500008c75af3f37d7786131/bin/protoc --proto_path /home/flexe/Flexe --grpc_out=/home/flexe/Flexe/src/flexe/proto/ --plugin=protoc-gen-grpc=/home/flexe/.conan/data/grpc/1.38.1/_/_/package/44ecaec4536223f790dd5e0a72b2d16b1dfaa76c/bin/grpc_cpp_plugin /home/flexe/Flexe/flexe.proto
make[1]: Leaving directory '/home/flexe/Flexe/src'
17:34:21 **** Incremental Build of configuration gcc-release for project veins ****
make MODE=release -j8 all 
make[1]: Entering directory '/home/flexe/veins-veins-5.2/src'
make[1]: Nothing to be done for 'all'.
make[1]: Leaving directory '/home/flexe/veins-veins-5.2/src'
17:34:22 **** Incremental Build of configuration release for project flexe ****
make MODE=release all 
cd src && make
make[1]: Entering directory '/home/flexe/Flexe/src'
flexe/application/FedLimRSU11p.cc
flexe/application/FedSETRANDOMRSU11p.cc
flexe/application/FedSETRANDOMRSU11p.cc:222:18: warning: 'random_shuffle<__gnu_cxx::__normal_iterator<int *, std::vector<int>>>' is deprecated: use 'std::shuffle' instead [-Wdeprecated-declarations]
            std::random_shuffle(std::begin(connectedClientsVector), std::end(connectedClientsVector));
                 ^
/usr/bin/../lib/gcc/x86_64-linux-gnu/12/../../../../include/c++/12/bits/stl_algo.h:4539:5: note: 'random_shuffle<__gnu_cxx::__normal_iterator<int *, std::vector<int>>>' has been explicitly marked deprecated here
    _GLIBCXX14_DEPRECATED_SUGGEST("std::shuffle")
    ^
/usr/bin/../lib/gcc/x86_64-linux-gnu/12/../../../../include/x86_64-linux-gnu/c++/12/bits/c++config.h:112:45: note: expanded from macro '_GLIBCXX14_DEPRECATED_SUGGEST'
# define _GLIBCXX14_DEPRECATED_SUGGEST(ALT) _GLIBCXX_DEPRECATED_SUGGEST(ALT)
                                            ^
/usr/bin/../lib/gcc/x86_64-linux-gnu/12/../../../../include/x86_64-linux-gnu/c++/12/bits/c++config.h:96:19: note: expanded from macro '_GLIBCXX_DEPRECATED_SUGGEST'
  __attribute__ ((__deprecated__ ("use '" ALT "' instead")))
                  ^
1 warning generated.
flexe/application/MLApp.cc
flexe/application/MLEntropyApp.cc
flexe/proto/flexe.grpc.pb.cc
flexe/proto/flexe.pb.cc
Creating shared library: ../out/clang-release/src/libflexe.so
echo /home/flexe/Flexe
/home/flexe/Flexe
/home/flexe/.conan/data/protobuf/3.17.1/_/_/package/53f76f058631e1c3a500008c75af3f37d7786131/bin/protoc --proto_path /home/flexe/Flexe /home/flexe/Flexe/flexe.proto --cpp_out /home/flexe/Flexe/src/flexe/proto/ 
/home/flexe/.conan/data/protobuf/3.17.1/_/_/package/53f76f058631e1c3a500008c75af3f37d7786131/bin/protoc --proto_path /home/flexe/Flexe --grpc_out=/home/flexe/Flexe/src/flexe/proto/ --plugin=protoc-gen-grpc=/home/flexe/.conan/data/grpc/1.38.1/_/_/package/44ecaec4536223f790dd5e0a72b2d16b1dfaa76c/bin/grpc_cpp_plugin /home/flexe/Flexe/flexe.proto
make[1]: Leaving directory '/home/flexe/Flexe/src'
17:36:17 **** Incremental Build of configuration gcc-release for project veins ****
make MODE=release -j8 all 
make[1]: Entering directory '/home/flexe/veins-veins-5.2/src'
make[1]: Nothing to be done for 'all'.
make[1]: Leaving directory '/home/flexe/veins-veins-5.2/src'
17:36:18 **** Incremental Build of configuration release for project flexe ****
make MODE=release all 
cd src && make
make[1]: Entering directory '/home/flexe/Flexe/src'
flexe/application/FedLimRSU11p.cc
flexe/application/FedSETRANDOMRSU11p.cc
flexe/application/FedSETRANDOMRSU11p.cc:222:18: warning: 'random_shuffle<__gnu_cxx::__normal_iterator<int *, std::vector<int>>>' is deprecated: use 'std::shuffle' instead [-Wdeprecated-declarations]
            std::random_shuffle(std::begin(connectedClientsVector), std::end(connectedClientsVector));
                 ^
/usr/bin/../lib/gcc/x86_64-linux-gnu/12/../../../../include/c++/12/bits/stl_algo.h:4539:5: note: 'random_shuffle<__gnu_cxx::__normal_iterator<int *, std::vector<int>>>' has been explicitly marked deprecated here
    _GLIBCXX14_DEPRECATED_SUGGEST("std::shuffle")
    ^
/usr/bin/../lib/gcc/x86_64-linux-gnu/12/../../../../include/x86_64-linux-gnu/c++/12/bits/c++config.h:112:45: note: expanded from macro '_GLIBCXX14_DEPRECATED_SUGGEST'
# define _GLIBCXX14_DEPRECATED_SUGGEST(ALT) _GLIBCXX_DEPRECATED_SUGGEST(ALT)
                                            ^
/usr/bin/../lib/gcc/x86_64-linux-gnu/12/../../../../include/x86_64-linux-gnu/c++/12/bits/c++config.h:96:19: note: expanded from macro '_GLIBCXX_DEPRECATED_SUGGEST'
  __attribute__ ((__deprecated__ ("use '" ALT "' instead")))
                  ^
1 warning generated.
flexe/application/MLApp.cc
flexe/application/MLEntropyApp.cc
flexe/proto/flexe.grpc.pb.cc
flexe/proto/flexe.pb.cc
Creating shared library: ../out/clang-release/src/libflexe.so
echo /home/flexe/Flexe
/home/flexe/Flexe
/home/flexe/.conan/data/protobuf/3.17.1/_/_/package/53f76f058631e1c3a500008c75af3f37d7786131/bin/protoc --proto_path /home/flexe/Flexe /home/flexe/Flexe/flexe.proto --cpp_out /home/flexe/Flexe/src/flexe/proto/ 
/home/flexe/.conan/data/protobuf/3.17.1/_/_/package/53f76f058631e1c3a500008c75af3f37d7786131/bin/protoc --proto_path /home/flexe/Flexe --grpc_out=/home/flexe/Flexe/src/flexe/proto/ --plugin=protoc-gen-grpc=/home/flexe/.conan/data/grpc/1.38.1/_/_/package/44ecaec4536223f790dd5e0a72b2d16b1dfaa76c/bin/grpc_cpp_plugin /home/flexe/Flexe/flexe.proto
make[1]: Leaving directory '/home/flexe/Flexe/src'
17:42:35 **** Incremental Build of configuration gcc-release for project veins ****
make MODE=release -j8 all 
make[1]: Entering directory '/home/flexe/veins-veins-5.2/src'
make[1]: Nothing to be done for 'all'.
make[1]: Leaving directory '/home/flexe/veins-veins-5.2/src'
17:42:36 **** Incremental Build of configuration release for project flexe ****
make MODE=release all 
cd src && make
make[1]: Entering directory '/home/flexe/Flexe/src'
flexe/application/FedLimRSU11p.cc
flexe/application/FedSETRANDOMRSU11p.cc
flexe/application/FedSETRANDOMRSU11p.cc:222:18: warning: 'random_shuffle<__gnu_cxx::__normal_iterator<int *, std::vector<int>>>' is deprecated: use 'std::shuffle' instead [-Wdeprecated-declarations]
            std::random_shuffle(std::begin(connectedClientsVector), std::end(connectedClientsVector));
                 ^
/usr/bin/../lib/gcc/x86_64-linux-gnu/12/../../../../include/c++/12/bits/stl_algo.h:4539:5: note: 'random_shuffle<__gnu_cxx::__normal_iterator<int *, std::vector<int>>>' has been explicitly marked deprecated here
    _GLIBCXX14_DEPRECATED_SUGGEST("std::shuffle")
    ^
/usr/bin/../lib/gcc/x86_64-linux-gnu/12/../../../../include/x86_64-linux-gnu/c++/12/bits/c++config.h:112:45: note: expanded from macro '_GLIBCXX14_DEPRECATED_SUGGEST'
# define _GLIBCXX14_DEPRECATED_SUGGEST(ALT) _GLIBCXX_DEPRECATED_SUGGEST(ALT)
                                            ^
/usr/bin/../lib/gcc/x86_64-linux-gnu/12/../../../../include/x86_64-linux-gnu/c++/12/bits/c++config.h:96:19: note: expanded from macro '_GLIBCXX_DEPRECATED_SUGGEST'
  __attribute__ ((__deprecated__ ("use '" ALT "' instead")))
                  ^
1 warning generated.
flexe/application/MLApp.cc
flexe/application/MLEntropyApp.cc
flexe/proto/flexe.grpc.pb.cc
flexe/proto/flexe.pb.cc
Creating shared library: ../out/clang-release/src/libflexe.so
echo /home/flexe/Flexe
/home/flexe/Flexe
/home/flexe/.conan/data/protobuf/3.17.1/_/_/package/53f76f058631e1c3a500008c75af3f37d7786131/bin/protoc --proto_path /home/flexe/Flexe /home/flexe/Flexe/flexe.proto --cpp_out /home/flexe/Flexe/src/flexe/proto/ 
/home/flexe/.conan/data/protobuf/3.17.1/_/_/package/53f76f058631e1c3a500008c75af3f37d7786131/bin/protoc --proto_path /home/flexe/Flexe --grpc_out=/home/flexe/Flexe/src/flexe/proto/ --plugin=protoc-gen-grpc=/home/flexe/.conan/data/grpc/1.38.1/_/_/package/44ecaec4536223f790dd5e0a72b2d16b1dfaa76c/bin/grpc_cpp_plugin /home/flexe/Flexe/flexe.proto
make[1]: Leaving directory '/home/flexe/Flexe/src'
17:45:52 **** Incremental Build of configuration gcc-release for project veins ****
make MODE=release -j8 all 
make[1]: Entering directory '/home/flexe/veins-veins-5.2/src'
make[1]: Nothing to be done for 'all'.
make[1]: Leaving directory '/home/flexe/veins-veins-5.2/src'
17:45:53 **** Incremental Build of configuration release for project flexe ****
make MODE=release all 
cd src && make
make[1]: Entering directory '/home/flexe/Flexe/src'
flexe/application/FedLimRSU11p.cc
flexe/application/FedLimRSU11p.cc:475:5: error: 'case' statement not in switch statement
    case CLIENT_SELECTION_EVT:{
    ^
flexe/application/FedLimRSU11p.cc:681:9: error: 'break' statement not in loop or switch statement
        break;
        ^
flexe/application/FedLimRSU11p.cc:685:9: error: 'break' statement not in loop or switch statement
        break;
        ^
flexe/application/FedLimRSU11p.cc:683:5: error: 'default' statement not in switch statement
    default: {
    ^
flexe/application/FedLimRSU11p.cc:688:1: error: extraneous closing brace ('}')
}
^
5 errors generated.
make[1]: Leaving directory '/home/flexe/Flexe/src'
make[1]: *** [Makefile:128: ../out/clang-release/src/flexe/application/FedLimRSU11p.o] Error 1
make: *** [Makefile:2: all] Error 2
"make MODE=release all" terminated with exit code 2. Build might be incomplete.
17:47:35 **** Incremental Build of configuration gcc-release for project veins ****
make MODE=release -j8 all 
make[1]: Entering directory '/home/flexe/veins-veins-5.2/src'
make[1]: Nothing to be done for 'all'.
make[1]: Leaving directory '/home/flexe/veins-veins-5.2/src'
17:47:36 **** Incremental Build of configuration release for project flexe ****
make MODE=release all 
cd src && make
make[1]: Entering directory '/home/flexe/Flexe/src'
flexe/application/FedLimRSU11p.cc
flexe/application/FedLimRSU11p.cc:316:20: error: redefinition of 'maxLatency'
            double maxLatency = 0.0;
                   ^
flexe/application/FedLimRSU11p.cc:216:16: note: previous definition is here
        double maxLatency = 0.0;
               ^
flexe/application/FedLimRSU11p.cc:529:5: error: 'case' statement not in switch statement
    case CLIENT_SELECTION_EVT:{
    ^
flexe/application/FedLimRSU11p.cc:735:9: error: 'break' statement not in loop or switch statement
        break;
        ^
flexe/application/FedLimRSU11p.cc:739:9: error: 'break' statement not in loop or switch statement
        break;
        ^
flexe/application/FedLimRSU11p.cc:737:5: error: 'default' statement not in switch statement
    default: {
    ^
flexe/application/FedLimRSU11p.cc:742:1: error: extraneous closing brace ('}')
}
^
6 errors generated.
make[1]: *** [Makefile:128: ../out/clang-release/src/flexe/application/FedLimRSU11p.o] Error 1
make: *** [Makefile:2: all] Error 2
make[1]: Leaving directory '/home/flexe/Flexe/src'
"make MODE=release all" terminated with exit code 2. Build might be incomplete.
17:51:02 **** Incremental Build of configuration gcc-release for project veins ****
make MODE=release -j8 all 
make[1]: Entering directory '/home/flexe/veins-veins-5.2/src'
make[1]: Nothing to be done for 'all'.
make[1]: Leaving directory '/home/flexe/veins-veins-5.2/src'
17:51:03 **** Incremental Build of configuration release for project flexe ****
make MODE=release all 
cd src && make
make[1]: Entering directory '/home/flexe/Flexe/src'
flexe/application/FedLimRSU11p.cc
flexe/application/FedLimRSU11p.cc:475:5: error: 'case' statement not in switch statement
    case CLIENT_SELECTION_EVT:{
    ^
flexe/application/FedLimRSU11p.cc:681:9: error: 'break' statement not in loop or switch statement
        break;
        ^
flexe/application/FedLimRSU11p.cc:685:9: error: 'break' statement not in loop or switch statement
        break;
        ^
flexe/application/FedLimRSU11p.cc:683:5: error: 'default' statement not in switch statement
    default: {
    ^
flexe/application/FedLimRSU11p.cc:688:1: error: extraneous closing brace ('}')
}
^
5 errors generated.
make[1]: *** [Makefile:128: ../out/clang-release/src/flexe/application/FedLimRSU11p.o] Error 1
make: *** [Makefile:2: all] Error 2
make[1]: Leaving directory '/home/flexe/Flexe/src'
"make MODE=release all" terminated with exit code 2. Build might be incomplete.
17:53:48 **** Incremental Build of configuration gcc-release for project veins ****
make MODE=release -j8 all 
make[1]: Entering directory '/home/flexe/veins-veins-5.2/src'
make[1]: Nothing to be done for 'all'.
make[1]: Leaving directory '/home/flexe/veins-veins-5.2/src'
17:53:49 **** Incremental Build of configuration release for project flexe ****
make MODE=release all 
cd src && make
make[1]: Entering directory '/home/flexe/Flexe/src'
flexe/application/FedLimRSU11p.cc
flexe/application/FedLimRSU11p.cc:417:5: error: 'case' statement not in switch statement
    case CLIENT_SELECTION_EVT:{
    ^
flexe/application/FedLimRSU11p.cc:623:9: error: 'break' statement not in loop or switch statement
        break;
        ^
flexe/application/FedLimRSU11p.cc:627:9: error: 'break' statement not in loop or switch statement
        break;
        ^
flexe/application/FedLimRSU11p.cc:625:5: error: 'default' statement not in switch statement
    default: {
    ^
flexe/application/FedLimRSU11p.cc:630:1: error: extraneous closing brace ('}')
}
^
5 errors generated.
make[1]: *** [Makefile:128: ../out/clang-release/src/flexe/application/FedLimRSU11p.o] Error 1
make[1]: Leaving directory '/home/flexe/Flexe/src'
make: *** [Makefile:2: all] Error 2
"make MODE=release all" terminated with exit code 2. Build might be incomplete.
17:56:01 **** Incremental Build of configuration gcc-release for project veins ****
make MODE=release -j8 all 
make[1]: Entering directory '/home/flexe/veins-veins-5.2/src'
make[1]: Nothing to be done for 'all'.
make[1]: Leaving directory '/home/flexe/veins-veins-5.2/src'
17:56:02 **** Incremental Build of configuration release for project flexe ****
make MODE=release all 
cd src && make
make[1]: Entering directory '/home/flexe/Flexe/src'
flexe/application/FedLimRSU11p.cc
flexe/application/FedSETRANDOMRSU11p.cc
flexe/application/FedSETRANDOMRSU11p.cc:222:18: warning: 'random_shuffle<__gnu_cxx::__normal_iterator<int *, std::vector<int>>>' is deprecated: use 'std::shuffle' instead [-Wdeprecated-declarations]
            std::random_shuffle(std::begin(connectedClientsVector), std::end(connectedClientsVector));
                 ^
/usr/bin/../lib/gcc/x86_64-linux-gnu/12/../../../../include/c++/12/bits/stl_algo.h:4539:5: note: 'random_shuffle<__gnu_cxx::__normal_iterator<int *, std::vector<int>>>' has been explicitly marked deprecated here
    _GLIBCXX14_DEPRECATED_SUGGEST("std::shuffle")
    ^
/usr/bin/../lib/gcc/x86_64-linux-gnu/12/../../../../include/x86_64-linux-gnu/c++/12/bits/c++config.h:112:45: note: expanded from macro '_GLIBCXX14_DEPRECATED_SUGGEST'
# define _GLIBCXX14_DEPRECATED_SUGGEST(ALT) _GLIBCXX_DEPRECATED_SUGGEST(ALT)
                                            ^
/usr/bin/../lib/gcc/x86_64-linux-gnu/12/../../../../include/x86_64-linux-gnu/c++/12/bits/c++config.h:96:19: note: expanded from macro '_GLIBCXX_DEPRECATED_SUGGEST'
  __attribute__ ((__deprecated__ ("use '" ALT "' instead")))
                  ^
1 warning generated.
flexe/application/MLApp.cc
flexe/application/MLEntropyApp.cc
flexe/proto/flexe.grpc.pb.cc
flexe/proto/flexe.pb.cc
Creating shared library: ../out/clang-release/src/libflexe.so
echo /home/flexe/Flexe
/home/flexe/Flexe
/home/flexe/.conan/data/protobuf/3.17.1/_/_/package/53f76f058631e1c3a500008c75af3f37d7786131/bin/protoc --proto_path /home/flexe/Flexe /home/flexe/Flexe/flexe.proto --cpp_out /home/flexe/Flexe/src/flexe/proto/ 
/home/flexe/.conan/data/protobuf/3.17.1/_/_/package/53f76f058631e1c3a500008c75af3f37d7786131/bin/protoc --proto_path /home/flexe/Flexe --grpc_out=/home/flexe/Flexe/src/flexe/proto/ --plugin=protoc-gen-grpc=/home/flexe/.conan/data/grpc/1.38.1/_/_/package/44ecaec4536223f790dd5e0a72b2d16b1dfaa76c/bin/grpc_cpp_plugin /home/flexe/Flexe/flexe.proto
make[1]: Leaving directory '/home/flexe/Flexe/src'
18:00:17 **** Incremental Build of configuration gcc-release for project veins ****
make MODE=release -j8 all 
make[1]: Entering directory '/home/flexe/veins-veins-5.2/src'
make[1]: Nothing to be done for 'all'.
make[1]: Leaving directory '/home/flexe/veins-veins-5.2/src'
18:00:18 **** Incremental Build of configuration release for project flexe ****
make MODE=release all 
cd src && make
make[1]: Entering directory '/home/flexe/Flexe/src'
flexe/application/FedLimRSU11p.cc
flexe/application/FedSETRANDOMRSU11p.cc
flexe/application/FedSETRANDOMRSU11p.cc:222:18: warning: 'random_shuffle<__gnu_cxx::__normal_iterator<int *, std::vector<int>>>' is deprecated: use 'std::shuffle' instead [-Wdeprecated-declarations]
            std::random_shuffle(std::begin(connectedClientsVector), std::end(connectedClientsVector));
                 ^
/usr/bin/../lib/gcc/x86_64-linux-gnu/12/../../../../include/c++/12/bits/stl_algo.h:4539:5: note: 'random_shuffle<__gnu_cxx::__normal_iterator<int *, std::vector<int>>>' has been explicitly marked deprecated here
    _GLIBCXX14_DEPRECATED_SUGGEST("std::shuffle")
    ^
/usr/bin/../lib/gcc/x86_64-linux-gnu/12/../../../../include/x86_64-linux-gnu/c++/12/bits/c++config.h:112:45: note: expanded from macro '_GLIBCXX14_DEPRECATED_SUGGEST'
# define _GLIBCXX14_DEPRECATED_SUGGEST(ALT) _GLIBCXX_DEPRECATED_SUGGEST(ALT)
                                            ^
/usr/bin/../lib/gcc/x86_64-linux-gnu/12/../../../../include/x86_64-linux-gnu/c++/12/bits/c++config.h:96:19: note: expanded from macro '_GLIBCXX_DEPRECATED_SUGGEST'
  __attribute__ ((__deprecated__ ("use '" ALT "' instead")))
                  ^
1 warning generated.
flexe/application/MLApp.cc
flexe/application/MLEntropyApp.cc
flexe/proto/flexe.grpc.pb.cc
flexe/proto/flexe.pb.cc
Creating shared library: ../out/clang-release/src/libflexe.so
echo /home/flexe/Flexe
/home/flexe/Flexe
/home/flexe/.conan/data/protobuf/3.17.1/_/_/package/53f76f058631e1c3a500008c75af3f37d7786131/bin/protoc --proto_path /home/flexe/Flexe /home/flexe/Flexe/flexe.proto --cpp_out /home/flexe/Flexe/src/flexe/proto/ 
/home/flexe/.conan/data/protobuf/3.17.1/_/_/package/53f76f058631e1c3a500008c75af3f37d7786131/bin/protoc --proto_path /home/flexe/Flexe --grpc_out=/home/flexe/Flexe/src/flexe/proto/ --plugin=protoc-gen-grpc=/home/flexe/.conan/data/grpc/1.38.1/_/_/package/44ecaec4536223f790dd5e0a72b2d16b1dfaa76c/bin/grpc_cpp_plugin /home/flexe/Flexe/flexe.proto
make[1]: Leaving directory '/home/flexe/Flexe/src'
18:01:06 **** Incremental Build of configuration gcc-release for project veins ****
make MODE=release -j8 all 
make[1]: Entering directory '/home/flexe/veins-veins-5.2/src'
make[1]: Nothing to be done for 'all'.
make[1]: Leaving directory '/home/flexe/veins-veins-5.2/src'
18:01:07 **** Incremental Build of configuration release for project flexe ****
make MODE=release all 
cd src && make
make[1]: Entering directory '/home/flexe/Flexe/src'
flexe/application/FedLimRSU11p.cc
flexe/application/FedSETRANDOMRSU11p.cc
flexe/application/FedSETRANDOMRSU11p.cc:222:18: warning: 'random_shuffle<__gnu_cxx::__normal_iterator<int *, std::vector<int>>>' is deprecated: use 'std::shuffle' instead [-Wdeprecated-declarations]
            std::random_shuffle(std::begin(connectedClientsVector), std::end(connectedClientsVector));
                 ^
/usr/bin/../lib/gcc/x86_64-linux-gnu/12/../../../../include/c++/12/bits/stl_algo.h:4539:5: note: 'random_shuffle<__gnu_cxx::__normal_iterator<int *, std::vector<int>>>' has been explicitly marked deprecated here
    _GLIBCXX14_DEPRECATED_SUGGEST("std::shuffle")
    ^
/usr/bin/../lib/gcc/x86_64-linux-gnu/12/../../../../include/x86_64-linux-gnu/c++/12/bits/c++config.h:112:45: note: expanded from macro '_GLIBCXX14_DEPRECATED_SUGGEST'
# define _GLIBCXX14_DEPRECATED_SUGGEST(ALT) _GLIBCXX_DEPRECATED_SUGGEST(ALT)
                                            ^
/usr/bin/../lib/gcc/x86_64-linux-gnu/12/../../../../include/x86_64-linux-gnu/c++/12/bits/c++config.h:96:19: note: expanded from macro '_GLIBCXX_DEPRECATED_SUGGEST'
  __attribute__ ((__deprecated__ ("use '" ALT "' instead")))
                  ^
1 warning generated.
flexe/application/MLApp.cc
flexe/application/MLEntropyApp.cc
flexe/proto/flexe.grpc.pb.cc
flexe/proto/flexe.pb.cc
Creating shared library: ../out/clang-release/src/libflexe.so
echo /home/flexe/Flexe
/home/flexe/Flexe
/home/flexe/.conan/data/protobuf/3.17.1/_/_/package/53f76f058631e1c3a500008c75af3f37d7786131/bin/protoc --proto_path /home/flexe/Flexe /home/flexe/Flexe/flexe.proto --cpp_out /home/flexe/Flexe/src/flexe/proto/ 
/home/flexe/.conan/data/protobuf/3.17.1/_/_/package/53f76f058631e1c3a500008c75af3f37d7786131/bin/protoc --proto_path /home/flexe/Flexe --grpc_out=/home/flexe/Flexe/src/flexe/proto/ --plugin=protoc-gen-grpc=/home/flexe/.conan/data/grpc/1.38.1/_/_/package/44ecaec4536223f790dd5e0a72b2d16b1dfaa76c/bin/grpc_cpp_plugin /home/flexe/Flexe/flexe.proto
make[1]: Leaving directory '/home/flexe/Flexe/src'
23:05:29 **** Incremental Build of configuration gcc-release for project veins ****
make MODE=release -j8 all 
make[1]: Entering directory '/home/flexe/veins-veins-5.2/src'
make[1]: Nothing to be done for 'all'.
make[1]: Leaving directory '/home/flexe/veins-veins-5.2/src'
23:05:30 **** Incremental Build of configuration release for project flexe ****
make MODE=release all 
cd src && make
make[1]: Entering directory '/home/flexe/Flexe/src'
flexe/application/FedLimRSU11p.cc
flexe/application/FedSETRANDOMRSU11p.cc
flexe/application/FedSETRANDOMRSU11p.cc:222:18: warning: 'random_shuffle<__gnu_cxx::__normal_iterator<int *, std::vector<int>>>' is deprecated: use 'std::shuffle' instead [-Wdeprecated-declarations]
            std::random_shuffle(std::begin(connectedClientsVector), std::end(connectedClientsVector));
                 ^
/usr/bin/../lib/gcc/x86_64-linux-gnu/12/../../../../include/c++/12/bits/stl_algo.h:4539:5: note: 'random_shuffle<__gnu_cxx::__normal_iterator<int *, std::vector<int>>>' has been explicitly marked deprecated here
    _GLIBCXX14_DEPRECATED_SUGGEST("std::shuffle")
    ^
/usr/bin/../lib/gcc/x86_64-linux-gnu/12/../../../../include/x86_64-linux-gnu/c++/12/bits/c++config.h:112:45: note: expanded from macro '_GLIBCXX14_DEPRECATED_SUGGEST'
# define _GLIBCXX14_DEPRECATED_SUGGEST(ALT) _GLIBCXX_DEPRECATED_SUGGEST(ALT)
                                            ^
/usr/bin/../lib/gcc/x86_64-linux-gnu/12/../../../../include/x86_64-linux-gnu/c++/12/bits/c++config.h:96:19: note: expanded from macro '_GLIBCXX_DEPRECATED_SUGGEST'
  __attribute__ ((__deprecated__ ("use '" ALT "' instead")))
                  ^
1 warning generated.
flexe/application/MLApp.cc
flexe/application/MLEntropyApp.cc
flexe/proto/flexe.grpc.pb.cc
flexe/proto/flexe.pb.cc
Creating shared library: ../out/clang-release/src/libflexe.so
echo /home/flexe/Flexe
/home/flexe/Flexe
/home/flexe/.conan/data/protobuf/3.17.1/_/_/package/53f76f058631e1c3a500008c75af3f37d7786131/bin/protoc --proto_path /home/flexe/Flexe /home/flexe/Flexe/flexe.proto --cpp_out /home/flexe/Flexe/src/flexe/proto/ 
/home/flexe/.conan/data/protobuf/3.17.1/_/_/package/53f76f058631e1c3a500008c75af3f37d7786131/bin/protoc --proto_path /home/flexe/Flexe --grpc_out=/home/flexe/Flexe/src/flexe/proto/ --plugin=protoc-gen-grpc=/home/flexe/.conan/data/grpc/1.38.1/_/_/package/44ecaec4536223f790dd5e0a72b2d16b1dfaa76c/bin/grpc_cpp_plugin /home/flexe/Flexe/flexe.proto
make[1]: Leaving directory '/home/flexe/Flexe/src'
23:07:07 **** Incremental Build of configuration gcc-release for project veins ****
make MODE=release -j8 all 
make[1]: Entering directory '/home/flexe/veins-veins-5.2/src'
make[1]: Nothing to be done for 'all'.
make[1]: Leaving directory '/home/flexe/veins-veins-5.2/src'
23:07:08 **** Incremental Build of configuration release for project flexe ****
make MODE=release all 
cd src && make
make[1]: Entering directory '/home/flexe/Flexe/src'
flexe/application/FedLimRSU11p.cc
flexe/application/FedSETRANDOMRSU11p.cc
flexe/application/FedSETRANDOMRSU11p.cc:222:18: warning: 'random_shuffle<__gnu_cxx::__normal_iterator<int *, std::vector<int>>>' is deprecated: use 'std::shuffle' instead [-Wdeprecated-declarations]
            std::random_shuffle(std::begin(connectedClientsVector), std::end(connectedClientsVector));
                 ^
/usr/bin/../lib/gcc/x86_64-linux-gnu/12/../../../../include/c++/12/bits/stl_algo.h:4539:5: note: 'random_shuffle<__gnu_cxx::__normal_iterator<int *, std::vector<int>>>' has been explicitly marked deprecated here
    _GLIBCXX14_DEPRECATED_SUGGEST("std::shuffle")
    ^
/usr/bin/../lib/gcc/x86_64-linux-gnu/12/../../../../include/x86_64-linux-gnu/c++/12/bits/c++config.h:112:45: note: expanded from macro '_GLIBCXX14_DEPRECATED_SUGGEST'
# define _GLIBCXX14_DEPRECATED_SUGGEST(ALT) _GLIBCXX_DEPRECATED_SUGGEST(ALT)
                                            ^
/usr/bin/../lib/gcc/x86_64-linux-gnu/12/../../../../include/x86_64-linux-gnu/c++/12/bits/c++config.h:96:19: note: expanded from macro '_GLIBCXX_DEPRECATED_SUGGEST'
  __attribute__ ((__deprecated__ ("use '" ALT "' instead")))
                  ^
1 warning generated.
flexe/application/MLApp.cc
flexe/application/MLEntropyApp.cc
flexe/proto/flexe.grpc.pb.cc
flexe/proto/flexe.pb.cc
Creating shared library: ../out/clang-release/src/libflexe.so
echo /home/flexe/Flexe
/home/flexe/Flexe
/home/flexe/.conan/data/protobuf/3.17.1/_/_/package/53f76f058631e1c3a500008c75af3f37d7786131/bin/protoc --proto_path /home/flexe/Flexe /home/flexe/Flexe/flexe.proto --cpp_out /home/flexe/Flexe/src/flexe/proto/ 
/home/flexe/.conan/data/protobuf/3.17.1/_/_/package/53f76f058631e1c3a500008c75af3f37d7786131/bin/protoc --proto_path /home/flexe/Flexe --grpc_out=/home/flexe/Flexe/src/flexe/proto/ --plugin=protoc-gen-grpc=/home/flexe/.conan/data/grpc/1.38.1/_/_/package/44ecaec4536223f790dd5e0a72b2d16b1dfaa76c/bin/grpc_cpp_plugin /home/flexe/Flexe/flexe.proto
make[1]: Leaving directory '/home/flexe/Flexe/src'
23:07:55 **** Incremental Build of configuration gcc-release for project veins ****
make MODE=release -j8 all 
make[1]: Entering directory '/home/flexe/veins-veins-5.2/src'
make[1]: Nothing to be done for 'all'.
make[1]: Leaving directory '/home/flexe/veins-veins-5.2/src'
23:07:57 **** Incremental Build of configuration release for project flexe ****
make MODE=release all 
cd src && make
make[1]: Entering directory '/home/flexe/Flexe/src'
flexe/application/FedLimRSU11p.cc
flexe/application/FedSETRANDOMRSU11p.cc
flexe/application/FedSETRANDOMRSU11p.cc:222:18: warning: 'random_shuffle<__gnu_cxx::__normal_iterator<int *, std::vector<int>>>' is deprecated: use 'std::shuffle' instead [-Wdeprecated-declarations]
            std::random_shuffle(std::begin(connectedClientsVector), std::end(connectedClientsVector));
                 ^
/usr/bin/../lib/gcc/x86_64-linux-gnu/12/../../../../include/c++/12/bits/stl_algo.h:4539:5: note: 'random_shuffle<__gnu_cxx::__normal_iterator<int *, std::vector<int>>>' has been explicitly marked deprecated here
    _GLIBCXX14_DEPRECATED_SUGGEST("std::shuffle")
    ^
/usr/bin/../lib/gcc/x86_64-linux-gnu/12/../../../../include/x86_64-linux-gnu/c++/12/bits/c++config.h:112:45: note: expanded from macro '_GLIBCXX14_DEPRECATED_SUGGEST'
# define _GLIBCXX14_DEPRECATED_SUGGEST(ALT) _GLIBCXX_DEPRECATED_SUGGEST(ALT)
                                            ^
/usr/bin/../lib/gcc/x86_64-linux-gnu/12/../../../../include/x86_64-linux-gnu/c++/12/bits/c++config.h:96:19: note: expanded from macro '_GLIBCXX_DEPRECATED_SUGGEST'
  __attribute__ ((__deprecated__ ("use '" ALT "' instead")))
                  ^
1 warning generated.
flexe/application/MLApp.cc
flexe/application/MLEntropyApp.cc
flexe/proto/flexe.grpc.pb.cc
flexe/proto/flexe.pb.cc
Creating shared library: ../out/clang-release/src/libflexe.so
echo /home/flexe/Flexe
/home/flexe/Flexe
/home/flexe/.conan/data/protobuf/3.17.1/_/_/package/53f76f058631e1c3a500008c75af3f37d7786131/bin/protoc --proto_path /home/flexe/Flexe /home/flexe/Flexe/flexe.proto --cpp_out /home/flexe/Flexe/src/flexe/proto/ 
/home/flexe/.conan/data/protobuf/3.17.1/_/_/package/53f76f058631e1c3a500008c75af3f37d7786131/bin/protoc --proto_path /home/flexe/Flexe --grpc_out=/home/flexe/Flexe/src/flexe/proto/ --plugin=protoc-gen-grpc=/home/flexe/.conan/data/grpc/1.38.1/_/_/package/44ecaec4536223f790dd5e0a72b2d16b1dfaa76c/bin/grpc_cpp_plugin /home/flexe/Flexe/flexe.proto
make[1]: Leaving directory '/home/flexe/Flexe/src'
00:18:13 **** Incremental Build of configuration gcc-release for project veins ****
make MODE=release -j8 all 
make[1]: Entering directory '/home/flexe/veins-veins-5.2/src'
make[1]: Nothing to be done for 'all'.
make[1]: Leaving directory '/home/flexe/veins-veins-5.2/src'
00:18:14 **** Incremental Build of configuration release for project flexe ****
make MODE=release all 
cd src && make
make[1]: Entering directory '/home/flexe/Flexe/src'
flexe/application/FedLimRSU11p.cc
flexe/application/FedSETRANDOMRSU11p.cc
flexe/application/FedSETRANDOMRSU11p.cc:222:18: warning: 'random_shuffle<__gnu_cxx::__normal_iterator<int *, std::vector<int>>>' is deprecated: use 'std::shuffle' instead [-Wdeprecated-declarations]
            std::random_shuffle(std::begin(connectedClientsVector), std::end(connectedClientsVector));
                 ^
/usr/bin/../lib/gcc/x86_64-linux-gnu/12/../../../../include/c++/12/bits/stl_algo.h:4539:5: note: 'random_shuffle<__gnu_cxx::__normal_iterator<int *, std::vector<int>>>' has been explicitly marked deprecated here
    _GLIBCXX14_DEPRECATED_SUGGEST("std::shuffle")
    ^
/usr/bin/../lib/gcc/x86_64-linux-gnu/12/../../../../include/x86_64-linux-gnu/c++/12/bits/c++config.h:112:45: note: expanded from macro '_GLIBCXX14_DEPRECATED_SUGGEST'
# define _GLIBCXX14_DEPRECATED_SUGGEST(ALT) _GLIBCXX_DEPRECATED_SUGGEST(ALT)
                                            ^
/usr/bin/../lib/gcc/x86_64-linux-gnu/12/../../../../include/x86_64-linux-gnu/c++/12/bits/c++config.h:96:19: note: expanded from macro '_GLIBCXX_DEPRECATED_SUGGEST'
  __attribute__ ((__deprecated__ ("use '" ALT "' instead")))
                  ^
1 warning generated.
flexe/application/MLApp.cc
flexe/application/MLEntropyApp.cc
flexe/proto/flexe.grpc.pb.cc
flexe/proto/flexe.pb.cc
Creating shared library: ../out/clang-release/src/libflexe.so
echo /home/flexe/Flexe
/home/flexe/Flexe
/home/flexe/.conan/data/protobuf/3.17.1/_/_/package/53f76f058631e1c3a500008c75af3f37d7786131/bin/protoc --proto_path /home/flexe/Flexe /home/flexe/Flexe/flexe.proto --cpp_out /home/flexe/Flexe/src/flexe/proto/ 
/home/flexe/.conan/data/protobuf/3.17.1/_/_/package/53f76f058631e1c3a500008c75af3f37d7786131/bin/protoc --proto_path /home/flexe/Flexe --grpc_out=/home/flexe/Flexe/src/flexe/proto/ --plugin=protoc-gen-grpc=/home/flexe/.conan/data/grpc/1.38.1/_/_/package/44ecaec4536223f790dd5e0a72b2d16b1dfaa76c/bin/grpc_cpp_plugin /home/flexe/Flexe/flexe.proto
make[1]: Leaving directory '/home/flexe/Flexe/src'
00:21:42 **** Incremental Build of configuration gcc-release for project veins ****
make MODE=release -j8 all 
make[1]: Entering directory '/home/flexe/veins-veins-5.2/src'
make[1]: Nothing to be done for 'all'.
make[1]: Leaving directory '/home/flexe/veins-veins-5.2/src'
00:21:43 **** Incremental Build of configuration release for project flexe ****
make MODE=release all 
cd src && make
make[1]: Entering directory '/home/flexe/Flexe/src'
flexe/application/FedLimRSU11p.cc
flexe/application/FedSETRANDOMRSU11p.cc
flexe/application/FedSETRANDOMRSU11p.cc:222:18: warning: 'random_shuffle<__gnu_cxx::__normal_iterator<int *, std::vector<int>>>' is deprecated: use 'std::shuffle' instead [-Wdeprecated-declarations]
            std::random_shuffle(std::begin(connectedClientsVector), std::end(connectedClientsVector));
                 ^
/usr/bin/../lib/gcc/x86_64-linux-gnu/12/../../../../include/c++/12/bits/stl_algo.h:4539:5: note: 'random_shuffle<__gnu_cxx::__normal_iterator<int *, std::vector<int>>>' has been explicitly marked deprecated here
    _GLIBCXX14_DEPRECATED_SUGGEST("std::shuffle")
    ^
/usr/bin/../lib/gcc/x86_64-linux-gnu/12/../../../../include/x86_64-linux-gnu/c++/12/bits/c++config.h:112:45: note: expanded from macro '_GLIBCXX14_DEPRECATED_SUGGEST'
# define _GLIBCXX14_DEPRECATED_SUGGEST(ALT) _GLIBCXX_DEPRECATED_SUGGEST(ALT)
                                            ^
/usr/bin/../lib/gcc/x86_64-linux-gnu/12/../../../../include/x86_64-linux-gnu/c++/12/bits/c++config.h:96:19: note: expanded from macro '_GLIBCXX_DEPRECATED_SUGGEST'
  __attribute__ ((__deprecated__ ("use '" ALT "' instead")))
                  ^
1 warning generated.
flexe/application/MLApp.cc
flexe/application/MLEntropyApp.cc
flexe/proto/flexe.grpc.pb.cc
flexe/proto/flexe.pb.cc
Creating shared library: ../out/clang-release/src/libflexe.so
echo /home/flexe/Flexe
/home/flexe/Flexe
/home/flexe/.conan/data/protobuf/3.17.1/_/_/package/53f76f058631e1c3a500008c75af3f37d7786131/bin/protoc --proto_path /home/flexe/Flexe /home/flexe/Flexe/flexe.proto --cpp_out /home/flexe/Flexe/src/flexe/proto/ 
/home/flexe/.conan/data/protobuf/3.17.1/_/_/package/53f76f058631e1c3a500008c75af3f37d7786131/bin/protoc --proto_path /home/flexe/Flexe --grpc_out=/home/flexe/Flexe/src/flexe/proto/ --plugin=protoc-gen-grpc=/home/flexe/.conan/data/grpc/1.38.1/_/_/package/44ecaec4536223f790dd5e0a72b2d16b1dfaa76c/bin/grpc_cpp_plugin /home/flexe/Flexe/flexe.proto
make[1]: Leaving directory '/home/flexe/Flexe/src'
00:27:50 **** Incremental Build of configuration gcc-release for project veins ****
make MODE=release -j8 all 
make[1]: Entering directory '/home/flexe/veins-veins-5.2/src'
make[1]: Nothing to be done for 'all'.
make[1]: Leaving directory '/home/flexe/veins-veins-5.2/src'
00:27:51 **** Incremental Build of configuration release for project flexe ****
make MODE=release all 
cd src && make
make[1]: Entering directory '/home/flexe/Flexe/src'
flexe/application/FedLimRSU11p.cc
flexe/application/FedSETRANDOMRSU11p.cc
flexe/application/FedSETRANDOMRSU11p.cc:222:18: warning: 'random_shuffle<__gnu_cxx::__normal_iterator<int *, std::vector<int>>>' is deprecated: use 'std::shuffle' instead [-Wdeprecated-declarations]
            std::random_shuffle(std::begin(connectedClientsVector), std::end(connectedClientsVector));
                 ^
/usr/bin/../lib/gcc/x86_64-linux-gnu/12/../../../../include/c++/12/bits/stl_algo.h:4539:5: note: 'random_shuffle<__gnu_cxx::__normal_iterator<int *, std::vector<int>>>' has been explicitly marked deprecated here
    _GLIBCXX14_DEPRECATED_SUGGEST("std::shuffle")
    ^
/usr/bin/../lib/gcc/x86_64-linux-gnu/12/../../../../include/x86_64-linux-gnu/c++/12/bits/c++config.h:112:45: note: expanded from macro '_GLIBCXX14_DEPRECATED_SUGGEST'
# define _GLIBCXX14_DEPRECATED_SUGGEST(ALT) _GLIBCXX_DEPRECATED_SUGGEST(ALT)
                                            ^
/usr/bin/../lib/gcc/x86_64-linux-gnu/12/../../../../include/x86_64-linux-gnu/c++/12/bits/c++config.h:96:19: note: expanded from macro '_GLIBCXX_DEPRECATED_SUGGEST'
  __attribute__ ((__deprecated__ ("use '" ALT "' instead")))
                  ^
1 warning generated.
flexe/application/MLApp.cc
flexe/application/MLEntropyApp.cc
flexe/proto/flexe.grpc.pb.cc
flexe/proto/flexe.pb.cc
Creating shared library: ../out/clang-release/src/libflexe.so
echo /home/flexe/Flexe
/home/flexe/Flexe
/home/flexe/.conan/data/protobuf/3.17.1/_/_/package/53f76f058631e1c3a500008c75af3f37d7786131/bin/protoc --proto_path /home/flexe/Flexe /home/flexe/Flexe/flexe.proto --cpp_out /home/flexe/Flexe/src/flexe/proto/ 
/home/flexe/.conan/data/protobuf/3.17.1/_/_/package/53f76f058631e1c3a500008c75af3f37d7786131/bin/protoc --proto_path /home/flexe/Flexe --grpc_out=/home/flexe/Flexe/src/flexe/proto/ --plugin=protoc-gen-grpc=/home/flexe/.conan/data/grpc/1.38.1/_/_/package/44ecaec4536223f790dd5e0a72b2d16b1dfaa76c/bin/grpc_cpp_plugin /home/flexe/Flexe/flexe.proto
make[1]: Leaving directory '/home/flexe/Flexe/src'
00:28:45 **** Incremental Build of configuration gcc-release for project veins ****
make MODE=release -j8 all 
make[1]: Entering directory '/home/flexe/veins-veins-5.2/src'
make[1]: Nothing to be done for 'all'.
make[1]: Leaving directory '/home/flexe/veins-veins-5.2/src'
00:28:46 **** Incremental Build of configuration release for project flexe ****
make MODE=release all 
cd src && make
make[1]: Entering directory '/home/flexe/Flexe/src'
flexe/application/FedLimRSU11p.cc
flexe/application/FedSETRANDOMRSU11p.cc
flexe/application/FedSETRANDOMRSU11p.cc:222:18: warning: 'random_shuffle<__gnu_cxx::__normal_iterator<int *, std::vector<int>>>' is deprecated: use 'std::shuffle' instead [-Wdeprecated-declarations]
            std::random_shuffle(std::begin(connectedClientsVector), std::end(connectedClientsVector));
                 ^
/usr/bin/../lib/gcc/x86_64-linux-gnu/12/../../../../include/c++/12/bits/stl_algo.h:4539:5: note: 'random_shuffle<__gnu_cxx::__normal_iterator<int *, std::vector<int>>>' has been explicitly marked deprecated here
    _GLIBCXX14_DEPRECATED_SUGGEST("std::shuffle")
    ^
/usr/bin/../lib/gcc/x86_64-linux-gnu/12/../../../../include/x86_64-linux-gnu/c++/12/bits/c++config.h:112:45: note: expanded from macro '_GLIBCXX14_DEPRECATED_SUGGEST'
# define _GLIBCXX14_DEPRECATED_SUGGEST(ALT) _GLIBCXX_DEPRECATED_SUGGEST(ALT)
                                            ^
/usr/bin/../lib/gcc/x86_64-linux-gnu/12/../../../../include/x86_64-linux-gnu/c++/12/bits/c++config.h:96:19: note: expanded from macro '_GLIBCXX_DEPRECATED_SUGGEST'
  __attribute__ ((__deprecated__ ("use '" ALT "' instead")))
                  ^
1 warning generated.
flexe/application/MLApp.cc
flexe/application/MLEntropyApp.cc
flexe/proto/flexe.grpc.pb.cc
flexe/proto/flexe.pb.cc
Creating shared library: ../out/clang-release/src/libflexe.so
echo /home/flexe/Flexe
/home/flexe/Flexe
/home/flexe/.conan/data/protobuf/3.17.1/_/_/package/53f76f058631e1c3a500008c75af3f37d7786131/bin/protoc --proto_path /home/flexe/Flexe /home/flexe/Flexe/flexe.proto --cpp_out /home/flexe/Flexe/src/flexe/proto/ 
/home/flexe/.conan/data/protobuf/3.17.1/_/_/package/53f76f058631e1c3a500008c75af3f37d7786131/bin/protoc --proto_path /home/flexe/Flexe --grpc_out=/home/flexe/Flexe/src/flexe/proto/ --plugin=protoc-gen-grpc=/home/flexe/.conan/data/grpc/1.38.1/_/_/package/44ecaec4536223f790dd5e0a72b2d16b1dfaa76c/bin/grpc_cpp_plugin /home/flexe/Flexe/flexe.proto
make[1]: Leaving directory '/home/flexe/Flexe/src'
00:42:18 **** Incremental Build of configuration gcc-release for project veins ****
make MODE=release -j8 all 
make[1]: Entering directory '/home/flexe/veins-veins-5.2/src'
make[1]: Nothing to be done for 'all'.
make[1]: Leaving directory '/home/flexe/veins-veins-5.2/src'
00:42:19 **** Incremental Build of configuration release for project flexe ****
make MODE=release all 
cd src && make
make[1]: Entering directory '/home/flexe/Flexe/src'
flexe/application/FedLimRSU11p.cc
flexe/application/FedSETRANDOMRSU11p.cc
flexe/application/FedSETRANDOMRSU11p.cc:222:18: warning: 'random_shuffle<__gnu_cxx::__normal_iterator<int *, std::vector<int>>>' is deprecated: use 'std::shuffle' instead [-Wdeprecated-declarations]
            std::random_shuffle(std::begin(connectedClientsVector), std::end(connectedClientsVector));
                 ^
/usr/bin/../lib/gcc/x86_64-linux-gnu/12/../../../../include/c++/12/bits/stl_algo.h:4539:5: note: 'random_shuffle<__gnu_cxx::__normal_iterator<int *, std::vector<int>>>' has been explicitly marked deprecated here
    _GLIBCXX14_DEPRECATED_SUGGEST("std::shuffle")
    ^
/usr/bin/../lib/gcc/x86_64-linux-gnu/12/../../../../include/x86_64-linux-gnu/c++/12/bits/c++config.h:112:45: note: expanded from macro '_GLIBCXX14_DEPRECATED_SUGGEST'
# define _GLIBCXX14_DEPRECATED_SUGGEST(ALT) _GLIBCXX_DEPRECATED_SUGGEST(ALT)
                                            ^
/usr/bin/../lib/gcc/x86_64-linux-gnu/12/../../../../include/x86_64-linux-gnu/c++/12/bits/c++config.h:96:19: note: expanded from macro '_GLIBCXX_DEPRECATED_SUGGEST'
  __attribute__ ((__deprecated__ ("use '" ALT "' instead")))
                  ^
1 warning generated.
flexe/application/MLApp.cc
flexe/application/MLEntropyApp.cc
flexe/proto/flexe.grpc.pb.cc
flexe/proto/flexe.pb.cc
Creating shared library: ../out/clang-release/src/libflexe.so
echo /home/flexe/Flexe
/home/flexe/Flexe
/home/flexe/.conan/data/protobuf/3.17.1/_/_/package/53f76f058631e1c3a500008c75af3f37d7786131/bin/protoc --proto_path /home/flexe/Flexe /home/flexe/Flexe/flexe.proto --cpp_out /home/flexe/Flexe/src/flexe/proto/ 
/home/flexe/.conan/data/protobuf/3.17.1/_/_/package/53f76f058631e1c3a500008c75af3f37d7786131/bin/protoc --proto_path /home/flexe/Flexe --grpc_out=/home/flexe/Flexe/src/flexe/proto/ --plugin=protoc-gen-grpc=/home/flexe/.conan/data/grpc/1.38.1/_/_/package/44ecaec4536223f790dd5e0a72b2d16b1dfaa76c/bin/grpc_cpp_plugin /home/flexe/Flexe/flexe.proto
make[1]: Leaving directory '/home/flexe/Flexe/src'
00:43:43 **** Incremental Build of configuration gcc-release for project veins ****
make MODE=release -j8 all 
make[1]: Entering directory '/home/flexe/veins-veins-5.2/src'
make[1]: Nothing to be done for 'all'.
make[1]: Leaving directory '/home/flexe/veins-veins-5.2/src'
00:43:44 **** Incremental Build of configuration release for project flexe ****
make MODE=release all 
cd src && make
make[1]: Entering directory '/home/flexe/Flexe/src'
flexe/application/FedLimRSU11p.cc
flexe/application/FedSETRANDOMRSU11p.cc
flexe/application/FedSETRANDOMRSU11p.cc:222:18: warning: 'random_shuffle<__gnu_cxx::__normal_iterator<int *, std::vector<int>>>' is deprecated: use 'std::shuffle' instead [-Wdeprecated-declarations]
            std::random_shuffle(std::begin(connectedClientsVector), std::end(connectedClientsVector));
                 ^
/usr/bin/../lib/gcc/x86_64-linux-gnu/12/../../../../include/c++/12/bits/stl_algo.h:4539:5: note: 'random_shuffle<__gnu_cxx::__normal_iterator<int *, std::vector<int>>>' has been explicitly marked deprecated here
    _GLIBCXX14_DEPRECATED_SUGGEST("std::shuffle")
    ^
/usr/bin/../lib/gcc/x86_64-linux-gnu/12/../../../../include/x86_64-linux-gnu/c++/12/bits/c++config.h:112:45: note: expanded from macro '_GLIBCXX14_DEPRECATED_SUGGEST'
# define _GLIBCXX14_DEPRECATED_SUGGEST(ALT) _GLIBCXX_DEPRECATED_SUGGEST(ALT)
                                            ^
/usr/bin/../lib/gcc/x86_64-linux-gnu/12/../../../../include/x86_64-linux-gnu/c++/12/bits/c++config.h:96:19: note: expanded from macro '_GLIBCXX_DEPRECATED_SUGGEST'
  __attribute__ ((__deprecated__ ("use '" ALT "' instead")))
                  ^
1 warning generated.
flexe/application/MLApp.cc
flexe/application/MLEntropyApp.cc
flexe/proto/flexe.grpc.pb.cc
flexe/proto/flexe.pb.cc
Creating shared library: ../out/clang-release/src/libflexe.so
echo /home/flexe/Flexe
/home/flexe/Flexe
/home/flexe/.conan/data/protobuf/3.17.1/_/_/package/53f76f058631e1c3a500008c75af3f37d7786131/bin/protoc --proto_path /home/flexe/Flexe /home/flexe/Flexe/flexe.proto --cpp_out /home/flexe/Flexe/src/flexe/proto/ 
/home/flexe/.conan/data/protobuf/3.17.1/_/_/package/53f76f058631e1c3a500008c75af3f37d7786131/bin/protoc --proto_path /home/flexe/Flexe --grpc_out=/home/flexe/Flexe/src/flexe/proto/ --plugin=protoc-gen-grpc=/home/flexe/.conan/data/grpc/1.38.1/_/_/package/44ecaec4536223f790dd5e0a72b2d16b1dfaa76c/bin/grpc_cpp_plugin /home/flexe/Flexe/flexe.proto
make[1]: Leaving directory '/home/flexe/Flexe/src'
00:50:50 **** Incremental Build of configuration gcc-release for project veins ****
make MODE=release -j8 all 
make[1]: Entering directory '/home/flexe/veins-veins-5.2/src'
make[1]: Nothing to be done for 'all'.
make[1]: Leaving directory '/home/flexe/veins-veins-5.2/src'
00:50:50 **** Incremental Build of configuration release for project flexe ****
make MODE=release all 
cd src && make
make[1]: Entering directory '/home/flexe/Flexe/src'
flexe/application/FedLimRSU11p.cc
flexe/application/FedSETRANDOMRSU11p.cc
flexe/application/FedSETRANDOMRSU11p.cc:222:18: warning: 'random_shuffle<__gnu_cxx::__normal_iterator<int *, std::vector<int>>>' is deprecated: use 'std::shuffle' instead [-Wdeprecated-declarations]
            std::random_shuffle(std::begin(connectedClientsVector), std::end(connectedClientsVector));
                 ^
/usr/bin/../lib/gcc/x86_64-linux-gnu/12/../../../../include/c++/12/bits/stl_algo.h:4539:5: note: 'random_shuffle<__gnu_cxx::__normal_iterator<int *, std::vector<int>>>' has been explicitly marked deprecated here
    _GLIBCXX14_DEPRECATED_SUGGEST("std::shuffle")
    ^
/usr/bin/../lib/gcc/x86_64-linux-gnu/12/../../../../include/x86_64-linux-gnu/c++/12/bits/c++config.h:112:45: note: expanded from macro '_GLIBCXX14_DEPRECATED_SUGGEST'
# define _GLIBCXX14_DEPRECATED_SUGGEST(ALT) _GLIBCXX_DEPRECATED_SUGGEST(ALT)
                                            ^
/usr/bin/../lib/gcc/x86_64-linux-gnu/12/../../../../include/x86_64-linux-gnu/c++/12/bits/c++config.h:96:19: note: expanded from macro '_GLIBCXX_DEPRECATED_SUGGEST'
  __attribute__ ((__deprecated__ ("use '" ALT "' instead")))
                  ^
1 warning generated.
flexe/application/MLApp.cc
flexe/application/MLEntropyApp.cc
flexe/proto/flexe.grpc.pb.cc
flexe/proto/flexe.pb.cc
Creating shared library: ../out/clang-release/src/libflexe.so
echo /home/flexe/Flexe
/home/flexe/Flexe
/home/flexe/.conan/data/protobuf/3.17.1/_/_/package/53f76f058631e1c3a500008c75af3f37d7786131/bin/protoc --proto_path /home/flexe/Flexe /home/flexe/Flexe/flexe.proto --cpp_out /home/flexe/Flexe/src/flexe/proto/ 
/home/flexe/.conan/data/protobuf/3.17.1/_/_/package/53f76f058631e1c3a500008c75af3f37d7786131/bin/protoc --proto_path /home/flexe/Flexe --grpc_out=/home/flexe/Flexe/src/flexe/proto/ --plugin=protoc-gen-grpc=/home/flexe/.conan/data/grpc/1.38.1/_/_/package/44ecaec4536223f790dd5e0a72b2d16b1dfaa76c/bin/grpc_cpp_plugin /home/flexe/Flexe/flexe.proto
make[1]: Leaving directory '/home/flexe/Flexe/src'
00:52:02 **** Incremental Build of configuration gcc-release for project veins ****
make MODE=release -j8 all 
make[1]: Entering directory '/home/flexe/veins-veins-5.2/src'
make[1]: Nothing to be done for 'all'.
make[1]: Leaving directory '/home/flexe/veins-veins-5.2/src'
00:52:02 **** Incremental Build of configuration release for project flexe ****
make MODE=release all 
cd src && make
make[1]: Entering directory '/home/flexe/Flexe/src'
flexe/application/FedLimRSU11p.cc
flexe/application/FedSETRANDOMRSU11p.cc
flexe/application/FedSETRANDOMRSU11p.cc:222:18: warning: 'random_shuffle<__gnu_cxx::__normal_iterator<int *, std::vector<int>>>' is deprecated: use 'std::shuffle' instead [-Wdeprecated-declarations]
            std::random_shuffle(std::begin(connectedClientsVector), std::end(connectedClientsVector));
                 ^
/usr/bin/../lib/gcc/x86_64-linux-gnu/12/../../../../include/c++/12/bits/stl_algo.h:4539:5: note: 'random_shuffle<__gnu_cxx::__normal_iterator<int *, std::vector<int>>>' has been explicitly marked deprecated here
    _GLIBCXX14_DEPRECATED_SUGGEST("std::shuffle")
    ^
/usr/bin/../lib/gcc/x86_64-linux-gnu/12/../../../../include/x86_64-linux-gnu/c++/12/bits/c++config.h:112:45: note: expanded from macro '_GLIBCXX14_DEPRECATED_SUGGEST'
# define _GLIBCXX14_DEPRECATED_SUGGEST(ALT) _GLIBCXX_DEPRECATED_SUGGEST(ALT)
                                            ^
/usr/bin/../lib/gcc/x86_64-linux-gnu/12/../../../../include/x86_64-linux-gnu/c++/12/bits/c++config.h:96:19: note: expanded from macro '_GLIBCXX_DEPRECATED_SUGGEST'
  __attribute__ ((__deprecated__ ("use '" ALT "' instead")))
                  ^
1 warning generated.
flexe/application/MLApp.cc
flexe/application/MLEntropyApp.cc
flexe/proto/flexe.grpc.pb.cc
flexe/proto/flexe.pb.cc
Creating shared library: ../out/clang-release/src/libflexe.so
echo /home/flexe/Flexe
/home/flexe/Flexe
/home/flexe/.conan/data/protobuf/3.17.1/_/_/package/53f76f058631e1c3a500008c75af3f37d7786131/bin/protoc --proto_path /home/flexe/Flexe /home/flexe/Flexe/flexe.proto --cpp_out /home/flexe/Flexe/src/flexe/proto/ 
/home/flexe/.conan/data/protobuf/3.17.1/_/_/package/53f76f058631e1c3a500008c75af3f37d7786131/bin/protoc --proto_path /home/flexe/Flexe --grpc_out=/home/flexe/Flexe/src/flexe/proto/ --plugin=protoc-gen-grpc=/home/flexe/.conan/data/grpc/1.38.1/_/_/package/44ecaec4536223f790dd5e0a72b2d16b1dfaa76c/bin/grpc_cpp_plugin /home/flexe/Flexe/flexe.proto
make[1]: Leaving directory '/home/flexe/Flexe/src'
01:10:11 **** Incremental Build of configuration gcc-release for project veins ****
make MODE=release -j8 all 
make[1]: Entering directory '/home/flexe/veins-veins-5.2/src'
make[1]: Nothing to be done for 'all'.
make[1]: Leaving directory '/home/flexe/veins-veins-5.2/src'
01:10:12 **** Incremental Build of configuration release for project flexe ****
make MODE=release all 
cd src && make
make[1]: Entering directory '/home/flexe/Flexe/src'
flexe/application/FedLimRSU11p.cc
flexe/application/FedLimRSU11p.cc:123:12: error: use of undeclared identifier 'flexe_msg_recv'
        << flexe_msg_recv->getSenderID()
           ^
flexe/application/FedLimRSU11p.cc:125:12: error: use of undeclared identifier 'flexe_msg_recv'
        << flexe_msg_recv->getMsgId()
           ^
2 errors generated.
make[1]: *** [Makefile:128: ../out/clang-release/src/flexe/application/FedLimRSU11p.o] Error 1
make[1]: Leaving directory '/home/flexe/Flexe/src'
make: *** [Makefile:2: all] Error 2
"make MODE=release all" terminated with exit code 2. Build might be incomplete.
01:12:53 **** Incremental Build of configuration gcc-release for project veins ****
make MODE=release -j8 all 
make[1]: Entering directory '/home/flexe/veins-veins-5.2/src'
make[1]: Nothing to be done for 'all'.
make[1]: Leaving directory '/home/flexe/veins-veins-5.2/src'
01:12:54 **** Incremental Build of configuration release for project flexe ****
make MODE=release all 
cd src && make
make[1]: Entering directory '/home/flexe/Flexe/src'
flexe/application/FedLimRSU11p.cc
flexe/application/FedSETRANDOMRSU11p.cc
flexe/application/FedSETRANDOMRSU11p.cc:222:18: warning: 'random_shuffle<__gnu_cxx::__normal_iterator<int *, std::vector<int>>>' is deprecated: use 'std::shuffle' instead [-Wdeprecated-declarations]
            std::random_shuffle(std::begin(connectedClientsVector), std::end(connectedClientsVector));
                 ^
/usr/bin/../lib/gcc/x86_64-linux-gnu/12/../../../../include/c++/12/bits/stl_algo.h:4539:5: note: 'random_shuffle<__gnu_cxx::__normal_iterator<int *, std::vector<int>>>' has been explicitly marked deprecated here
    _GLIBCXX14_DEPRECATED_SUGGEST("std::shuffle")
    ^
/usr/bin/../lib/gcc/x86_64-linux-gnu/12/../../../../include/x86_64-linux-gnu/c++/12/bits/c++config.h:112:45: note: expanded from macro '_GLIBCXX14_DEPRECATED_SUGGEST'
# define _GLIBCXX14_DEPRECATED_SUGGEST(ALT) _GLIBCXX_DEPRECATED_SUGGEST(ALT)
                                            ^
/usr/bin/../lib/gcc/x86_64-linux-gnu/12/../../../../include/x86_64-linux-gnu/c++/12/bits/c++config.h:96:19: note: expanded from macro '_GLIBCXX_DEPRECATED_SUGGEST'
  __attribute__ ((__deprecated__ ("use '" ALT "' instead")))
                  ^
1 warning generated.
flexe/application/MLApp.cc
flexe/application/MLEntropyApp.cc
flexe/proto/flexe.grpc.pb.cc
flexe/proto/flexe.pb.cc
Creating shared library: ../out/clang-release/src/libflexe.so
echo /home/flexe/Flexe
/home/flexe/Flexe
/home/flexe/.conan/data/protobuf/3.17.1/_/_/package/53f76f058631e1c3a500008c75af3f37d7786131/bin/protoc --proto_path /home/flexe/Flexe /home/flexe/Flexe/flexe.proto --cpp_out /home/flexe/Flexe/src/flexe/proto/ 
/home/flexe/.conan/data/protobuf/3.17.1/_/_/package/53f76f058631e1c3a500008c75af3f37d7786131/bin/protoc --proto_path /home/flexe/Flexe --grpc_out=/home/flexe/Flexe/src/flexe/proto/ --plugin=protoc-gen-grpc=/home/flexe/.conan/data/grpc/1.38.1/_/_/package/44ecaec4536223f790dd5e0a72b2d16b1dfaa76c/bin/grpc_cpp_plugin /home/flexe/Flexe/flexe.proto
make[1]: Leaving directory '/home/flexe/Flexe/src'
01:15:52 **** Incremental Build of configuration gcc-release for project veins ****
make MODE=release -j8 all 
make[1]: Entering directory '/home/flexe/veins-veins-5.2/src'
make[1]: Nothing to be done for 'all'.
make[1]: Leaving directory '/home/flexe/veins-veins-5.2/src'
01:15:53 **** Incremental Build of configuration release for project flexe ****
make MODE=release all 
cd src && make
make[1]: Entering directory '/home/flexe/Flexe/src'
flexe/application/FedLimRSU11p.cc
flexe/application/FedSETRANDOMRSU11p.cc
flexe/application/FedSETRANDOMRSU11p.cc:222:18: warning: 'random_shuffle<__gnu_cxx::__normal_iterator<int *, std::vector<int>>>' is deprecated: use 'std::shuffle' instead [-Wdeprecated-declarations]
            std::random_shuffle(std::begin(connectedClientsVector), std::end(connectedClientsVector));
                 ^
/usr/bin/../lib/gcc/x86_64-linux-gnu/12/../../../../include/c++/12/bits/stl_algo.h:4539:5: note: 'random_shuffle<__gnu_cxx::__normal_iterator<int *, std::vector<int>>>' has been explicitly marked deprecated here
    _GLIBCXX14_DEPRECATED_SUGGEST("std::shuffle")
    ^
/usr/bin/../lib/gcc/x86_64-linux-gnu/12/../../../../include/x86_64-linux-gnu/c++/12/bits/c++config.h:112:45: note: expanded from macro '_GLIBCXX14_DEPRECATED_SUGGEST'
# define _GLIBCXX14_DEPRECATED_SUGGEST(ALT) _GLIBCXX_DEPRECATED_SUGGEST(ALT)
                                            ^
/usr/bin/../lib/gcc/x86_64-linux-gnu/12/../../../../include/x86_64-linux-gnu/c++/12/bits/c++config.h:96:19: note: expanded from macro '_GLIBCXX_DEPRECATED_SUGGEST'
  __attribute__ ((__deprecated__ ("use '" ALT "' instead")))
                  ^
1 warning generated.
flexe/application/MLApp.cc
flexe/application/MLEntropyApp.cc
flexe/proto/flexe.grpc.pb.cc
flexe/proto/flexe.pb.cc
Creating shared library: ../out/clang-release/src/libflexe.so
echo /home/flexe/Flexe
/home/flexe/Flexe
/home/flexe/.conan/data/protobuf/3.17.1/_/_/package/53f76f058631e1c3a500008c75af3f37d7786131/bin/protoc --proto_path /home/flexe/Flexe /home/flexe/Flexe/flexe.proto --cpp_out /home/flexe/Flexe/src/flexe/proto/ 
/home/flexe/.conan/data/protobuf/3.17.1/_/_/package/53f76f058631e1c3a500008c75af3f37d7786131/bin/protoc --proto_path /home/flexe/Flexe --grpc_out=/home/flexe/Flexe/src/flexe/proto/ --plugin=protoc-gen-grpc=/home/flexe/.conan/data/grpc/1.38.1/_/_/package/44ecaec4536223f790dd5e0a72b2d16b1dfaa76c/bin/grpc_cpp_plugin /home/flexe/Flexe/flexe.proto
make[1]: Leaving directory '/home/flexe/Flexe/src'
01:16:43 **** Incremental Build of configuration gcc-release for project veins ****
make MODE=release -j8 all 
make[1]: Entering directory '/home/flexe/veins-veins-5.2/src'
make[1]: Nothing to be done for 'all'.
make[1]: Leaving directory '/home/flexe/veins-veins-5.2/src'
01:16:44 **** Incremental Build of configuration release for project flexe ****
make MODE=release all 
cd src && make
make[1]: Entering directory '/home/flexe/Flexe/src'
flexe/application/FedLimRSU11p.cc
flexe/application/FedSETRANDOMRSU11p.cc
flexe/application/FedSETRANDOMRSU11p.cc:222:18: warning: 'random_shuffle<__gnu_cxx::__normal_iterator<int *, std::vector<int>>>' is deprecated: use 'std::shuffle' instead [-Wdeprecated-declarations]
            std::random_shuffle(std::begin(connectedClientsVector), std::end(connectedClientsVector));
                 ^
/usr/bin/../lib/gcc/x86_64-linux-gnu/12/../../../../include/c++/12/bits/stl_algo.h:4539:5: note: 'random_shuffle<__gnu_cxx::__normal_iterator<int *, std::vector<int>>>' has been explicitly marked deprecated here
    _GLIBCXX14_DEPRECATED_SUGGEST("std::shuffle")
    ^
/usr/bin/../lib/gcc/x86_64-linux-gnu/12/../../../../include/x86_64-linux-gnu/c++/12/bits/c++config.h:112:45: note: expanded from macro '_GLIBCXX14_DEPRECATED_SUGGEST'
# define _GLIBCXX14_DEPRECATED_SUGGEST(ALT) _GLIBCXX_DEPRECATED_SUGGEST(ALT)
                                            ^
/usr/bin/../lib/gcc/x86_64-linux-gnu/12/../../../../include/x86_64-linux-gnu/c++/12/bits/c++config.h:96:19: note: expanded from macro '_GLIBCXX_DEPRECATED_SUGGEST'
  __attribute__ ((__deprecated__ ("use '" ALT "' instead")))
                  ^
1 warning generated.
flexe/application/MLApp.cc
flexe/application/MLEntropyApp.cc
flexe/proto/flexe.grpc.pb.cc
flexe/proto/flexe.pb.cc
Creating shared library: ../out/clang-release/src/libflexe.so
echo /home/flexe/Flexe
/home/flexe/Flexe
/home/flexe/.conan/data/protobuf/3.17.1/_/_/package/53f76f058631e1c3a500008c75af3f37d7786131/bin/protoc --proto_path /home/flexe/Flexe /home/flexe/Flexe/flexe.proto --cpp_out /home/flexe/Flexe/src/flexe/proto/ 
/home/flexe/.conan/data/protobuf/3.17.1/_/_/package/53f76f058631e1c3a500008c75af3f37d7786131/bin/protoc --proto_path /home/flexe/Flexe --grpc_out=/home/flexe/Flexe/src/flexe/proto/ --plugin=protoc-gen-grpc=/home/flexe/.conan/data/grpc/1.38.1/_/_/package/44ecaec4536223f790dd5e0a72b2d16b1dfaa76c/bin/grpc_cpp_plugin /home/flexe/Flexe/flexe.proto
make[1]: Leaving directory '/home/flexe/Flexe/src'
15:34:49 **** Incremental Build of configuration gcc-release for project veins ****
make MODE=release -j8 all 
make[1]: Entering directory '/home/flexe/veins-veins-5.2/src'
make[1]: Nothing to be done for 'all'.
make[1]: Leaving directory '/home/flexe/veins-veins-5.2/src'
15:34:50 **** Incremental Build of configuration release for project flexe ****
make MODE=release all 
cd src && make
make[1]: Entering directory '/home/flexe/Flexe/src'
flexe/application/FedLimRSU11p.cc
flexe/application/FedSETRANDOMRSU11p.cc
flexe/application/FedSETRANDOMRSU11p.cc:222:18: warning: 'random_shuffle<__gnu_cxx::__normal_iterator<int *, std::vector<int>>>' is deprecated: use 'std::shuffle' instead [-Wdeprecated-declarations]
            std::random_shuffle(std::begin(connectedClientsVector), std::end(connectedClientsVector));
                 ^
/usr/bin/../lib/gcc/x86_64-linux-gnu/12/../../../../include/c++/12/bits/stl_algo.h:4539:5: note: 'random_shuffle<__gnu_cxx::__normal_iterator<int *, std::vector<int>>>' has been explicitly marked deprecated here
    _GLIBCXX14_DEPRECATED_SUGGEST("std::shuffle")
    ^
/usr/bin/../lib/gcc/x86_64-linux-gnu/12/../../../../include/x86_64-linux-gnu/c++/12/bits/c++config.h:112:45: note: expanded from macro '_GLIBCXX14_DEPRECATED_SUGGEST'
# define _GLIBCXX14_DEPRECATED_SUGGEST(ALT) _GLIBCXX_DEPRECATED_SUGGEST(ALT)
                                            ^
/usr/bin/../lib/gcc/x86_64-linux-gnu/12/../../../../include/x86_64-linux-gnu/c++/12/bits/c++config.h:96:19: note: expanded from macro '_GLIBCXX_DEPRECATED_SUGGEST'
  __attribute__ ((__deprecated__ ("use '" ALT "' instead")))
                  ^
1 warning generated.
flexe/application/MLApp.cc
flexe/application/MLEntropyApp.cc
flexe/proto/flexe.grpc.pb.cc
flexe/proto/flexe.pb.cc
Creating shared library: ../out/clang-release/src/libflexe.so
echo /home/flexe/Flexe
/home/flexe/Flexe
/home/flexe/.conan/data/protobuf/3.17.1/_/_/package/53f76f058631e1c3a500008c75af3f37d7786131/bin/protoc --proto_path /home/flexe/Flexe /home/flexe/Flexe/flexe.proto --cpp_out /home/flexe/Flexe/src/flexe/proto/ 
/home/flexe/.conan/data/protobuf/3.17.1/_/_/package/53f76f058631e1c3a500008c75af3f37d7786131/bin/protoc --proto_path /home/flexe/Flexe --grpc_out=/home/flexe/Flexe/src/flexe/proto/ --plugin=protoc-gen-grpc=/home/flexe/.conan/data/grpc/1.38.1/_/_/package/44ecaec4536223f790dd5e0a72b2d16b1dfaa76c/bin/grpc_cpp_plugin /home/flexe/Flexe/flexe.proto
make[1]: Leaving directory '/home/flexe/Flexe/src'
15:37:35 **** Incremental Build of configuration gcc-release for project veins ****
make MODE=release -j8 all 
make[1]: Entering directory '/home/flexe/veins-veins-5.2/src'
make[1]: Nothing to be done for 'all'.
make[1]: Leaving directory '/home/flexe/veins-veins-5.2/src'
15:37:37 **** Incremental Build of configuration release for project flexe ****
make MODE=release all 
cd src && make
make[1]: Entering directory '/home/flexe/Flexe/src'
flexe/application/FedLimRSU11p.cc
flexe/application/FedSETRANDOMRSU11p.cc
flexe/application/FedSETRANDOMRSU11p.cc:222:18: warning: 'random_shuffle<__gnu_cxx::__normal_iterator<int *, std::vector<int>>>' is deprecated: use 'std::shuffle' instead [-Wdeprecated-declarations]
            std::random_shuffle(std::begin(connectedClientsVector), std::end(connectedClientsVector));
                 ^
/usr/bin/../lib/gcc/x86_64-linux-gnu/12/../../../../include/c++/12/bits/stl_algo.h:4539:5: note: 'random_shuffle<__gnu_cxx::__normal_iterator<int *, std::vector<int>>>' has been explicitly marked deprecated here
    _GLIBCXX14_DEPRECATED_SUGGEST("std::shuffle")
    ^
/usr/bin/../lib/gcc/x86_64-linux-gnu/12/../../../../include/x86_64-linux-gnu/c++/12/bits/c++config.h:112:45: note: expanded from macro '_GLIBCXX14_DEPRECATED_SUGGEST'
# define _GLIBCXX14_DEPRECATED_SUGGEST(ALT) _GLIBCXX_DEPRECATED_SUGGEST(ALT)
                                            ^
/usr/bin/../lib/gcc/x86_64-linux-gnu/12/../../../../include/x86_64-linux-gnu/c++/12/bits/c++config.h:96:19: note: expanded from macro '_GLIBCXX_DEPRECATED_SUGGEST'
  __attribute__ ((__deprecated__ ("use '" ALT "' instead")))
                  ^
1 warning generated.
flexe/application/MLApp.cc
flexe/application/MLEntropyApp.cc
flexe/proto/flexe.grpc.pb.cc
flexe/proto/flexe.pb.cc
Creating shared library: ../out/clang-release/src/libflexe.so
echo /home/flexe/Flexe
/home/flexe/Flexe
/home/flexe/.conan/data/protobuf/3.17.1/_/_/package/53f76f058631e1c3a500008c75af3f37d7786131/bin/protoc --proto_path /home/flexe/Flexe /home/flexe/Flexe/flexe.proto --cpp_out /home/flexe/Flexe/src/flexe/proto/ 
/home/flexe/.conan/data/protobuf/3.17.1/_/_/package/53f76f058631e1c3a500008c75af3f37d7786131/bin/protoc --proto_path /home/flexe/Flexe --grpc_out=/home/flexe/Flexe/src/flexe/proto/ --plugin=protoc-gen-grpc=/home/flexe/.conan/data/grpc/1.38.1/_/_/package/44ecaec4536223f790dd5e0a72b2d16b1dfaa76c/bin/grpc_cpp_plugin /home/flexe/Flexe/flexe.proto
make[1]: Leaving directory '/home/flexe/Flexe/src'
15:44:06 **** Incremental Build of configuration gcc-release for project veins ****
make MODE=release -j8 all 
make[1]: Entering directory '/home/flexe/veins-veins-5.2/src'
make[1]: Nothing to be done for 'all'.
make[1]: Leaving directory '/home/flexe/veins-veins-5.2/src'
15:44:07 **** Incremental Build of configuration release for project flexe ****
make MODE=release all 
cd src && make
make[1]: Entering directory '/home/flexe/Flexe/src'
flexe/application/FedLimRSU11p.cc
flexe/application/FedSETRANDOMRSU11p.cc
flexe/application/FedSETRANDOMRSU11p.cc:222:18: warning: 'random_shuffle<__gnu_cxx::__normal_iterator<int *, std::vector<int>>>' is deprecated: use 'std::shuffle' instead [-Wdeprecated-declarations]
            std::random_shuffle(std::begin(connectedClientsVector), std::end(connectedClientsVector));
                 ^
/usr/bin/../lib/gcc/x86_64-linux-gnu/12/../../../../include/c++/12/bits/stl_algo.h:4539:5: note: 'random_shuffle<__gnu_cxx::__normal_iterator<int *, std::vector<int>>>' has been explicitly marked deprecated here
    _GLIBCXX14_DEPRECATED_SUGGEST("std::shuffle")
    ^
/usr/bin/../lib/gcc/x86_64-linux-gnu/12/../../../../include/x86_64-linux-gnu/c++/12/bits/c++config.h:112:45: note: expanded from macro '_GLIBCXX14_DEPRECATED_SUGGEST'
# define _GLIBCXX14_DEPRECATED_SUGGEST(ALT) _GLIBCXX_DEPRECATED_SUGGEST(ALT)
                                            ^
/usr/bin/../lib/gcc/x86_64-linux-gnu/12/../../../../include/x86_64-linux-gnu/c++/12/bits/c++config.h:96:19: note: expanded from macro '_GLIBCXX_DEPRECATED_SUGGEST'
  __attribute__ ((__deprecated__ ("use '" ALT "' instead")))
                  ^
1 warning generated.
flexe/application/MLApp.cc
flexe/application/MLEntropyApp.cc
flexe/proto/flexe.grpc.pb.cc
flexe/proto/flexe.pb.cc
Creating shared library: ../out/clang-release/src/libflexe.so
echo /home/flexe/Flexe
/home/flexe/Flexe
/home/flexe/.conan/data/protobuf/3.17.1/_/_/package/53f76f058631e1c3a500008c75af3f37d7786131/bin/protoc --proto_path /home/flexe/Flexe /home/flexe/Flexe/flexe.proto --cpp_out /home/flexe/Flexe/src/flexe/proto/ 
/home/flexe/.conan/data/protobuf/3.17.1/_/_/package/53f76f058631e1c3a500008c75af3f37d7786131/bin/protoc --proto_path /home/flexe/Flexe --grpc_out=/home/flexe/Flexe/src/flexe/proto/ --plugin=protoc-gen-grpc=/home/flexe/.conan/data/grpc/1.38.1/_/_/package/44ecaec4536223f790dd5e0a72b2d16b1dfaa76c/bin/grpc_cpp_plugin /home/flexe/Flexe/flexe.proto
make[1]: Leaving directory '/home/flexe/Flexe/src'
15:45:21 **** Incremental Build of configuration gcc-release for project veins ****
make MODE=release -j8 all 
make[1]: Entering directory '/home/flexe/veins-veins-5.2/src'
make[1]: Nothing to be done for 'all'.
make[1]: Leaving directory '/home/flexe/veins-veins-5.2/src'
15:45:22 **** Incremental Build of configuration release for project flexe ****
make MODE=release all 
cd src && make
make[1]: Entering directory '/home/flexe/Flexe/src'
flexe/application/FedLimRSU11p.cc
flexe/application/FedSETRANDOMRSU11p.cc
flexe/application/FedSETRANDOMRSU11p.cc:222:18: warning: 'random_shuffle<__gnu_cxx::__normal_iterator<int *, std::vector<int>>>' is deprecated: use 'std::shuffle' instead [-Wdeprecated-declarations]
            std::random_shuffle(std::begin(connectedClientsVector), std::end(connectedClientsVector));
                 ^
/usr/bin/../lib/gcc/x86_64-linux-gnu/12/../../../../include/c++/12/bits/stl_algo.h:4539:5: note: 'random_shuffle<__gnu_cxx::__normal_iterator<int *, std::vector<int>>>' has been explicitly marked deprecated here
    _GLIBCXX14_DEPRECATED_SUGGEST("std::shuffle")
    ^
/usr/bin/../lib/gcc/x86_64-linux-gnu/12/../../../../include/x86_64-linux-gnu/c++/12/bits/c++config.h:112:45: note: expanded from macro '_GLIBCXX14_DEPRECATED_SUGGEST'
# define _GLIBCXX14_DEPRECATED_SUGGEST(ALT) _GLIBCXX_DEPRECATED_SUGGEST(ALT)
                                            ^
/usr/bin/../lib/gcc/x86_64-linux-gnu/12/../../../../include/x86_64-linux-gnu/c++/12/bits/c++config.h:96:19: note: expanded from macro '_GLIBCXX_DEPRECATED_SUGGEST'
  __attribute__ ((__deprecated__ ("use '" ALT "' instead")))
                  ^
1 warning generated.
flexe/application/MLApp.cc
flexe/application/MLEntropyApp.cc
flexe/proto/flexe.grpc.pb.cc
flexe/proto/flexe.pb.cc
Creating shared library: ../out/clang-release/src/libflexe.so
echo /home/flexe/Flexe
/home/flexe/Flexe
/home/flexe/.conan/data/protobuf/3.17.1/_/_/package/53f76f058631e1c3a500008c75af3f37d7786131/bin/protoc --proto_path /home/flexe/Flexe /home/flexe/Flexe/flexe.proto --cpp_out /home/flexe/Flexe/src/flexe/proto/ 
/home/flexe/.conan/data/protobuf/3.17.1/_/_/package/53f76f058631e1c3a500008c75af3f37d7786131/bin/protoc --proto_path /home/flexe/Flexe --grpc_out=/home/flexe/Flexe/src/flexe/proto/ --plugin=protoc-gen-grpc=/home/flexe/.conan/data/grpc/1.38.1/_/_/package/44ecaec4536223f790dd5e0a72b2d16b1dfaa76c/bin/grpc_cpp_plugin /home/flexe/Flexe/flexe.proto
make[1]: Leaving directory '/home/flexe/Flexe/src'
15:49:30 **** Incremental Build of configuration gcc-release for project veins ****
make MODE=release -j8 all 
make[1]: Entering directory '/home/flexe/veins-veins-5.2/src'
make[1]: Nothing to be done for 'all'.
make[1]: Leaving directory '/home/flexe/veins-veins-5.2/src'
15:49:31 **** Incremental Build of configuration release for project flexe ****
make MODE=release all 
cd src && make
make[1]: Entering directory '/home/flexe/Flexe/src'
flexe/application/FedLimRSU11p.cc
flexe/application/FedSETRANDOMRSU11p.cc
flexe/application/FedSETRANDOMRSU11p.cc:222:18: warning: 'random_shuffle<__gnu_cxx::__normal_iterator<int *, std::vector<int>>>' is deprecated: use 'std::shuffle' instead [-Wdeprecated-declarations]
            std::random_shuffle(std::begin(connectedClientsVector), std::end(connectedClientsVector));
                 ^
/usr/bin/../lib/gcc/x86_64-linux-gnu/12/../../../../include/c++/12/bits/stl_algo.h:4539:5: note: 'random_shuffle<__gnu_cxx::__normal_iterator<int *, std::vector<int>>>' has been explicitly marked deprecated here
    _GLIBCXX14_DEPRECATED_SUGGEST("std::shuffle")
    ^
/usr/bin/../lib/gcc/x86_64-linux-gnu/12/../../../../include/x86_64-linux-gnu/c++/12/bits/c++config.h:112:45: note: expanded from macro '_GLIBCXX14_DEPRECATED_SUGGEST'
# define _GLIBCXX14_DEPRECATED_SUGGEST(ALT) _GLIBCXX_DEPRECATED_SUGGEST(ALT)
                                            ^
/usr/bin/../lib/gcc/x86_64-linux-gnu/12/../../../../include/x86_64-linux-gnu/c++/12/bits/c++config.h:96:19: note: expanded from macro '_GLIBCXX_DEPRECATED_SUGGEST'
  __attribute__ ((__deprecated__ ("use '" ALT "' instead")))
                  ^
1 warning generated.
flexe/application/MLApp.cc
flexe/application/MLEntropyApp.cc
flexe/proto/flexe.grpc.pb.cc
flexe/proto/flexe.pb.cc
Creating shared library: ../out/clang-release/src/libflexe.so
echo /home/flexe/Flexe
/home/flexe/Flexe
/home/flexe/.conan/data/protobuf/3.17.1/_/_/package/53f76f058631e1c3a500008c75af3f37d7786131/bin/protoc --proto_path /home/flexe/Flexe /home/flexe/Flexe/flexe.proto --cpp_out /home/flexe/Flexe/src/flexe/proto/ 
/home/flexe/.conan/data/protobuf/3.17.1/_/_/package/53f76f058631e1c3a500008c75af3f37d7786131/bin/protoc --proto_path /home/flexe/Flexe --grpc_out=/home/flexe/Flexe/src/flexe/proto/ --plugin=protoc-gen-grpc=/home/flexe/.conan/data/grpc/1.38.1/_/_/package/44ecaec4536223f790dd5e0a72b2d16b1dfaa76c/bin/grpc_cpp_plugin /home/flexe/Flexe/flexe.proto
make[1]: Leaving directory '/home/flexe/Flexe/src'
15:50:19 **** Incremental Build of configuration gcc-release for project veins ****
make MODE=release -j8 all 
make[1]: Entering directory '/home/flexe/veins-veins-5.2/src'
make[1]: Nothing to be done for 'all'.
make[1]: Leaving directory '/home/flexe/veins-veins-5.2/src'
15:50:20 **** Incremental Build of configuration release for project flexe ****
make MODE=release all 
cd src && make
make[1]: Entering directory '/home/flexe/Flexe/src'
flexe/application/FedLimRSU11p.cc
flexe/application/FedSETRANDOMRSU11p.cc
flexe/application/FedSETRANDOMRSU11p.cc:222:18: warning: 'random_shuffle<__gnu_cxx::__normal_iterator<int *, std::vector<int>>>' is deprecated: use 'std::shuffle' instead [-Wdeprecated-declarations]
            std::random_shuffle(std::begin(connectedClientsVector), std::end(connectedClientsVector));
                 ^
/usr/bin/../lib/gcc/x86_64-linux-gnu/12/../../../../include/c++/12/bits/stl_algo.h:4539:5: note: 'random_shuffle<__gnu_cxx::__normal_iterator<int *, std::vector<int>>>' has been explicitly marked deprecated here
    _GLIBCXX14_DEPRECATED_SUGGEST("std::shuffle")
    ^
/usr/bin/../lib/gcc/x86_64-linux-gnu/12/../../../../include/x86_64-linux-gnu/c++/12/bits/c++config.h:112:45: note: expanded from macro '_GLIBCXX14_DEPRECATED_SUGGEST'
# define _GLIBCXX14_DEPRECATED_SUGGEST(ALT) _GLIBCXX_DEPRECATED_SUGGEST(ALT)
                                            ^
/usr/bin/../lib/gcc/x86_64-linux-gnu/12/../../../../include/x86_64-linux-gnu/c++/12/bits/c++config.h:96:19: note: expanded from macro '_GLIBCXX_DEPRECATED_SUGGEST'
  __attribute__ ((__deprecated__ ("use '" ALT "' instead")))
                  ^
1 warning generated.
flexe/application/MLApp.cc
flexe/application/MLEntropyApp.cc
flexe/proto/flexe.grpc.pb.cc
flexe/proto/flexe.pb.cc
Creating shared library: ../out/clang-release/src/libflexe.so
echo /home/flexe/Flexe
/home/flexe/Flexe
/home/flexe/.conan/data/protobuf/3.17.1/_/_/package/53f76f058631e1c3a500008c75af3f37d7786131/bin/protoc --proto_path /home/flexe/Flexe /home/flexe/Flexe/flexe.proto --cpp_out /home/flexe/Flexe/src/flexe/proto/ 
/home/flexe/.conan/data/protobuf/3.17.1/_/_/package/53f76f058631e1c3a500008c75af3f37d7786131/bin/protoc --proto_path /home/flexe/Flexe --grpc_out=/home/flexe/Flexe/src/flexe/proto/ --plugin=protoc-gen-grpc=/home/flexe/.conan/data/grpc/1.38.1/_/_/package/44ecaec4536223f790dd5e0a72b2d16b1dfaa76c/bin/grpc_cpp_plugin /home/flexe/Flexe/flexe.proto
make[1]: Leaving directory '/home/flexe/Flexe/src'
17:13:07 **** Incremental Build of configuration gcc-release for project veins ****
make MODE=release -j8 all 
make[1]: Entering directory '/home/flexe/veins-veins-5.2/src'
make[1]: Nothing to be done for 'all'.
make[1]: Leaving directory '/home/flexe/veins-veins-5.2/src'
17:13:08 **** Incremental Build of configuration release for project flexe ****
make MODE=release all 
cd src && make
make[1]: Entering directory '/home/flexe/Flexe/src'
flexe/application/FedLimRSU11p.cc
flexe/application/FedSETRANDOMRSU11p.cc
flexe/application/FedSETRANDOMRSU11p.cc:222:18: warning: 'random_shuffle<__gnu_cxx::__normal_iterator<int *, std::vector<int>>>' is deprecated: use 'std::shuffle' instead [-Wdeprecated-declarations]
            std::random_shuffle(std::begin(connectedClientsVector), std::end(connectedClientsVector));
                 ^
/usr/bin/../lib/gcc/x86_64-linux-gnu/12/../../../../include/c++/12/bits/stl_algo.h:4539:5: note: 'random_shuffle<__gnu_cxx::__normal_iterator<int *, std::vector<int>>>' has been explicitly marked deprecated here
    _GLIBCXX14_DEPRECATED_SUGGEST("std::shuffle")
    ^
/usr/bin/../lib/gcc/x86_64-linux-gnu/12/../../../../include/x86_64-linux-gnu/c++/12/bits/c++config.h:112:45: note: expanded from macro '_GLIBCXX14_DEPRECATED_SUGGEST'
# define _GLIBCXX14_DEPRECATED_SUGGEST(ALT) _GLIBCXX_DEPRECATED_SUGGEST(ALT)
                                            ^
/usr/bin/../lib/gcc/x86_64-linux-gnu/12/../../../../include/x86_64-linux-gnu/c++/12/bits/c++config.h:96:19: note: expanded from macro '_GLIBCXX_DEPRECATED_SUGGEST'
  __attribute__ ((__deprecated__ ("use '" ALT "' instead")))
                  ^
1 warning generated.
flexe/application/MLApp.cc
flexe/application/MLEntropyApp.cc
flexe/proto/flexe.grpc.pb.cc
flexe/proto/flexe.pb.cc
Creating shared library: ../out/clang-release/src/libflexe.so
echo /home/flexe/Flexe
/home/flexe/Flexe
/home/flexe/.conan/data/protobuf/3.17.1/_/_/package/53f76f058631e1c3a500008c75af3f37d7786131/bin/protoc --proto_path /home/flexe/Flexe /home/flexe/Flexe/flexe.proto --cpp_out /home/flexe/Flexe/src/flexe/proto/ 
/home/flexe/.conan/data/protobuf/3.17.1/_/_/package/53f76f058631e1c3a500008c75af3f37d7786131/bin/protoc --proto_path /home/flexe/Flexe --grpc_out=/home/flexe/Flexe/src/flexe/proto/ --plugin=protoc-gen-grpc=/home/flexe/.conan/data/grpc/1.38.1/_/_/package/44ecaec4536223f790dd5e0a72b2d16b1dfaa76c/bin/grpc_cpp_plugin /home/flexe/Flexe/flexe.proto
make[1]: Leaving directory '/home/flexe/Flexe/src'
17:14:13 **** Incremental Build of configuration gcc-release for project veins ****
make MODE=release -j8 all 
make[1]: Entering directory '/home/flexe/veins-veins-5.2/src'
make[1]: Nothing to be done for 'all'.
make[1]: Leaving directory '/home/flexe/veins-veins-5.2/src'
17:14:14 **** Incremental Build of configuration release for project flexe ****
make MODE=release all 
cd src && make
make[1]: Entering directory '/home/flexe/Flexe/src'
flexe/application/FedLimRSU11p.cc
flexe/application/FedSETRANDOMRSU11p.cc
flexe/application/FedSETRANDOMRSU11p.cc:222:18: warning: 'random_shuffle<__gnu_cxx::__normal_iterator<int *, std::vector<int>>>' is deprecated: use 'std::shuffle' instead [-Wdeprecated-declarations]
            std::random_shuffle(std::begin(connectedClientsVector), std::end(connectedClientsVector));
                 ^
/usr/bin/../lib/gcc/x86_64-linux-gnu/12/../../../../include/c++/12/bits/stl_algo.h:4539:5: note: 'random_shuffle<__gnu_cxx::__normal_iterator<int *, std::vector<int>>>' has been explicitly marked deprecated here
    _GLIBCXX14_DEPRECATED_SUGGEST("std::shuffle")
    ^
/usr/bin/../lib/gcc/x86_64-linux-gnu/12/../../../../include/x86_64-linux-gnu/c++/12/bits/c++config.h:112:45: note: expanded from macro '_GLIBCXX14_DEPRECATED_SUGGEST'
# define _GLIBCXX14_DEPRECATED_SUGGEST(ALT) _GLIBCXX_DEPRECATED_SUGGEST(ALT)
                                            ^
/usr/bin/../lib/gcc/x86_64-linux-gnu/12/../../../../include/x86_64-linux-gnu/c++/12/bits/c++config.h:96:19: note: expanded from macro '_GLIBCXX_DEPRECATED_SUGGEST'
  __attribute__ ((__deprecated__ ("use '" ALT "' instead")))
                  ^
1 warning generated.
flexe/application/MLApp.cc
flexe/application/MLEntropyApp.cc
flexe/proto/flexe.grpc.pb.cc
flexe/proto/flexe.pb.cc
Creating shared library: ../out/clang-release/src/libflexe.so
echo /home/flexe/Flexe
/home/flexe/Flexe
/home/flexe/.conan/data/protobuf/3.17.1/_/_/package/53f76f058631e1c3a500008c75af3f37d7786131/bin/protoc --proto_path /home/flexe/Flexe /home/flexe/Flexe/flexe.proto --cpp_out /home/flexe/Flexe/src/flexe/proto/ 
/home/flexe/.conan/data/protobuf/3.17.1/_/_/package/53f76f058631e1c3a500008c75af3f37d7786131/bin/protoc --proto_path /home/flexe/Flexe --grpc_out=/home/flexe/Flexe/src/flexe/proto/ --plugin=protoc-gen-grpc=/home/flexe/.conan/data/grpc/1.38.1/_/_/package/44ecaec4536223f790dd5e0a72b2d16b1dfaa76c/bin/grpc_cpp_plugin /home/flexe/Flexe/flexe.proto
make[1]: Leaving directory '/home/flexe/Flexe/src'
17:16:09 **** Incremental Build of configuration gcc-release for project veins ****
make MODE=release -j8 all 
make[1]: Entering directory '/home/flexe/veins-veins-5.2/src'
make[1]: Nothing to be done for 'all'.
make[1]: Leaving directory '/home/flexe/veins-veins-5.2/src'
17:16:10 **** Incremental Build of configuration release for project flexe ****
make MODE=release all 
cd src && make
make[1]: Entering directory '/home/flexe/Flexe/src'
flexe/application/FedLimRSU11p.cc
flexe/application/FedSETRANDOMRSU11p.cc
flexe/application/FedSETRANDOMRSU11p.cc:222:18: warning: 'random_shuffle<__gnu_cxx::__normal_iterator<int *, std::vector<int>>>' is deprecated: use 'std::shuffle' instead [-Wdeprecated-declarations]
            std::random_shuffle(std::begin(connectedClientsVector), std::end(connectedClientsVector));
                 ^
/usr/bin/../lib/gcc/x86_64-linux-gnu/12/../../../../include/c++/12/bits/stl_algo.h:4539:5: note: 'random_shuffle<__gnu_cxx::__normal_iterator<int *, std::vector<int>>>' has been explicitly marked deprecated here
    _GLIBCXX14_DEPRECATED_SUGGEST("std::shuffle")
    ^
/usr/bin/../lib/gcc/x86_64-linux-gnu/12/../../../../include/x86_64-linux-gnu/c++/12/bits/c++config.h:112:45: note: expanded from macro '_GLIBCXX14_DEPRECATED_SUGGEST'
# define _GLIBCXX14_DEPRECATED_SUGGEST(ALT) _GLIBCXX_DEPRECATED_SUGGEST(ALT)
                                            ^
/usr/bin/../lib/gcc/x86_64-linux-gnu/12/../../../../include/x86_64-linux-gnu/c++/12/bits/c++config.h:96:19: note: expanded from macro '_GLIBCXX_DEPRECATED_SUGGEST'
  __attribute__ ((__deprecated__ ("use '" ALT "' instead")))
                  ^
1 warning generated.
flexe/application/MLApp.cc
flexe/application/MLEntropyApp.cc
flexe/proto/flexe.grpc.pb.cc
flexe/proto/flexe.pb.cc
Creating shared library: ../out/clang-release/src/libflexe.so
echo /home/flexe/Flexe
/home/flexe/Flexe
/home/flexe/.conan/data/protobuf/3.17.1/_/_/package/53f76f058631e1c3a500008c75af3f37d7786131/bin/protoc --proto_path /home/flexe/Flexe /home/flexe/Flexe/flexe.proto --cpp_out /home/flexe/Flexe/src/flexe/proto/ 
/home/flexe/.conan/data/protobuf/3.17.1/_/_/package/53f76f058631e1c3a500008c75af3f37d7786131/bin/protoc --proto_path /home/flexe/Flexe --grpc_out=/home/flexe/Flexe/src/flexe/proto/ --plugin=protoc-gen-grpc=/home/flexe/.conan/data/grpc/1.38.1/_/_/package/44ecaec4536223f790dd5e0a72b2d16b1dfaa76c/bin/grpc_cpp_plugin /home/flexe/Flexe/flexe.proto
make[1]: Leaving directory '/home/flexe/Flexe/src'
01:47:47 **** Incremental Build of configuration gcc-release for project veins ****
make MODE=release -j8 all 
make[1]: Entering directory '/home/flexe/veins-veins-5.2/src'
make[1]: Nothing to be done for 'all'.
make[1]: Leaving directory '/home/flexe/veins-veins-5.2/src'
01:47:49 **** Incremental Build of configuration release for project flexe ****
make MODE=release all 
cd src && make
make[1]: Entering directory '/home/flexe/Flexe/src'
flexe/application/FedLimRSU11p.cc
flexe/application/FedSETRANDOMRSU11p.cc
flexe/application/FedSETRANDOMRSU11p.cc:222:18: warning: 'random_shuffle<__gnu_cxx::__normal_iterator<int *, std::vector<int>>>' is deprecated: use 'std::shuffle' instead [-Wdeprecated-declarations]
            std::random_shuffle(std::begin(connectedClientsVector), std::end(connectedClientsVector));
                 ^
/usr/bin/../lib/gcc/x86_64-linux-gnu/12/../../../../include/c++/12/bits/stl_algo.h:4539:5: note: 'random_shuffle<__gnu_cxx::__normal_iterator<int *, std::vector<int>>>' has been explicitly marked deprecated here
    _GLIBCXX14_DEPRECATED_SUGGEST("std::shuffle")
    ^
/usr/bin/../lib/gcc/x86_64-linux-gnu/12/../../../../include/x86_64-linux-gnu/c++/12/bits/c++config.h:112:45: note: expanded from macro '_GLIBCXX14_DEPRECATED_SUGGEST'
# define _GLIBCXX14_DEPRECATED_SUGGEST(ALT) _GLIBCXX_DEPRECATED_SUGGEST(ALT)
                                            ^
/usr/bin/../lib/gcc/x86_64-linux-gnu/12/../../../../include/x86_64-linux-gnu/c++/12/bits/c++config.h:96:19: note: expanded from macro '_GLIBCXX_DEPRECATED_SUGGEST'
  __attribute__ ((__deprecated__ ("use '" ALT "' instead")))
                  ^
1 warning generated.
flexe/application/MLApp.cc
flexe/application/MLEntropyApp.cc
flexe/proto/flexe.grpc.pb.cc
flexe/proto/flexe.pb.cc
Creating shared library: ../out/clang-release/src/libflexe.so
echo /home/flexe/Flexe
/home/flexe/Flexe
/home/flexe/.conan/data/protobuf/3.17.1/_/_/package/53f76f058631e1c3a500008c75af3f37d7786131/bin/protoc --proto_path /home/flexe/Flexe /home/flexe/Flexe/flexe.proto --cpp_out /home/flexe/Flexe/src/flexe/proto/ 
/home/flexe/.conan/data/protobuf/3.17.1/_/_/package/53f76f058631e1c3a500008c75af3f37d7786131/bin/protoc --proto_path /home/flexe/Flexe --grpc_out=/home/flexe/Flexe/src/flexe/proto/ --plugin=protoc-gen-grpc=/home/flexe/.conan/data/grpc/1.38.1/_/_/package/44ecaec4536223f790dd5e0a72b2d16b1dfaa76c/bin/grpc_cpp_plugin /home/flexe/Flexe/flexe.proto
make[1]: Leaving directory '/home/flexe/Flexe/src'
02:33:58 **** Incremental Build of configuration gcc-release for project veins ****
make MODE=release -j8 all 
make[1]: Entering directory '/home/flexe/veins-veins-5.2/src'
make[1]: Nothing to be done for 'all'.
make[1]: Leaving directory '/home/flexe/veins-veins-5.2/src'
02:33:59 **** Incremental Build of configuration release for project flexe ****
make MODE=release all 
cd src && make
make[1]: Entering directory '/home/flexe/Flexe/src'
flexe/application/FedLimRSU11p.cc
flexe/application/FedLimRSU11p.cc:380:17: error: use of undeclared identifier 'latencyScore'
                latencyScore =
                ^
flexe/application/FedLimRSU11p.cc:387:17: error: use of undeclared identifier 'latencyScore'
                latencyScore = 1.0;
                ^
flexe/application/FedLimRSU11p.cc:393:24: error: use of undeclared identifier 'latencyScore'
                0.25 * latencyScore;
                       ^
flexe/application/FedLimRSU11p.cc:407:36: error: use of undeclared identifier 'latencyScore'
                    std::to_string(latencyScore) +
                                   ^
4 errors generated.
make[1]: Leaving directory '/home/flexe/Flexe/src'
make[1]: *** [Makefile:128: ../out/clang-release/src/flexe/application/FedLimRSU11p.o] Error 1
make: *** [Makefile:2: all] Error 2
"make MODE=release all" terminated with exit code 2. Build might be incomplete.
02:42:05 **** Incremental Build of configuration gcc-release for project veins ****
make MODE=release -j8 all 
make[1]: Entering directory '/home/flexe/veins-veins-5.2/src'
make[1]: Nothing to be done for 'all'.
make[1]: Leaving directory '/home/flexe/veins-veins-5.2/src'
02:42:06 **** Incremental Build of configuration release for project flexe ****
make MODE=release all 
cd src && make
make[1]: Entering directory '/home/flexe/Flexe/src'
flexe/application/FedLimRSU11p.cc
flexe/application/FedSETRANDOMRSU11p.cc
flexe/application/FedSETRANDOMRSU11p.cc:222:18: warning: 'random_shuffle<__gnu_cxx::__normal_iterator<int *, std::vector<int>>>' is deprecated: use 'std::shuffle' instead [-Wdeprecated-declarations]
            std::random_shuffle(std::begin(connectedClientsVector), std::end(connectedClientsVector));
                 ^
/usr/bin/../lib/gcc/x86_64-linux-gnu/12/../../../../include/c++/12/bits/stl_algo.h:4539:5: note: 'random_shuffle<__gnu_cxx::__normal_iterator<int *, std::vector<int>>>' has been explicitly marked deprecated here
    _GLIBCXX14_DEPRECATED_SUGGEST("std::shuffle")
    ^
/usr/bin/../lib/gcc/x86_64-linux-gnu/12/../../../../include/x86_64-linux-gnu/c++/12/bits/c++config.h:112:45: note: expanded from macro '_GLIBCXX14_DEPRECATED_SUGGEST'
# define _GLIBCXX14_DEPRECATED_SUGGEST(ALT) _GLIBCXX_DEPRECATED_SUGGEST(ALT)
                                            ^
/usr/bin/../lib/gcc/x86_64-linux-gnu/12/../../../../include/x86_64-linux-gnu/c++/12/bits/c++config.h:96:19: note: expanded from macro '_GLIBCXX_DEPRECATED_SUGGEST'
  __attribute__ ((__deprecated__ ("use '" ALT "' instead")))
                  ^
1 warning generated.
flexe/application/MLApp.cc
flexe/application/MLEntropyApp.cc
flexe/proto/flexe.grpc.pb.cc
flexe/proto/flexe.pb.cc
Creating shared library: ../out/clang-release/src/libflexe.so
echo /home/flexe/Flexe
/home/flexe/Flexe
/home/flexe/.conan/data/protobuf/3.17.1/_/_/package/53f76f058631e1c3a500008c75af3f37d7786131/bin/protoc --proto_path /home/flexe/Flexe /home/flexe/Flexe/flexe.proto --cpp_out /home/flexe/Flexe/src/flexe/proto/ 
/home/flexe/.conan/data/protobuf/3.17.1/_/_/package/53f76f058631e1c3a500008c75af3f37d7786131/bin/protoc --proto_path /home/flexe/Flexe --grpc_out=/home/flexe/Flexe/src/flexe/proto/ --plugin=protoc-gen-grpc=/home/flexe/.conan/data/grpc/1.38.1/_/_/package/44ecaec4536223f790dd5e0a72b2d16b1dfaa76c/bin/grpc_cpp_plugin /home/flexe/Flexe/flexe.proto
make[1]: Leaving directory '/home/flexe/Flexe/src'
02:46:28 **** Incremental Build of configuration gcc-release for project veins ****
make MODE=release -j8 all 
make[1]: Entering directory '/home/flexe/veins-veins-5.2/src'
make[1]: Nothing to be done for 'all'.
make[1]: Leaving directory '/home/flexe/veins-veins-5.2/src'
02:46:29 **** Incremental Build of configuration release for project flexe ****
make MODE=release all 
cd src && make
make[1]: Entering directory '/home/flexe/Flexe/src'
flexe/application/FedLimRSU11p.cc
flexe/application/FedSETRANDOMRSU11p.cc
flexe/application/FedSETRANDOMRSU11p.cc:222:18: warning: 'random_shuffle<__gnu_cxx::__normal_iterator<int *, std::vector<int>>>' is deprecated: use 'std::shuffle' instead [-Wdeprecated-declarations]
            std::random_shuffle(std::begin(connectedClientsVector), std::end(connectedClientsVector));
                 ^
/usr/bin/../lib/gcc/x86_64-linux-gnu/12/../../../../include/c++/12/bits/stl_algo.h:4539:5: note: 'random_shuffle<__gnu_cxx::__normal_iterator<int *, std::vector<int>>>' has been explicitly marked deprecated here
    _GLIBCXX14_DEPRECATED_SUGGEST("std::shuffle")
    ^
/usr/bin/../lib/gcc/x86_64-linux-gnu/12/../../../../include/x86_64-linux-gnu/c++/12/bits/c++config.h:112:45: note: expanded from macro '_GLIBCXX14_DEPRECATED_SUGGEST'
# define _GLIBCXX14_DEPRECATED_SUGGEST(ALT) _GLIBCXX_DEPRECATED_SUGGEST(ALT)
                                            ^
/usr/bin/../lib/gcc/x86_64-linux-gnu/12/../../../../include/x86_64-linux-gnu/c++/12/bits/c++config.h:96:19: note: expanded from macro '_GLIBCXX_DEPRECATED_SUGGEST'
  __attribute__ ((__deprecated__ ("use '" ALT "' instead")))
                  ^
1 warning generated.
flexe/application/MLApp.cc
flexe/application/MLEntropyApp.cc
flexe/proto/flexe.grpc.pb.cc
flexe/proto/flexe.pb.cc
Creating shared library: ../out/clang-release/src/libflexe.so
echo /home/flexe/Flexe
/home/flexe/Flexe
/home/flexe/.conan/data/protobuf/3.17.1/_/_/package/53f76f058631e1c3a500008c75af3f37d7786131/bin/protoc --proto_path /home/flexe/Flexe /home/flexe/Flexe/flexe.proto --cpp_out /home/flexe/Flexe/src/flexe/proto/ 
/home/flexe/.conan/data/protobuf/3.17.1/_/_/package/53f76f058631e1c3a500008c75af3f37d7786131/bin/protoc --proto_path /home/flexe/Flexe --grpc_out=/home/flexe/Flexe/src/flexe/proto/ --plugin=protoc-gen-grpc=/home/flexe/.conan/data/grpc/1.38.1/_/_/package/44ecaec4536223f790dd5e0a72b2d16b1dfaa76c/bin/grpc_cpp_plugin /home/flexe/Flexe/flexe.proto
make[1]: Leaving directory '/home/flexe/Flexe/src'
02:48:21 **** Incremental Build of configuration gcc-release for project veins ****
make MODE=release -j8 all 
make[1]: Entering directory '/home/flexe/veins-veins-5.2/src'
make[1]: Nothing to be done for 'all'.
make[1]: Leaving directory '/home/flexe/veins-veins-5.2/src'
02:48:22 **** Incremental Build of configuration release for project flexe ****
make MODE=release all 
cd src && make
make[1]: Entering directory '/home/flexe/Flexe/src'
flexe/application/FedLimRSU11p.cc
flexe/application/FedSETRANDOMRSU11p.cc
flexe/application/FedSETRANDOMRSU11p.cc:222:18: warning: 'random_shuffle<__gnu_cxx::__normal_iterator<int *, std::vector<int>>>' is deprecated: use 'std::shuffle' instead [-Wdeprecated-declarations]
            std::random_shuffle(std::begin(connectedClientsVector), std::end(connectedClientsVector));
                 ^
/usr/bin/../lib/gcc/x86_64-linux-gnu/12/../../../../include/c++/12/bits/stl_algo.h:4539:5: note: 'random_shuffle<__gnu_cxx::__normal_iterator<int *, std::vector<int>>>' has been explicitly marked deprecated here
    _GLIBCXX14_DEPRECATED_SUGGEST("std::shuffle")
    ^
/usr/bin/../lib/gcc/x86_64-linux-gnu/12/../../../../include/x86_64-linux-gnu/c++/12/bits/c++config.h:112:45: note: expanded from macro '_GLIBCXX14_DEPRECATED_SUGGEST'
# define _GLIBCXX14_DEPRECATED_SUGGEST(ALT) _GLIBCXX_DEPRECATED_SUGGEST(ALT)
                                            ^
/usr/bin/../lib/gcc/x86_64-linux-gnu/12/../../../../include/x86_64-linux-gnu/c++/12/bits/c++config.h:96:19: note: expanded from macro '_GLIBCXX_DEPRECATED_SUGGEST'
  __attribute__ ((__deprecated__ ("use '" ALT "' instead")))
                  ^
1 warning generated.
flexe/application/MLApp.cc
flexe/application/MLEntropyApp.cc
flexe/proto/flexe.grpc.pb.cc
flexe/proto/flexe.pb.cc
Creating shared library: ../out/clang-release/src/libflexe.so
echo /home/flexe/Flexe
/home/flexe/Flexe
/home/flexe/.conan/data/protobuf/3.17.1/_/_/package/53f76f058631e1c3a500008c75af3f37d7786131/bin/protoc --proto_path /home/flexe/Flexe /home/flexe/Flexe/flexe.proto --cpp_out /home/flexe/Flexe/src/flexe/proto/ 
/home/flexe/.conan/data/protobuf/3.17.1/_/_/package/53f76f058631e1c3a500008c75af3f37d7786131/bin/protoc --proto_path /home/flexe/Flexe --grpc_out=/home/flexe/Flexe/src/flexe/proto/ --plugin=protoc-gen-grpc=/home/flexe/.conan/data/grpc/1.38.1/_/_/package/44ecaec4536223f790dd5e0a72b2d16b1dfaa76c/bin/grpc_cpp_plugin /home/flexe/Flexe/flexe.proto
make[1]: Leaving directory '/home/flexe/Flexe/src'
